filename,image_path,label,class_idx,md5,title,motif_source,technique,layout_pattern,composition,color_style,weavability_note,cultural_context,prompt
flora/F-001-flora_11.jpg,D:\DISERTASI_S3\WIWIK\DATASET_L2\EndekGAN\EndekGAN_Dataset\flora\F-001-flora_11.jpg,flora,0,d060f68c7ac39889c68a5399e762a9f7,Motif Endek Flora berbasis bunga kamboja sebagai simbol kesucian,bunga kamboja sebagai simbol kesucian,distorsi,pola acak terkontrol,keseimbangan visual; kesatuan ornamen; kesatuan ornamen,"warna coklat, krem, dan emas bernuansa tradisional",mempertahankan karakter tekstur tenun ikat tradisional,menjaga kesakralan dan kepantasan motif,"Motif Endek Flora berbasis bunga kamboja sebagai simbol kesucian. Desain kain Endek Bali bertema flora yang terinspirasi dari bunga kamboja sebagai simbol kesucian. Motif dibuat menggunakan teknik distorsi, yaitu perubahan bentuk dengan penekanan atau pelebaran proporsi untuk menghasilkan karakter visual yang lebih ekspresif. Tata letak menggunakan pola acak terkontrol, dengan keseimbangan visual, kesatuan ornamen, dan kesatuan ornamen. Pewarnaan memakai warna coklat, krem, dan emas bernuansa tradisional. Desain harus mempertahankan karakter tekstur tenun ikat tradisional, tetap mempertahankan tekstur tenun ikat tradisional, dan menjaga kesakralan dan kepantasan motif."
flora/F-002-flora_15.jpg,D:\DISERTASI_S3\WIWIK\DATASET_L2\EndekGAN\EndekGAN_Dataset\flora\F-002-flora_15.jpg,flora,0,43e1370b656f35738ffbe2ebfb856692,Motif Endek Flora berbasis daun dan sulur tanaman tropis Bali,daun dan sulur tanaman tropis Bali,distorsi,pola tunggal,kesatuan ornamen; klimaks visual yang jelas; kesatuan ornamen,warna merah dan emas yang kontras,layak diterapkan pada proses ikat tenun Endek,"mengutamakan nilai estetika, fungsi, dan identitas lokal Endek Bali","Motif Endek Flora berbasis daun dan sulur tanaman tropis Bali. Desain kain Endek Bali bertema flora yang terinspirasi dari daun dan sulur tanaman tropis Bali. Motif dibuat menggunakan teknik distorsi, yaitu perubahan bentuk dengan penekanan atau pelebaran proporsi untuk menghasilkan karakter visual yang lebih ekspresif. Tata letak menggunakan pola tunggal, dengan kesatuan ornamen, klimaks visual yang jelas, dan kesatuan ornamen. Pewarnaan memakai warna merah dan emas yang kontras. Desain harus layak diterapkan pada proses ikat tenun Endek, tetap mempertahankan tekstur tenun ikat tradisional, dan mengutamakan nilai estetika, fungsi, dan identitas lokal Endek Bali."
flora/F-003-flora_1.jpg,D:\DISERTASI_S3\WIWIK\DATASET_L2\EndekGAN\EndekGAN_Dataset\flora\F-003-flora_1.jpg,flora,0,4166f14983607b59e0a05cc862f37f2b,Motif Endek Flora berbasis bunga teratai sebagai simbol keindahan dan keseimbangan,bunga teratai sebagai simbol keindahan dan keseimbangan,deformasi,pola acak terkontrol,klimaks visual yang jelas; keseimbangan visual; kesatuan ornamen,"warna coklat, krem, dan emas bernuansa tradisional",mempertahankan karakter tekstur tenun ikat tradisional,memadukan unsur lama dan unsur baru secara kreatif,"Motif Endek Flora berbasis bunga teratai sebagai simbol keindahan dan keseimbangan. Desain kain Endek Bali bertema flora yang terinspirasi dari bunga teratai sebagai simbol keindahan dan keseimbangan. Motif dibuat menggunakan teknik deformasi, yaitu penyederhanaan struktur dan proporsi bentuk asli menjadi bentuk baru yang lebih dekoratif. Tata letak menggunakan pola acak terkontrol, dengan klimaks visual yang jelas, keseimbangan visual, dan kesatuan ornamen. Pewarnaan memakai warna coklat, krem, dan emas bernuansa tradisional. Desain harus mempertahankan karakter tekstur tenun ikat tradisional, tetap mempertahankan tekstur tenun ikat tradisional, dan memadukan unsur lama dan unsur baru secara kreatif."
flora/F-004-flora_162.jpg,D:\DISERTASI_S3\WIWIK\DATASET_L2\EndekGAN\EndekGAN_Dataset\flora\F-004-flora_162.jpg,flora,0,f06550590320ad51ba11ba2296f56381,Motif Endek Flora berbasis bunga teratai sebagai simbol keindahan dan keseimbangan,bunga teratai sebagai simbol keindahan dan keseimbangan,distorsi,pola ulang himpunan,kontras bentuk dan warna; irama repetitif; kesatuan ornamen,warna hijau dan kuning yang harmonis,motif tetap terbaca pada skala benang,digunakan dalam konteks budaya Bali,"Motif Endek Flora berbasis bunga teratai sebagai simbol keindahan dan keseimbangan. Desain kain Endek Bali bertema flora yang terinspirasi dari bunga teratai sebagai simbol keindahan dan keseimbangan. Motif dibuat menggunakan teknik distorsi, yaitu perubahan bentuk dengan penekanan atau pelebaran proporsi untuk menghasilkan karakter visual yang lebih ekspresif. Tata letak menggunakan pola ulang himpunan, dengan kontras bentuk dan warna, irama repetitif, dan kesatuan ornamen. Pewarnaan memakai warna hijau dan kuning yang harmonis. Desain harus motif tetap terbaca pada skala benang, tetap mempertahankan tekstur tenun ikat tradisional, dan digunakan dalam konteks budaya Bali."
flora/F-005-flora_170.jpg,D:\DISERTASI_S3\WIWIK\DATASET_L2\EndekGAN\EndekGAN_Dataset\flora\F-005-flora_170.jpg,flora,0,b91c815799bd24eb86265482f27a4b2e,Motif Endek Flora berbasis bunga teratai sebagai simbol keindahan dan keseimbangan,bunga teratai sebagai simbol keindahan dan keseimbangan,stilasi,pola acak terkontrol,irama repetitif; keseimbangan visual; kesatuan ornamen,"warna coklat, krem, dan emas bernuansa tradisional","mempertimbangkan jarak antar ikatan minimal 0,5 cm agar warna celupan dapat masuk",memadukan unsur lama dan unsur baru secara kreatif,"Motif Endek Flora berbasis bunga teratai sebagai simbol keindahan dan keseimbangan. Desain kain Endek Bali bertema flora yang terinspirasi dari bunga teratai sebagai simbol keindahan dan keseimbangan. Motif dibuat menggunakan teknik stilasi, yaitu penggayaan bentuk asli menjadi ornamen dekoratif dengan tetap mempertahankan ciri utama objek sumber. Tata letak menggunakan pola acak terkontrol, dengan irama repetitif, keseimbangan visual, dan kesatuan ornamen. Pewarnaan memakai warna coklat, krem, dan emas bernuansa tradisional. Desain harus mempertimbangkan jarak antar ikatan minimal 0,5 cm agar warna celupan dapat masuk, tetap mempertahankan tekstur tenun ikat tradisional, dan memadukan unsur lama dan unsur baru secara kreatif."
flora/F-006-flora_169.jpg,D:\DISERTASI_S3\WIWIK\DATASET_L2\EndekGAN\EndekGAN_Dataset\flora\F-006-flora_169.jpg,flora,0,3bb1a5129aac4c08dd6b8d2f1084ccb7,Motif Endek Flora berbasis motif bunga lokal dengan kelopak berulang,motif bunga lokal dengan kelopak berulang,distorsi,pola ulang menyeluruh,keseimbangan visual; klimaks visual yang jelas; kesatuan ornamen,warna hijau dan kuning yang harmonis,layak diterapkan pada proses ikat tenun Endek,menjaga kesakralan dan kepantasan motif,"Motif Endek Flora berbasis motif bunga lokal dengan kelopak berulang. Desain kain Endek Bali bertema flora yang terinspirasi dari motif bunga lokal dengan kelopak berulang. Motif dibuat menggunakan teknik distorsi, yaitu perubahan bentuk dengan penekanan atau pelebaran proporsi untuk menghasilkan karakter visual yang lebih ekspresif. Tata letak menggunakan pola ulang menyeluruh, dengan keseimbangan visual, klimaks visual yang jelas, dan kesatuan ornamen. Pewarnaan memakai warna hijau dan kuning yang harmonis. Desain harus layak diterapkan pada proses ikat tenun Endek, tetap mempertahankan tekstur tenun ikat tradisional, dan menjaga kesakralan dan kepantasan motif."
flora/F-007-flora_167.jpg,D:\DISERTASI_S3\WIWIK\DATASET_L2\EndekGAN\EndekGAN_Dataset\flora\F-007-flora_167.jpg,flora,0,534c2f2122f5d5afc5b00a439aa4a9f5,Motif Endek Flora berbasis daun dan sulur tanaman tropis Bali,daun dan sulur tanaman tropis Bali,deformasi,pola ulang himpunan,kontras bentuk dan warna; klimaks visual yang jelas; kesatuan ornamen,"warna coklat, krem, dan emas bernuansa tradisional",motif tetap terbaca pada skala benang,"mengutamakan nilai estetika, fungsi, dan identitas lokal Endek Bali","Motif Endek Flora berbasis daun dan sulur tanaman tropis Bali. Desain kain Endek Bali bertema flora yang terinspirasi dari daun dan sulur tanaman tropis Bali. Motif dibuat menggunakan teknik deformasi, yaitu penyederhanaan struktur dan proporsi bentuk asli menjadi bentuk baru yang lebih dekoratif. Tata letak menggunakan pola ulang himpunan, dengan kontras bentuk dan warna, klimaks visual yang jelas, dan kesatuan ornamen. Pewarnaan memakai warna coklat, krem, dan emas bernuansa tradisional. Desain harus motif tetap terbaca pada skala benang, tetap mempertahankan tekstur tenun ikat tradisional, dan mengutamakan nilai estetika, fungsi, dan identitas lokal Endek Bali."
flora/F-008-flora_161.jpg,D:\DISERTASI_S3\WIWIK\DATASET_L2\EndekGAN\EndekGAN_Dataset\flora\F-008-flora_161.jpg,flora,0,b3b08bfae8667bbd60d512d926e3c592,Motif Endek Flora berbasis motif bunga lokal dengan kelopak berulang,motif bunga lokal dengan kelopak berulang,deformasi,pola ulang himpunan,keseimbangan visual; kesatuan ornamen; kesatuan ornamen,warna hijau dan kuning yang harmonis,layak diterapkan pada proses ikat tenun Endek,"mengutamakan nilai estetika, fungsi, dan identitas lokal Endek Bali","Motif Endek Flora berbasis motif bunga lokal dengan kelopak berulang. Desain kain Endek Bali bertema flora yang terinspirasi dari motif bunga lokal dengan kelopak berulang. Motif dibuat menggunakan teknik deformasi, yaitu penyederhanaan struktur dan proporsi bentuk asli menjadi bentuk baru yang lebih dekoratif. Tata letak menggunakan pola ulang himpunan, dengan keseimbangan visual, kesatuan ornamen, dan kesatuan ornamen. Pewarnaan memakai warna hijau dan kuning yang harmonis. Desain harus layak diterapkan pada proses ikat tenun Endek, tetap mempertahankan tekstur tenun ikat tradisional, dan mengutamakan nilai estetika, fungsi, dan identitas lokal Endek Bali."
flora/F-009-flora_164.jpg,D:\DISERTASI_S3\WIWIK\DATASET_L2\EndekGAN\EndekGAN_Dataset\flora\F-009-flora_164.jpg,flora,0,a4565628326ddf35a3243edfeca97b71,Motif Endek Flora berbasis bunga kamboja sebagai simbol kesucian,bunga kamboja sebagai simbol kesucian,deformasi,pola ulang himpunan,keseimbangan visual; irama repetitif; kesatuan ornamen,"warna coklat, krem, dan emas bernuansa tradisional",struktur ornamen tidak terlalu rapat sehingga dapat diendekkan,menjaga kesakralan dan kepantasan motif,"Motif Endek Flora berbasis bunga kamboja sebagai simbol kesucian. Desain kain Endek Bali bertema flora yang terinspirasi dari bunga kamboja sebagai simbol kesucian. Motif dibuat menggunakan teknik deformasi, yaitu penyederhanaan struktur dan proporsi bentuk asli menjadi bentuk baru yang lebih dekoratif. Tata letak menggunakan pola ulang himpunan, dengan keseimbangan visual, irama repetitif, dan kesatuan ornamen. Pewarnaan memakai warna coklat, krem, dan emas bernuansa tradisional. Desain harus struktur ornamen tidak terlalu rapat sehingga dapat diendekkan, tetap mempertahankan tekstur tenun ikat tradisional, dan menjaga kesakralan dan kepantasan motif."
flora/F-010-flora_166 (1).jpg,D:\DISERTASI_S3\WIWIK\DATASET_L2\EndekGAN\EndekGAN_Dataset\flora\F-010-flora_166 (1).jpg,flora,0,44c8d55664407374cc91cdd16098e831,Motif Endek Flora berbasis bunga kamboja sebagai simbol kesucian,bunga kamboja sebagai simbol kesucian,stilasi,pola ulang menyeluruh,proporsi seimbang; irama repetitif; kesatuan ornamen,warna merah dan emas yang kontras,"mempertimbangkan jarak antar ikatan minimal 0,5 cm agar warna celupan dapat masuk","mengutamakan nilai estetika, fungsi, dan identitas lokal Endek Bali","Motif Endek Flora berbasis bunga kamboja sebagai simbol kesucian. Desain kain Endek Bali bertema flora yang terinspirasi dari bunga kamboja sebagai simbol kesucian. Motif dibuat menggunakan teknik stilasi, yaitu penggayaan bentuk asli menjadi ornamen dekoratif dengan tetap mempertahankan ciri utama objek sumber. Tata letak menggunakan pola ulang menyeluruh, dengan proporsi seimbang, irama repetitif, dan kesatuan ornamen. Pewarnaan memakai warna merah dan emas yang kontras. Desain harus mempertimbangkan jarak antar ikatan minimal 0,5 cm agar warna celupan dapat masuk, tetap mempertahankan tekstur tenun ikat tradisional, dan mengutamakan nilai estetika, fungsi, dan identitas lokal Endek Bali."
flora/F-011-flora_168.jpg,D:\DISERTASI_S3\WIWIK\DATASET_L2\EndekGAN\EndekGAN_Dataset\flora\F-011-flora_168.jpg,flora,0,0c0e0cfef9930539301a21064c5f6da3,Motif Endek Flora berbasis bunga kamboja sebagai simbol kesucian,bunga kamboja sebagai simbol kesucian,stilasi,pola tunggal,kontras bentuk dan warna; kontras bentuk dan warna; kesatuan ornamen,warna cerah khas kain upacara Bali,layak diterapkan pada proses ikat tenun Endek,memadukan unsur lama dan unsur baru secara kreatif,"Motif Endek Flora berbasis bunga kamboja sebagai simbol kesucian. Desain kain Endek Bali bertema flora yang terinspirasi dari bunga kamboja sebagai simbol kesucian. Motif dibuat menggunakan teknik stilasi, yaitu penggayaan bentuk asli menjadi ornamen dekoratif dengan tetap mempertahankan ciri utama objek sumber. Tata letak menggunakan pola tunggal, dengan kontras bentuk dan warna, kontras bentuk dan warna, dan kesatuan ornamen. Pewarnaan memakai warna cerah khas kain upacara Bali. Desain harus layak diterapkan pada proses ikat tenun Endek, tetap mempertahankan tekstur tenun ikat tradisional, dan memadukan unsur lama dan unsur baru secara kreatif."
flora/F-012-flora_165.jpg,D:\DISERTASI_S3\WIWIK\DATASET_L2\EndekGAN\EndekGAN_Dataset\flora\F-012-flora_165.jpg,flora,0,01730d89862b4654fd9c1f8ff1a047b6,Motif Endek Flora berbasis motif bunga lokal dengan kelopak berulang,motif bunga lokal dengan kelopak berulang,deformasi,pola ulang himpunan,irama repetitif; kesatuan ornamen; kesatuan ornamen,warna hijau dan kuning yang harmonis,struktur ornamen tidak terlalu rapat sehingga dapat diendekkan,memadukan unsur lama dan unsur baru secara kreatif,"Motif Endek Flora berbasis motif bunga lokal dengan kelopak berulang. Desain kain Endek Bali bertema flora yang terinspirasi dari motif bunga lokal dengan kelopak berulang. Motif dibuat menggunakan teknik deformasi, yaitu penyederhanaan struktur dan proporsi bentuk asli menjadi bentuk baru yang lebih dekoratif. Tata letak menggunakan pola ulang himpunan, dengan irama repetitif, kesatuan ornamen, dan kesatuan ornamen. Pewarnaan memakai warna hijau dan kuning yang harmonis. Desain harus struktur ornamen tidak terlalu rapat sehingga dapat diendekkan, tetap mempertahankan tekstur tenun ikat tradisional, dan memadukan unsur lama dan unsur baru secara kreatif."
flora/F-013-flora_123.jpg,D:\DISERTASI_S3\WIWIK\DATASET_L2\EndekGAN\EndekGAN_Dataset\flora\F-013-flora_123.jpg,flora,0,7e638bb4f664a2c0d7fed94cc9dda79c,Motif Endek Flora berbasis bunga teratai sebagai simbol keindahan dan keseimbangan,bunga teratai sebagai simbol keindahan dan keseimbangan,stilasi,pola ulang himpunan,kesatuan ornamen; proporsi seimbang; kesatuan ornamen,warna cerah khas kain upacara Bali,struktur ornamen tidak terlalu rapat sehingga dapat diendekkan,menjaga kesakralan dan kepantasan motif,"Motif Endek Flora berbasis bunga teratai sebagai simbol keindahan dan keseimbangan. Desain kain Endek Bali bertema flora yang terinspirasi dari bunga teratai sebagai simbol keindahan dan keseimbangan. Motif dibuat menggunakan teknik stilasi, yaitu penggayaan bentuk asli menjadi ornamen dekoratif dengan tetap mempertahankan ciri utama objek sumber. Tata letak menggunakan pola ulang himpunan, dengan kesatuan ornamen, proporsi seimbang, dan kesatuan ornamen. Pewarnaan memakai warna cerah khas kain upacara Bali. Desain harus struktur ornamen tidak terlalu rapat sehingga dapat diendekkan, tetap mempertahankan tekstur tenun ikat tradisional, dan menjaga kesakralan dan kepantasan motif."
flora/F-014flora_130.jpg,D:\DISERTASI_S3\WIWIK\DATASET_L2\EndekGAN\EndekGAN_Dataset\flora\F-014flora_130.jpg,flora,0,383cdc706c6dcdfafec8b8e66b2b79eb,Motif Endek Flora berbasis bunga teratai sebagai simbol keindahan dan keseimbangan,bunga teratai sebagai simbol keindahan dan keseimbangan,distorsi,pola tunggal,keseimbangan visual; keseimbangan visual; kesatuan ornamen,warna hijau dan kuning yang harmonis,struktur ornamen tidak terlalu rapat sehingga dapat diendekkan,memadukan unsur lama dan unsur baru secara kreatif,"Motif Endek Flora berbasis bunga teratai sebagai simbol keindahan dan keseimbangan. Desain kain Endek Bali bertema flora yang terinspirasi dari bunga teratai sebagai simbol keindahan dan keseimbangan. Motif dibuat menggunakan teknik distorsi, yaitu perubahan bentuk dengan penekanan atau pelebaran proporsi untuk menghasilkan karakter visual yang lebih ekspresif. Tata letak menggunakan pola tunggal, dengan keseimbangan visual, keseimbangan visual, dan kesatuan ornamen. Pewarnaan memakai warna hijau dan kuning yang harmonis. Desain harus struktur ornamen tidak terlalu rapat sehingga dapat diendekkan, tetap mempertahankan tekstur tenun ikat tradisional, dan memadukan unsur lama dan unsur baru secara kreatif."
flora/F-015-flora_133.jpg,D:\DISERTASI_S3\WIWIK\DATASET_L2\EndekGAN\EndekGAN_Dataset\flora\F-015-flora_133.jpg,flora,0,48f475bd49acedfdd858d2ebd169a9ca,Motif Endek Flora berbasis motif bunga lokal dengan kelopak berulang,motif bunga lokal dengan kelopak berulang,deformasi,pola ulang menyeluruh,kontras bentuk dan warna; kesatuan ornamen; kesatuan ornamen,warna hijau dan kuning yang harmonis,struktur ornamen tidak terlalu rapat sehingga dapat diendekkan,memadukan unsur lama dan unsur baru secara kreatif,"Motif Endek Flora berbasis motif bunga lokal dengan kelopak berulang. Desain kain Endek Bali bertema flora yang terinspirasi dari motif bunga lokal dengan kelopak berulang. Motif dibuat menggunakan teknik deformasi, yaitu penyederhanaan struktur dan proporsi bentuk asli menjadi bentuk baru yang lebih dekoratif. Tata letak menggunakan pola ulang menyeluruh, dengan kontras bentuk dan warna, kesatuan ornamen, dan kesatuan ornamen. Pewarnaan memakai warna hijau dan kuning yang harmonis. Desain harus struktur ornamen tidak terlalu rapat sehingga dapat diendekkan, tetap mempertahankan tekstur tenun ikat tradisional, dan memadukan unsur lama dan unsur baru secara kreatif."
flora/F-016-flora_117.jpg,D:\DISERTASI_S3\WIWIK\DATASET_L2\EndekGAN\EndekGAN_Dataset\flora\F-016-flora_117.jpg,flora,0,1cab9b8f2844577f586a5467998d81cf,Motif Endek Flora berbasis bunga teratai sebagai simbol keindahan dan keseimbangan,bunga teratai sebagai simbol keindahan dan keseimbangan,deformasi,pola ulang himpunan,keseimbangan visual; proporsi seimbang; kesatuan ornamen,warna merah dan emas yang kontras,motif tetap terbaca pada skala benang,digunakan dalam konteks budaya Bali,"Motif Endek Flora berbasis bunga teratai sebagai simbol keindahan dan keseimbangan. Desain kain Endek Bali bertema flora yang terinspirasi dari bunga teratai sebagai simbol keindahan dan keseimbangan. Motif dibuat menggunakan teknik deformasi, yaitu penyederhanaan struktur dan proporsi bentuk asli menjadi bentuk baru yang lebih dekoratif. Tata letak menggunakan pola ulang himpunan, dengan keseimbangan visual, proporsi seimbang, dan kesatuan ornamen. Pewarnaan memakai warna merah dan emas yang kontras. Desain harus motif tetap terbaca pada skala benang, tetap mempertahankan tekstur tenun ikat tradisional, dan digunakan dalam konteks budaya Bali."
flora/F-017-flora_143.jpg,D:\DISERTASI_S3\WIWIK\DATASET_L2\EndekGAN\EndekGAN_Dataset\flora\F-017-flora_143.jpg,flora,0,3fcde3b44ffbedb8ea2b6a8ad972406f,Motif Endek Flora berbasis motif bunga lokal dengan kelopak berulang,motif bunga lokal dengan kelopak berulang,deformasi,pola ulang menyeluruh,keseimbangan visual; kontras bentuk dan warna; kesatuan ornamen,warna cerah khas kain upacara Bali,struktur ornamen tidak terlalu rapat sehingga dapat diendekkan,memadukan unsur lama dan unsur baru secara kreatif,"Motif Endek Flora berbasis motif bunga lokal dengan kelopak berulang. Desain kain Endek Bali bertema flora yang terinspirasi dari motif bunga lokal dengan kelopak berulang. Motif dibuat menggunakan teknik deformasi, yaitu penyederhanaan struktur dan proporsi bentuk asli menjadi bentuk baru yang lebih dekoratif. Tata letak menggunakan pola ulang menyeluruh, dengan keseimbangan visual, kontras bentuk dan warna, dan kesatuan ornamen. Pewarnaan memakai warna cerah khas kain upacara Bali. Desain harus struktur ornamen tidak terlalu rapat sehingga dapat diendekkan, tetap mempertahankan tekstur tenun ikat tradisional, dan memadukan unsur lama dan unsur baru secara kreatif."
flora/F-018-flora_122.jpg,D:\DISERTASI_S3\WIWIK\DATASET_L2\EndekGAN\EndekGAN_Dataset\flora\F-018-flora_122.jpg,flora,0,98767f4bc5db2c239776c2cbbe3f58a4,Motif Endek Flora berbasis motif bunga lokal dengan kelopak berulang,motif bunga lokal dengan kelopak berulang,stilasi,pola ulang himpunan,klimaks visual yang jelas; proporsi seimbang; kesatuan ornamen,warna merah dan emas yang kontras,layak diterapkan pada proses ikat tenun Endek,digunakan dalam konteks budaya Bali,"Motif Endek Flora berbasis motif bunga lokal dengan kelopak berulang. Desain kain Endek Bali bertema flora yang terinspirasi dari motif bunga lokal dengan kelopak berulang. Motif dibuat menggunakan teknik stilasi, yaitu penggayaan bentuk asli menjadi ornamen dekoratif dengan tetap mempertahankan ciri utama objek sumber. Tata letak menggunakan pola ulang himpunan, dengan klimaks visual yang jelas, proporsi seimbang, dan kesatuan ornamen. Pewarnaan memakai warna merah dan emas yang kontras. Desain harus layak diterapkan pada proses ikat tenun Endek, tetap mempertahankan tekstur tenun ikat tradisional, dan digunakan dalam konteks budaya Bali."
flora/F-019-flora_134.jpg,D:\DISERTASI_S3\WIWIK\DATASET_L2\EndekGAN\EndekGAN_Dataset\flora\F-019-flora_134.jpg,flora,0,3a7db0db86835c159a261c37c4acaf48,Motif Endek Flora berbasis bunga kamboja sebagai simbol kesucian,bunga kamboja sebagai simbol kesucian,deformasi,pola acak terkontrol,kontras bentuk dan warna; klimaks visual yang jelas; kesatuan ornamen,warna cerah khas kain upacara Bali,motif tetap terbaca pada skala benang,memadukan unsur lama dan unsur baru secara kreatif,"Motif Endek Flora berbasis bunga kamboja sebagai simbol kesucian. Desain kain Endek Bali bertema flora yang terinspirasi dari bunga kamboja sebagai simbol kesucian. Motif dibuat menggunakan teknik deformasi, yaitu penyederhanaan struktur dan proporsi bentuk asli menjadi bentuk baru yang lebih dekoratif. Tata letak menggunakan pola acak terkontrol, dengan kontras bentuk dan warna, klimaks visual yang jelas, dan kesatuan ornamen. Pewarnaan memakai warna cerah khas kain upacara Bali. Desain harus motif tetap terbaca pada skala benang, tetap mempertahankan tekstur tenun ikat tradisional, dan memadukan unsur lama dan unsur baru secara kreatif."
flora/F-020-flora_148.jpg,D:\DISERTASI_S3\WIWIK\DATASET_L2\EndekGAN\EndekGAN_Dataset\flora\F-020-flora_148.jpg,flora,0,14637825d1967c4aac6564755fdee8a0,Motif Endek Flora berbasis daun dan sulur tanaman tropis Bali,daun dan sulur tanaman tropis Bali,stilasi,pola acak terkontrol,proporsi seimbang; kesatuan ornamen; kesatuan ornamen,warna hijau dan kuning yang harmonis,struktur ornamen tidak terlalu rapat sehingga dapat diendekkan,digunakan dalam konteks budaya Bali,"Motif Endek Flora berbasis daun dan sulur tanaman tropis Bali. Desain kain Endek Bali bertema flora yang terinspirasi dari daun dan sulur tanaman tropis Bali. Motif dibuat menggunakan teknik stilasi, yaitu penggayaan bentuk asli menjadi ornamen dekoratif dengan tetap mempertahankan ciri utama objek sumber. Tata letak menggunakan pola acak terkontrol, dengan proporsi seimbang, kesatuan ornamen, dan kesatuan ornamen. Pewarnaan memakai warna hijau dan kuning yang harmonis. Desain harus struktur ornamen tidak terlalu rapat sehingga dapat diendekkan, tetap mempertahankan tekstur tenun ikat tradisional, dan digunakan dalam konteks budaya Bali."
flora/F-021-flora_154.jpg,D:\DISERTASI_S3\WIWIK\DATASET_L2\EndekGAN\EndekGAN_Dataset\flora\F-021-flora_154.jpg,flora,0,dce7b22b098f30edf0c598534109b9e3,Motif Endek Flora berbasis motif bunga lokal dengan kelopak berulang,motif bunga lokal dengan kelopak berulang,deformasi,pola ulang menyeluruh,proporsi seimbang; kontras bentuk dan warna; kesatuan ornamen,warna merah dan emas yang kontras,layak diterapkan pada proses ikat tenun Endek,"mengutamakan nilai estetika, fungsi, dan identitas lokal Endek Bali","Motif Endek Flora berbasis motif bunga lokal dengan kelopak berulang. Desain kain Endek Bali bertema flora yang terinspirasi dari motif bunga lokal dengan kelopak berulang. Motif dibuat menggunakan teknik deformasi, yaitu penyederhanaan struktur dan proporsi bentuk asli menjadi bentuk baru yang lebih dekoratif. Tata letak menggunakan pola ulang menyeluruh, dengan proporsi seimbang, kontras bentuk dan warna, dan kesatuan ornamen. Pewarnaan memakai warna merah dan emas yang kontras. Desain harus layak diterapkan pada proses ikat tenun Endek, tetap mempertahankan tekstur tenun ikat tradisional, dan mengutamakan nilai estetika, fungsi, dan identitas lokal Endek Bali."
flora/F-022-flora_155.jpg,D:\DISERTASI_S3\WIWIK\DATASET_L2\EndekGAN\EndekGAN_Dataset\flora\F-022-flora_155.jpg,flora,0,4ca5b2688dae473ca202fbdf6bc4629d,Motif Endek Flora berbasis bunga teratai sebagai simbol keindahan dan keseimbangan,bunga teratai sebagai simbol keindahan dan keseimbangan,stilasi,pola ulang himpunan,irama repetitif; klimaks visual yang jelas; kesatuan ornamen,"warna coklat, krem, dan emas bernuansa tradisional",mempertahankan karakter tekstur tenun ikat tradisional,"mengutamakan nilai estetika, fungsi, dan identitas lokal Endek Bali","Motif Endek Flora berbasis bunga teratai sebagai simbol keindahan dan keseimbangan. Desain kain Endek Bali bertema flora yang terinspirasi dari bunga teratai sebagai simbol keindahan dan keseimbangan. Motif dibuat menggunakan teknik stilasi, yaitu penggayaan bentuk asli menjadi ornamen dekoratif dengan tetap mempertahankan ciri utama objek sumber. Tata letak menggunakan pola ulang himpunan, dengan irama repetitif, klimaks visual yang jelas, dan kesatuan ornamen. Pewarnaan memakai warna coklat, krem, dan emas bernuansa tradisional. Desain harus mempertahankan karakter tekstur tenun ikat tradisional, tetap mempertahankan tekstur tenun ikat tradisional, dan mengutamakan nilai estetika, fungsi, dan identitas lokal Endek Bali."
flora/F-023-flora_131.jpg,D:\DISERTASI_S3\WIWIK\DATASET_L2\EndekGAN\EndekGAN_Dataset\flora\F-023-flora_131.jpg,flora,0,8e565e64e3b2ebac4622698eabe62b49,Motif Endek Flora berbasis bunga kamboja sebagai simbol kesucian,bunga kamboja sebagai simbol kesucian,deformasi,pola ulang menyeluruh,kesatuan ornamen; klimaks visual yang jelas; kesatuan ornamen,warna cerah khas kain upacara Bali,struktur ornamen tidak terlalu rapat sehingga dapat diendekkan,"mengutamakan nilai estetika, fungsi, dan identitas lokal Endek Bali","Motif Endek Flora berbasis bunga kamboja sebagai simbol kesucian. Desain kain Endek Bali bertema flora yang terinspirasi dari bunga kamboja sebagai simbol kesucian. Motif dibuat menggunakan teknik deformasi, yaitu penyederhanaan struktur dan proporsi bentuk asli menjadi bentuk baru yang lebih dekoratif. Tata letak menggunakan pola ulang menyeluruh, dengan kesatuan ornamen, klimaks visual yang jelas, dan kesatuan ornamen. Pewarnaan memakai warna cerah khas kain upacara Bali. Desain harus struktur ornamen tidak terlalu rapat sehingga dapat diendekkan, tetap mempertahankan tekstur tenun ikat tradisional, dan mengutamakan nilai estetika, fungsi, dan identitas lokal Endek Bali."
flora/F-024-flora_132.jpg,D:\DISERTASI_S3\WIWIK\DATASET_L2\EndekGAN\EndekGAN_Dataset\flora\F-024-flora_132.jpg,flora,0,ba1be142f78903bdb830dfc367310e84,Motif Endek Flora berbasis motif bunga lokal dengan kelopak berulang,motif bunga lokal dengan kelopak berulang,deformasi,pola acak terkontrol,irama repetitif; proporsi seimbang; kesatuan ornamen,"warna coklat, krem, dan emas bernuansa tradisional",motif tetap terbaca pada skala benang,memadukan unsur lama dan unsur baru secara kreatif,"Motif Endek Flora berbasis motif bunga lokal dengan kelopak berulang. Desain kain Endek Bali bertema flora yang terinspirasi dari motif bunga lokal dengan kelopak berulang. Motif dibuat menggunakan teknik deformasi, yaitu penyederhanaan struktur dan proporsi bentuk asli menjadi bentuk baru yang lebih dekoratif. Tata letak menggunakan pola acak terkontrol, dengan irama repetitif, proporsi seimbang, dan kesatuan ornamen. Pewarnaan memakai warna coklat, krem, dan emas bernuansa tradisional. Desain harus motif tetap terbaca pada skala benang, tetap mempertahankan tekstur tenun ikat tradisional, dan memadukan unsur lama dan unsur baru secara kreatif."
flora/F-025-flora_153.jpg,D:\DISERTASI_S3\WIWIK\DATASET_L2\EndekGAN\EndekGAN_Dataset\flora\F-025-flora_153.jpg,flora,0,46624713492d9853e17a11b1744c613c,Motif Endek Flora berbasis bunga teratai sebagai simbol keindahan dan keseimbangan,bunga teratai sebagai simbol keindahan dan keseimbangan,deformasi,pola tunggal,keseimbangan visual; irama repetitif; kesatuan ornamen,warna merah dan emas yang kontras,"mempertimbangkan jarak antar ikatan minimal 0,5 cm agar warna celupan dapat masuk","mengutamakan nilai estetika, fungsi, dan identitas lokal Endek Bali","Motif Endek Flora berbasis bunga teratai sebagai simbol keindahan dan keseimbangan. Desain kain Endek Bali bertema flora yang terinspirasi dari bunga teratai sebagai simbol keindahan dan keseimbangan. Motif dibuat menggunakan teknik deformasi, yaitu penyederhanaan struktur dan proporsi bentuk asli menjadi bentuk baru yang lebih dekoratif. Tata letak menggunakan pola tunggal, dengan keseimbangan visual, irama repetitif, dan kesatuan ornamen. Pewarnaan memakai warna merah dan emas yang kontras. Desain harus mempertimbangkan jarak antar ikatan minimal 0,5 cm agar warna celupan dapat masuk, tetap mempertahankan tekstur tenun ikat tradisional, dan mengutamakan nilai estetika, fungsi, dan identitas lokal Endek Bali."
flora/F-026-flora_125.jpg,D:\DISERTASI_S3\WIWIK\DATASET_L2\EndekGAN\EndekGAN_Dataset\flora\F-026-flora_125.jpg,flora,0,e59fedc4d0d0d695dbb71815b34581f6,Motif Endek Flora berbasis bunga kamboja sebagai simbol kesucian,bunga kamboja sebagai simbol kesucian,deformasi,pola ulang himpunan,irama repetitif; keseimbangan visual; kesatuan ornamen,warna merah dan emas yang kontras,"mempertimbangkan jarak antar ikatan minimal 0,5 cm agar warna celupan dapat masuk",digunakan dalam konteks budaya Bali,"Motif Endek Flora berbasis bunga kamboja sebagai simbol kesucian. Desain kain Endek Bali bertema flora yang terinspirasi dari bunga kamboja sebagai simbol kesucian. Motif dibuat menggunakan teknik deformasi, yaitu penyederhanaan struktur dan proporsi bentuk asli menjadi bentuk baru yang lebih dekoratif. Tata letak menggunakan pola ulang himpunan, dengan irama repetitif, keseimbangan visual, dan kesatuan ornamen. Pewarnaan memakai warna merah dan emas yang kontras. Desain harus mempertimbangkan jarak antar ikatan minimal 0,5 cm agar warna celupan dapat masuk, tetap mempertahankan tekstur tenun ikat tradisional, dan digunakan dalam konteks budaya Bali."
flora/F-027-flora_137.jpg,D:\DISERTASI_S3\WIWIK\DATASET_L2\EndekGAN\EndekGAN_Dataset\flora\F-027-flora_137.jpg,flora,0,d8b8a798ef0bea32e7fd41218410efae,Motif Endek Flora berbasis motif bunga lokal dengan kelopak berulang,motif bunga lokal dengan kelopak berulang,deformasi,pola ulang menyeluruh,kesatuan ornamen; klimaks visual yang jelas; kesatuan ornamen,warna merah dan emas yang kontras,motif tetap terbaca pada skala benang,"mengutamakan nilai estetika, fungsi, dan identitas lokal Endek Bali","Motif Endek Flora berbasis motif bunga lokal dengan kelopak berulang. Desain kain Endek Bali bertema flora yang terinspirasi dari motif bunga lokal dengan kelopak berulang. Motif dibuat menggunakan teknik deformasi, yaitu penyederhanaan struktur dan proporsi bentuk asli menjadi bentuk baru yang lebih dekoratif. Tata letak menggunakan pola ulang menyeluruh, dengan kesatuan ornamen, klimaks visual yang jelas, dan kesatuan ornamen. Pewarnaan memakai warna merah dan emas yang kontras. Desain harus motif tetap terbaca pada skala benang, tetap mempertahankan tekstur tenun ikat tradisional, dan mengutamakan nilai estetika, fungsi, dan identitas lokal Endek Bali."
flora/F-028-flora_144.jpg,D:\DISERTASI_S3\WIWIK\DATASET_L2\EndekGAN\EndekGAN_Dataset\flora\F-028-flora_144.jpg,flora,0,35212296f43baffae0bca54c046bf758,Motif Endek Flora berbasis daun dan sulur tanaman tropis Bali,daun dan sulur tanaman tropis Bali,distorsi,pola ulang menyeluruh,kesatuan ornamen; irama repetitif; kesatuan ornamen,"warna biru, hitam, dan putih dengan kontras kuat",mempertahankan karakter tekstur tenun ikat tradisional,digunakan dalam konteks budaya Bali,"Motif Endek Flora berbasis daun dan sulur tanaman tropis Bali. Desain kain Endek Bali bertema flora yang terinspirasi dari daun dan sulur tanaman tropis Bali. Motif dibuat menggunakan teknik distorsi, yaitu perubahan bentuk dengan penekanan atau pelebaran proporsi untuk menghasilkan karakter visual yang lebih ekspresif. Tata letak menggunakan pola ulang menyeluruh, dengan kesatuan ornamen, irama repetitif, dan kesatuan ornamen. Pewarnaan memakai warna biru, hitam, dan putih dengan kontras kuat. Desain harus mempertahankan karakter tekstur tenun ikat tradisional, tetap mempertahankan tekstur tenun ikat tradisional, dan digunakan dalam konteks budaya Bali."
flora/F-029-flora_135.jpg,D:\DISERTASI_S3\WIWIK\DATASET_L2\EndekGAN\EndekGAN_Dataset\flora\F-029-flora_135.jpg,flora,0,39efb218bfe6445c9352e70a2e1fe690,Motif Endek Flora berbasis daun dan sulur tanaman tropis Bali,daun dan sulur tanaman tropis Bali,distorsi,pola acak terkontrol,klimaks visual yang jelas; keseimbangan visual; kesatuan ornamen,"warna coklat, krem, dan emas bernuansa tradisional",mempertahankan karakter tekstur tenun ikat tradisional,menjaga kesakralan dan kepantasan motif,"Motif Endek Flora berbasis daun dan sulur tanaman tropis Bali. Desain kain Endek Bali bertema flora yang terinspirasi dari daun dan sulur tanaman tropis Bali. Motif dibuat menggunakan teknik distorsi, yaitu perubahan bentuk dengan penekanan atau pelebaran proporsi untuk menghasilkan karakter visual yang lebih ekspresif. Tata letak menggunakan pola acak terkontrol, dengan klimaks visual yang jelas, keseimbangan visual, dan kesatuan ornamen. Pewarnaan memakai warna coklat, krem, dan emas bernuansa tradisional. Desain harus mempertahankan karakter tekstur tenun ikat tradisional, tetap mempertahankan tekstur tenun ikat tradisional, dan menjaga kesakralan dan kepantasan motif."
flora/F-030-flora_142.jpg,D:\DISERTASI_S3\WIWIK\DATASET_L2\EndekGAN\EndekGAN_Dataset\flora\F-030-flora_142.jpg,flora,0,959df2cd5daf54b5f10fdc2c4a28f6d5,Motif Endek Flora berbasis bunga kamboja sebagai simbol kesucian,bunga kamboja sebagai simbol kesucian,deformasi,pola tunggal,kontras bentuk dan warna; klimaks visual yang jelas; kesatuan ornamen,warna merah dan emas yang kontras,layak diterapkan pada proses ikat tenun Endek,"mengutamakan nilai estetika, fungsi, dan identitas lokal Endek Bali","Motif Endek Flora berbasis bunga kamboja sebagai simbol kesucian. Desain kain Endek Bali bertema flora yang terinspirasi dari bunga kamboja sebagai simbol kesucian. Motif dibuat menggunakan teknik deformasi, yaitu penyederhanaan struktur dan proporsi bentuk asli menjadi bentuk baru yang lebih dekoratif. Tata letak menggunakan pola tunggal, dengan kontras bentuk dan warna, klimaks visual yang jelas, dan kesatuan ornamen. Pewarnaan memakai warna merah dan emas yang kontras. Desain harus layak diterapkan pada proses ikat tenun Endek, tetap mempertahankan tekstur tenun ikat tradisional, dan mengutamakan nilai estetika, fungsi, dan identitas lokal Endek Bali."
flora/F-031-flora_146.jpg,D:\DISERTASI_S3\WIWIK\DATASET_L2\EndekGAN\EndekGAN_Dataset\flora\F-031-flora_146.jpg,flora,0,94ca3f4c5da516c52252a20454ec76fd,Motif Endek Flora berbasis daun dan sulur tanaman tropis Bali,daun dan sulur tanaman tropis Bali,stilasi,pola tunggal,klimaks visual yang jelas; keseimbangan visual; kesatuan ornamen,warna cerah khas kain upacara Bali,mempertahankan karakter tekstur tenun ikat tradisional,digunakan dalam konteks budaya Bali,"Motif Endek Flora berbasis daun dan sulur tanaman tropis Bali. Desain kain Endek Bali bertema flora yang terinspirasi dari daun dan sulur tanaman tropis Bali. Motif dibuat menggunakan teknik stilasi, yaitu penggayaan bentuk asli menjadi ornamen dekoratif dengan tetap mempertahankan ciri utama objek sumber. Tata letak menggunakan pola tunggal, dengan klimaks visual yang jelas, keseimbangan visual, dan kesatuan ornamen. Pewarnaan memakai warna cerah khas kain upacara Bali. Desain harus mempertahankan karakter tekstur tenun ikat tradisional, tetap mempertahankan tekstur tenun ikat tradisional, dan digunakan dalam konteks budaya Bali."
flora/F-032-flora_119.jpg,D:\DISERTASI_S3\WIWIK\DATASET_L2\EndekGAN\EndekGAN_Dataset\flora\F-032-flora_119.jpg,flora,0,921f6ae832cb4465ffd65d1bc5ab8ffb,Motif Endek Flora berbasis daun dan sulur tanaman tropis Bali,daun dan sulur tanaman tropis Bali,stilasi,pola ulang menyeluruh,klimaks visual yang jelas; irama repetitif; kesatuan ornamen,"warna biru, hitam, dan putih dengan kontras kuat",layak diterapkan pada proses ikat tenun Endek,memadukan unsur lama dan unsur baru secara kreatif,"Motif Endek Flora berbasis daun dan sulur tanaman tropis Bali. Desain kain Endek Bali bertema flora yang terinspirasi dari daun dan sulur tanaman tropis Bali. Motif dibuat menggunakan teknik stilasi, yaitu penggayaan bentuk asli menjadi ornamen dekoratif dengan tetap mempertahankan ciri utama objek sumber. Tata letak menggunakan pola ulang menyeluruh, dengan klimaks visual yang jelas, irama repetitif, dan kesatuan ornamen. Pewarnaan memakai warna biru, hitam, dan putih dengan kontras kuat. Desain harus layak diterapkan pada proses ikat tenun Endek, tetap mempertahankan tekstur tenun ikat tradisional, dan memadukan unsur lama dan unsur baru secara kreatif."
flora/F-033-flora_152.jpg,D:\DISERTASI_S3\WIWIK\DATASET_L2\EndekGAN\EndekGAN_Dataset\flora\F-033-flora_152.jpg,flora,0,25bac9aca0cb7eb8ca7b087edef9507a,Motif Endek Flora berbasis bunga kamboja sebagai simbol kesucian,bunga kamboja sebagai simbol kesucian,deformasi,pola tunggal,keseimbangan visual; irama repetitif; kesatuan ornamen,"warna biru, hitam, dan putih dengan kontras kuat",motif tetap terbaca pada skala benang,memadukan unsur lama dan unsur baru secara kreatif,"Motif Endek Flora berbasis bunga kamboja sebagai simbol kesucian. Desain kain Endek Bali bertema flora yang terinspirasi dari bunga kamboja sebagai simbol kesucian. Motif dibuat menggunakan teknik deformasi, yaitu penyederhanaan struktur dan proporsi bentuk asli menjadi bentuk baru yang lebih dekoratif. Tata letak menggunakan pola tunggal, dengan keseimbangan visual, irama repetitif, dan kesatuan ornamen. Pewarnaan memakai warna biru, hitam, dan putih dengan kontras kuat. Desain harus motif tetap terbaca pada skala benang, tetap mempertahankan tekstur tenun ikat tradisional, dan memadukan unsur lama dan unsur baru secara kreatif."
flora/F-034-flora_158.jpg,D:\DISERTASI_S3\WIWIK\DATASET_L2\EndekGAN\EndekGAN_Dataset\flora\F-034-flora_158.jpg,flora,0,7dd791301af0d69a68dcc1f19ba3bbdd,Motif Endek Flora berbasis bunga kamboja sebagai simbol kesucian,bunga kamboja sebagai simbol kesucian,deformasi,pola ulang himpunan,klimaks visual yang jelas; kontras bentuk dan warna; kesatuan ornamen,"warna biru, hitam, dan putih dengan kontras kuat",mempertahankan karakter tekstur tenun ikat tradisional,digunakan dalam konteks budaya Bali,"Motif Endek Flora berbasis bunga kamboja sebagai simbol kesucian. Desain kain Endek Bali bertema flora yang terinspirasi dari bunga kamboja sebagai simbol kesucian. Motif dibuat menggunakan teknik deformasi, yaitu penyederhanaan struktur dan proporsi bentuk asli menjadi bentuk baru yang lebih dekoratif. Tata letak menggunakan pola ulang himpunan, dengan klimaks visual yang jelas, kontras bentuk dan warna, dan kesatuan ornamen. Pewarnaan memakai warna biru, hitam, dan putih dengan kontras kuat. Desain harus mempertahankan karakter tekstur tenun ikat tradisional, tetap mempertahankan tekstur tenun ikat tradisional, dan digunakan dalam konteks budaya Bali."
flora/F-035-flora_150.jpg,D:\DISERTASI_S3\WIWIK\DATASET_L2\EndekGAN\EndekGAN_Dataset\flora\F-035-flora_150.jpg,flora,0,8bffddfb2ca586afc58275b52830376d,Motif Endek Flora berbasis motif bunga lokal dengan kelopak berulang,motif bunga lokal dengan kelopak berulang,deformasi,pola tunggal,irama repetitif; keseimbangan visual; kesatuan ornamen,warna hijau dan kuning yang harmonis,mempertahankan karakter tekstur tenun ikat tradisional,menjaga kesakralan dan kepantasan motif,"Motif Endek Flora berbasis motif bunga lokal dengan kelopak berulang. Desain kain Endek Bali bertema flora yang terinspirasi dari motif bunga lokal dengan kelopak berulang. Motif dibuat menggunakan teknik deformasi, yaitu penyederhanaan struktur dan proporsi bentuk asli menjadi bentuk baru yang lebih dekoratif. Tata letak menggunakan pola tunggal, dengan irama repetitif, keseimbangan visual, dan kesatuan ornamen. Pewarnaan memakai warna hijau dan kuning yang harmonis. Desain harus mempertahankan karakter tekstur tenun ikat tradisional, tetap mempertahankan tekstur tenun ikat tradisional, dan menjaga kesakralan dan kepantasan motif."
flora/F-036-flora_147.jpg,D:\DISERTASI_S3\WIWIK\DATASET_L2\EndekGAN\EndekGAN_Dataset\flora\F-036-flora_147.jpg,flora,0,1e0bb4ab6c993df68c1c9515883461fe,Motif Endek Flora berbasis motif bunga lokal dengan kelopak berulang,motif bunga lokal dengan kelopak berulang,stilasi,pola tunggal,keseimbangan visual; proporsi seimbang; kesatuan ornamen,"warna biru, hitam, dan putih dengan kontras kuat",layak diterapkan pada proses ikat tenun Endek,menjaga kesakralan dan kepantasan motif,"Motif Endek Flora berbasis motif bunga lokal dengan kelopak berulang. Desain kain Endek Bali bertema flora yang terinspirasi dari motif bunga lokal dengan kelopak berulang. Motif dibuat menggunakan teknik stilasi, yaitu penggayaan bentuk asli menjadi ornamen dekoratif dengan tetap mempertahankan ciri utama objek sumber. Tata letak menggunakan pola tunggal, dengan keseimbangan visual, proporsi seimbang, dan kesatuan ornamen. Pewarnaan memakai warna biru, hitam, dan putih dengan kontras kuat. Desain harus layak diterapkan pada proses ikat tenun Endek, tetap mempertahankan tekstur tenun ikat tradisional, dan menjaga kesakralan dan kepantasan motif."
flora/F-037-flora_120.jpg,D:\DISERTASI_S3\WIWIK\DATASET_L2\EndekGAN\EndekGAN_Dataset\flora\F-037-flora_120.jpg,flora,0,c1e573e16af6d15643099cf8fd5e77b8,Motif Endek Flora berbasis daun dan sulur tanaman tropis Bali,daun dan sulur tanaman tropis Bali,stilasi,pola tunggal,keseimbangan visual; keseimbangan visual; kesatuan ornamen,"warna biru, hitam, dan putih dengan kontras kuat",mempertahankan karakter tekstur tenun ikat tradisional,"mengutamakan nilai estetika, fungsi, dan identitas lokal Endek Bali","Motif Endek Flora berbasis daun dan sulur tanaman tropis Bali. Desain kain Endek Bali bertema flora yang terinspirasi dari daun dan sulur tanaman tropis Bali. Motif dibuat menggunakan teknik stilasi, yaitu penggayaan bentuk asli menjadi ornamen dekoratif dengan tetap mempertahankan ciri utama objek sumber. Tata letak menggunakan pola tunggal, dengan keseimbangan visual, keseimbangan visual, dan kesatuan ornamen. Pewarnaan memakai warna biru, hitam, dan putih dengan kontras kuat. Desain harus mempertahankan karakter tekstur tenun ikat tradisional, tetap mempertahankan tekstur tenun ikat tradisional, dan mengutamakan nilai estetika, fungsi, dan identitas lokal Endek Bali."
flora/F-038-flora_127.jpg,D:\DISERTASI_S3\WIWIK\DATASET_L2\EndekGAN\EndekGAN_Dataset\flora\F-038-flora_127.jpg,flora,0,57edb6cf4d946abcb5efc4e8aae4256f,Motif Endek Flora berbasis bunga kamboja sebagai simbol kesucian,bunga kamboja sebagai simbol kesucian,stilasi,pola ulang himpunan,kontras bentuk dan warna; irama repetitif; kesatuan ornamen,"warna biru, hitam, dan putih dengan kontras kuat","mempertimbangkan jarak antar ikatan minimal 0,5 cm agar warna celupan dapat masuk",digunakan dalam konteks budaya Bali,"Motif Endek Flora berbasis bunga kamboja sebagai simbol kesucian. Desain kain Endek Bali bertema flora yang terinspirasi dari bunga kamboja sebagai simbol kesucian. Motif dibuat menggunakan teknik stilasi, yaitu penggayaan bentuk asli menjadi ornamen dekoratif dengan tetap mempertahankan ciri utama objek sumber. Tata letak menggunakan pola ulang himpunan, dengan kontras bentuk dan warna, irama repetitif, dan kesatuan ornamen. Pewarnaan memakai warna biru, hitam, dan putih dengan kontras kuat. Desain harus mempertimbangkan jarak antar ikatan minimal 0,5 cm agar warna celupan dapat masuk, tetap mempertahankan tekstur tenun ikat tradisional, dan digunakan dalam konteks budaya Bali."
flora/F-039-flora_139.jpg,D:\DISERTASI_S3\WIWIK\DATASET_L2\EndekGAN\EndekGAN_Dataset\flora\F-039-flora_139.jpg,flora,0,21bbc67b164fc7f652dd117a960b49a1,Motif Endek Flora berbasis bunga teratai sebagai simbol keindahan dan keseimbangan,bunga teratai sebagai simbol keindahan dan keseimbangan,stilasi,pola ulang himpunan,klimaks visual yang jelas; kontras bentuk dan warna; kesatuan ornamen,"warna coklat, krem, dan emas bernuansa tradisional",layak diterapkan pada proses ikat tenun Endek,memadukan unsur lama dan unsur baru secara kreatif,"Motif Endek Flora berbasis bunga teratai sebagai simbol keindahan dan keseimbangan. Desain kain Endek Bali bertema flora yang terinspirasi dari bunga teratai sebagai simbol keindahan dan keseimbangan. Motif dibuat menggunakan teknik stilasi, yaitu penggayaan bentuk asli menjadi ornamen dekoratif dengan tetap mempertahankan ciri utama objek sumber. Tata letak menggunakan pola ulang himpunan, dengan klimaks visual yang jelas, kontras bentuk dan warna, dan kesatuan ornamen. Pewarnaan memakai warna coklat, krem, dan emas bernuansa tradisional. Desain harus layak diterapkan pada proses ikat tenun Endek, tetap mempertahankan tekstur tenun ikat tradisional, dan memadukan unsur lama dan unsur baru secara kreatif."
flora/F-040-flora_118.jpg,D:\DISERTASI_S3\WIWIK\DATASET_L2\EndekGAN\EndekGAN_Dataset\flora\F-040-flora_118.jpg,flora,0,2dbe78067a56e4a7701053cfdcc895d6,Motif Endek Flora berbasis motif bunga lokal dengan kelopak berulang,motif bunga lokal dengan kelopak berulang,deformasi,pola ulang menyeluruh,kontras bentuk dan warna; keseimbangan visual; kesatuan ornamen,warna hijau dan kuning yang harmonis,struktur ornamen tidak terlalu rapat sehingga dapat diendekkan,"mengutamakan nilai estetika, fungsi, dan identitas lokal Endek Bali","Motif Endek Flora berbasis motif bunga lokal dengan kelopak berulang. Desain kain Endek Bali bertema flora yang terinspirasi dari motif bunga lokal dengan kelopak berulang. Motif dibuat menggunakan teknik deformasi, yaitu penyederhanaan struktur dan proporsi bentuk asli menjadi bentuk baru yang lebih dekoratif. Tata letak menggunakan pola ulang menyeluruh, dengan kontras bentuk dan warna, keseimbangan visual, dan kesatuan ornamen. Pewarnaan memakai warna hijau dan kuning yang harmonis. Desain harus struktur ornamen tidak terlalu rapat sehingga dapat diendekkan, tetap mempertahankan tekstur tenun ikat tradisional, dan mengutamakan nilai estetika, fungsi, dan identitas lokal Endek Bali."
flora/F-041-flora_157.jpg,D:\DISERTASI_S3\WIWIK\DATASET_L2\EndekGAN\EndekGAN_Dataset\flora\F-041-flora_157.jpg,flora,0,6820cb42319f21b5a3a9276160d8cd8e,Motif Endek Flora berbasis motif bunga lokal dengan kelopak berulang,motif bunga lokal dengan kelopak berulang,deformasi,pola acak terkontrol,kesatuan ornamen; keseimbangan visual; kesatuan ornamen,warna merah dan emas yang kontras,layak diterapkan pada proses ikat tenun Endek,digunakan dalam konteks budaya Bali,"Motif Endek Flora berbasis motif bunga lokal dengan kelopak berulang. Desain kain Endek Bali bertema flora yang terinspirasi dari motif bunga lokal dengan kelopak berulang. Motif dibuat menggunakan teknik deformasi, yaitu penyederhanaan struktur dan proporsi bentuk asli menjadi bentuk baru yang lebih dekoratif. Tata letak menggunakan pola acak terkontrol, dengan kesatuan ornamen, keseimbangan visual, dan kesatuan ornamen. Pewarnaan memakai warna merah dan emas yang kontras. Desain harus layak diterapkan pada proses ikat tenun Endek, tetap mempertahankan tekstur tenun ikat tradisional, dan digunakan dalam konteks budaya Bali."
flora/F-042-flora_145.jpg,D:\DISERTASI_S3\WIWIK\DATASET_L2\EndekGAN\EndekGAN_Dataset\flora\F-042-flora_145.jpg,flora,0,ed8873c8ca9c4b6cf10197f8c8e2c831,Motif Endek Flora berbasis bunga teratai sebagai simbol keindahan dan keseimbangan,bunga teratai sebagai simbol keindahan dan keseimbangan,deformasi,pola acak terkontrol,kesatuan ornamen; klimaks visual yang jelas; kesatuan ornamen,warna merah dan emas yang kontras,mempertahankan karakter tekstur tenun ikat tradisional,digunakan dalam konteks budaya Bali,"Motif Endek Flora berbasis bunga teratai sebagai simbol keindahan dan keseimbangan. Desain kain Endek Bali bertema flora yang terinspirasi dari bunga teratai sebagai simbol keindahan dan keseimbangan. Motif dibuat menggunakan teknik deformasi, yaitu penyederhanaan struktur dan proporsi bentuk asli menjadi bentuk baru yang lebih dekoratif. Tata letak menggunakan pola acak terkontrol, dengan kesatuan ornamen, klimaks visual yang jelas, dan kesatuan ornamen. Pewarnaan memakai warna merah dan emas yang kontras. Desain harus mempertahankan karakter tekstur tenun ikat tradisional, tetap mempertahankan tekstur tenun ikat tradisional, dan digunakan dalam konteks budaya Bali."
flora/F-043-flora_141.jpg,D:\DISERTASI_S3\WIWIK\DATASET_L2\EndekGAN\EndekGAN_Dataset\flora\F-043-flora_141.jpg,flora,0,d94b4f43224ea862e28f151510c03788,Motif Endek Flora berbasis bunga kamboja sebagai simbol kesucian,bunga kamboja sebagai simbol kesucian,stilasi,pola tunggal,klimaks visual yang jelas; proporsi seimbang; kesatuan ornamen,"warna biru, hitam, dan putih dengan kontras kuat",mempertahankan karakter tekstur tenun ikat tradisional,"mengutamakan nilai estetika, fungsi, dan identitas lokal Endek Bali","Motif Endek Flora berbasis bunga kamboja sebagai simbol kesucian. Desain kain Endek Bali bertema flora yang terinspirasi dari bunga kamboja sebagai simbol kesucian. Motif dibuat menggunakan teknik stilasi, yaitu penggayaan bentuk asli menjadi ornamen dekoratif dengan tetap mempertahankan ciri utama objek sumber. Tata letak menggunakan pola tunggal, dengan klimaks visual yang jelas, proporsi seimbang, dan kesatuan ornamen. Pewarnaan memakai warna biru, hitam, dan putih dengan kontras kuat. Desain harus mempertahankan karakter tekstur tenun ikat tradisional, tetap mempertahankan tekstur tenun ikat tradisional, dan mengutamakan nilai estetika, fungsi, dan identitas lokal Endek Bali."
flora/F-044-flora_138.jpg,D:\DISERTASI_S3\WIWIK\DATASET_L2\EndekGAN\EndekGAN_Dataset\flora\F-044-flora_138.jpg,flora,0,0996d8a42bf97c7e80b1e176541c01aa,Motif Endek Flora berbasis daun dan sulur tanaman tropis Bali,daun dan sulur tanaman tropis Bali,distorsi,pola ulang himpunan,kontras bentuk dan warna; klimaks visual yang jelas; kesatuan ornamen,warna cerah khas kain upacara Bali,layak diterapkan pada proses ikat tenun Endek,digunakan dalam konteks budaya Bali,"Motif Endek Flora berbasis daun dan sulur tanaman tropis Bali. Desain kain Endek Bali bertema flora yang terinspirasi dari daun dan sulur tanaman tropis Bali. Motif dibuat menggunakan teknik distorsi, yaitu perubahan bentuk dengan penekanan atau pelebaran proporsi untuk menghasilkan karakter visual yang lebih ekspresif. Tata letak menggunakan pola ulang himpunan, dengan kontras bentuk dan warna, klimaks visual yang jelas, dan kesatuan ornamen. Pewarnaan memakai warna cerah khas kain upacara Bali. Desain harus layak diterapkan pada proses ikat tenun Endek, tetap mempertahankan tekstur tenun ikat tradisional, dan digunakan dalam konteks budaya Bali."
flora/F-045-flora_121.jpg,D:\DISERTASI_S3\WIWIK\DATASET_L2\EndekGAN\EndekGAN_Dataset\flora\F-045-flora_121.jpg,flora,0,86af35c2a8baa7a241353ccebefeff6d,Motif Endek Flora berbasis daun dan sulur tanaman tropis Bali,daun dan sulur tanaman tropis Bali,distorsi,pola acak terkontrol,kontras bentuk dan warna; kontras bentuk dan warna; kesatuan ornamen,warna hijau dan kuning yang harmonis,motif tetap terbaca pada skala benang,digunakan dalam konteks budaya Bali,"Motif Endek Flora berbasis daun dan sulur tanaman tropis Bali. Desain kain Endek Bali bertema flora yang terinspirasi dari daun dan sulur tanaman tropis Bali. Motif dibuat menggunakan teknik distorsi, yaitu perubahan bentuk dengan penekanan atau pelebaran proporsi untuk menghasilkan karakter visual yang lebih ekspresif. Tata letak menggunakan pola acak terkontrol, dengan kontras bentuk dan warna, kontras bentuk dan warna, dan kesatuan ornamen. Pewarnaan memakai warna hijau dan kuning yang harmonis. Desain harus motif tetap terbaca pada skala benang, tetap mempertahankan tekstur tenun ikat tradisional, dan digunakan dalam konteks budaya Bali."
flora/F-046-flora_136.jpg,D:\DISERTASI_S3\WIWIK\DATASET_L2\EndekGAN\EndekGAN_Dataset\flora\F-046-flora_136.jpg,flora,0,9ac6e1bec691869dac458abfeae69cc1,Motif Endek Flora berbasis bunga kamboja sebagai simbol kesucian,bunga kamboja sebagai simbol kesucian,distorsi,pola acak terkontrol,klimaks visual yang jelas; proporsi seimbang; kesatuan ornamen,"warna biru, hitam, dan putih dengan kontras kuat",motif tetap terbaca pada skala benang,"mengutamakan nilai estetika, fungsi, dan identitas lokal Endek Bali","Motif Endek Flora berbasis bunga kamboja sebagai simbol kesucian. Desain kain Endek Bali bertema flora yang terinspirasi dari bunga kamboja sebagai simbol kesucian. Motif dibuat menggunakan teknik distorsi, yaitu perubahan bentuk dengan penekanan atau pelebaran proporsi untuk menghasilkan karakter visual yang lebih ekspresif. Tata letak menggunakan pola acak terkontrol, dengan klimaks visual yang jelas, proporsi seimbang, dan kesatuan ornamen. Pewarnaan memakai warna biru, hitam, dan putih dengan kontras kuat. Desain harus motif tetap terbaca pada skala benang, tetap mempertahankan tekstur tenun ikat tradisional, dan mengutamakan nilai estetika, fungsi, dan identitas lokal Endek Bali."
flora/F-047-flora_149.jpg,D:\DISERTASI_S3\WIWIK\DATASET_L2\EndekGAN\EndekGAN_Dataset\flora\F-047-flora_149.jpg,flora,0,e13951fc2d2220163610017f110d1999,Motif Endek Flora berbasis motif bunga lokal dengan kelopak berulang,motif bunga lokal dengan kelopak berulang,deformasi,pola acak terkontrol,proporsi seimbang; proporsi seimbang; kesatuan ornamen,"warna biru, hitam, dan putih dengan kontras kuat",struktur ornamen tidak terlalu rapat sehingga dapat diendekkan,digunakan dalam konteks budaya Bali,"Motif Endek Flora berbasis motif bunga lokal dengan kelopak berulang. Desain kain Endek Bali bertema flora yang terinspirasi dari motif bunga lokal dengan kelopak berulang. Motif dibuat menggunakan teknik deformasi, yaitu penyederhanaan struktur dan proporsi bentuk asli menjadi bentuk baru yang lebih dekoratif. Tata letak menggunakan pola acak terkontrol, dengan proporsi seimbang, proporsi seimbang, dan kesatuan ornamen. Pewarnaan memakai warna biru, hitam, dan putih dengan kontras kuat. Desain harus struktur ornamen tidak terlalu rapat sehingga dapat diendekkan, tetap mempertahankan tekstur tenun ikat tradisional, dan digunakan dalam konteks budaya Bali."
flora/F-048-flora_129.jpg,D:\DISERTASI_S3\WIWIK\DATASET_L2\EndekGAN\EndekGAN_Dataset\flora\F-048-flora_129.jpg,flora,0,f8e838598421041136418930c5f630d9,Motif Endek Flora berbasis bunga teratai sebagai simbol keindahan dan keseimbangan,bunga teratai sebagai simbol keindahan dan keseimbangan,stilasi,pola tunggal,irama repetitif; irama repetitif; kesatuan ornamen,warna cerah khas kain upacara Bali,"mempertimbangkan jarak antar ikatan minimal 0,5 cm agar warna celupan dapat masuk","mengutamakan nilai estetika, fungsi, dan identitas lokal Endek Bali","Motif Endek Flora berbasis bunga teratai sebagai simbol keindahan dan keseimbangan. Desain kain Endek Bali bertema flora yang terinspirasi dari bunga teratai sebagai simbol keindahan dan keseimbangan. Motif dibuat menggunakan teknik stilasi, yaitu penggayaan bentuk asli menjadi ornamen dekoratif dengan tetap mempertahankan ciri utama objek sumber. Tata letak menggunakan pola tunggal, dengan irama repetitif, irama repetitif, dan kesatuan ornamen. Pewarnaan memakai warna cerah khas kain upacara Bali. Desain harus mempertimbangkan jarak antar ikatan minimal 0,5 cm agar warna celupan dapat masuk, tetap mempertahankan tekstur tenun ikat tradisional, dan mengutamakan nilai estetika, fungsi, dan identitas lokal Endek Bali."
flora/F-049-flora_126.jpg,D:\DISERTASI_S3\WIWIK\DATASET_L2\EndekGAN\EndekGAN_Dataset\flora\F-049-flora_126.jpg,flora,0,eb174ec16294fee265db939b3e1f1645,Motif Endek Flora berbasis daun dan sulur tanaman tropis Bali,daun dan sulur tanaman tropis Bali,stilasi,pola tunggal,klimaks visual yang jelas; irama repetitif; kesatuan ornamen,"warna biru, hitam, dan putih dengan kontras kuat",mempertahankan karakter tekstur tenun ikat tradisional,menjaga kesakralan dan kepantasan motif,"Motif Endek Flora berbasis daun dan sulur tanaman tropis Bali. Desain kain Endek Bali bertema flora yang terinspirasi dari daun dan sulur tanaman tropis Bali. Motif dibuat menggunakan teknik stilasi, yaitu penggayaan bentuk asli menjadi ornamen dekoratif dengan tetap mempertahankan ciri utama objek sumber. Tata letak menggunakan pola tunggal, dengan klimaks visual yang jelas, irama repetitif, dan kesatuan ornamen. Pewarnaan memakai warna biru, hitam, dan putih dengan kontras kuat. Desain harus mempertahankan karakter tekstur tenun ikat tradisional, tetap mempertahankan tekstur tenun ikat tradisional, dan menjaga kesakralan dan kepantasan motif."
flora/F-050-flora_124.jpg,D:\DISERTASI_S3\WIWIK\DATASET_L2\EndekGAN\EndekGAN_Dataset\flora\F-050-flora_124.jpg,flora,0,1f899ec2797f6e9b8d3a208ef3722672,Motif Endek Flora berbasis bunga kamboja sebagai simbol kesucian,bunga kamboja sebagai simbol kesucian,stilasi,pola acak terkontrol,proporsi seimbang; irama repetitif; kesatuan ornamen,warna hijau dan kuning yang harmonis,struktur ornamen tidak terlalu rapat sehingga dapat diendekkan,memadukan unsur lama dan unsur baru secara kreatif,"Motif Endek Flora berbasis bunga kamboja sebagai simbol kesucian. Desain kain Endek Bali bertema flora yang terinspirasi dari bunga kamboja sebagai simbol kesucian. Motif dibuat menggunakan teknik stilasi, yaitu penggayaan bentuk asli menjadi ornamen dekoratif dengan tetap mempertahankan ciri utama objek sumber. Tata letak menggunakan pola acak terkontrol, dengan proporsi seimbang, irama repetitif, dan kesatuan ornamen. Pewarnaan memakai warna hijau dan kuning yang harmonis. Desain harus struktur ornamen tidak terlalu rapat sehingga dapat diendekkan, tetap mempertahankan tekstur tenun ikat tradisional, dan memadukan unsur lama dan unsur baru secara kreatif."
flora/F-051-flora_159.jpg,D:\DISERTASI_S3\WIWIK\DATASET_L2\EndekGAN\EndekGAN_Dataset\flora\F-051-flora_159.jpg,flora,0,6be997ff2347088750011adbb4dcbed1,Motif Endek Flora berbasis bunga teratai sebagai simbol keindahan dan keseimbangan,bunga teratai sebagai simbol keindahan dan keseimbangan,stilasi,pola ulang himpunan,klimaks visual yang jelas; proporsi seimbang; kesatuan ornamen,"warna coklat, krem, dan emas bernuansa tradisional","mempertimbangkan jarak antar ikatan minimal 0,5 cm agar warna celupan dapat masuk",menjaga kesakralan dan kepantasan motif,"Motif Endek Flora berbasis bunga teratai sebagai simbol keindahan dan keseimbangan. Desain kain Endek Bali bertema flora yang terinspirasi dari bunga teratai sebagai simbol keindahan dan keseimbangan. Motif dibuat menggunakan teknik stilasi, yaitu penggayaan bentuk asli menjadi ornamen dekoratif dengan tetap mempertahankan ciri utama objek sumber. Tata letak menggunakan pola ulang himpunan, dengan klimaks visual yang jelas, proporsi seimbang, dan kesatuan ornamen. Pewarnaan memakai warna coklat, krem, dan emas bernuansa tradisional. Desain harus mempertimbangkan jarak antar ikatan minimal 0,5 cm agar warna celupan dapat masuk, tetap mempertahankan tekstur tenun ikat tradisional, dan menjaga kesakralan dan kepantasan motif."
flora/F-052-flora_151.jpg,D:\DISERTASI_S3\WIWIK\DATASET_L2\EndekGAN\EndekGAN_Dataset\flora\F-052-flora_151.jpg,flora,0,81810619e395974d25bed423c535dbe5,Motif Endek Flora berbasis daun dan sulur tanaman tropis Bali,daun dan sulur tanaman tropis Bali,deformasi,pola ulang himpunan,kesatuan ornamen; irama repetitif; kesatuan ornamen,warna cerah khas kain upacara Bali,mempertahankan karakter tekstur tenun ikat tradisional,menjaga kesakralan dan kepantasan motif,"Motif Endek Flora berbasis daun dan sulur tanaman tropis Bali. Desain kain Endek Bali bertema flora yang terinspirasi dari daun dan sulur tanaman tropis Bali. Motif dibuat menggunakan teknik deformasi, yaitu penyederhanaan struktur dan proporsi bentuk asli menjadi bentuk baru yang lebih dekoratif. Tata letak menggunakan pola ulang himpunan, dengan kesatuan ornamen, irama repetitif, dan kesatuan ornamen. Pewarnaan memakai warna cerah khas kain upacara Bali. Desain harus mempertahankan karakter tekstur tenun ikat tradisional, tetap mempertahankan tekstur tenun ikat tradisional, dan menjaga kesakralan dan kepantasan motif."
flora/F-053-flora_128.jpg,D:\DISERTASI_S3\WIWIK\DATASET_L2\EndekGAN\EndekGAN_Dataset\flora\F-053-flora_128.jpg,flora,0,b367674b3d302bd2a7ee571483250152,Motif Endek Flora berbasis bunga kamboja sebagai simbol kesucian,bunga kamboja sebagai simbol kesucian,deformasi,pola acak terkontrol,kontras bentuk dan warna; kesatuan ornamen; kesatuan ornamen,warna hijau dan kuning yang harmonis,struktur ornamen tidak terlalu rapat sehingga dapat diendekkan,digunakan dalam konteks budaya Bali,"Motif Endek Flora berbasis bunga kamboja sebagai simbol kesucian. Desain kain Endek Bali bertema flora yang terinspirasi dari bunga kamboja sebagai simbol kesucian. Motif dibuat menggunakan teknik deformasi, yaitu penyederhanaan struktur dan proporsi bentuk asli menjadi bentuk baru yang lebih dekoratif. Tata letak menggunakan pola acak terkontrol, dengan kontras bentuk dan warna, kesatuan ornamen, dan kesatuan ornamen. Pewarnaan memakai warna hijau dan kuning yang harmonis. Desain harus struktur ornamen tidak terlalu rapat sehingga dapat diendekkan, tetap mempertahankan tekstur tenun ikat tradisional, dan digunakan dalam konteks budaya Bali."
flora/F-054-flora_156.jpg,D:\DISERTASI_S3\WIWIK\DATASET_L2\EndekGAN\EndekGAN_Dataset\flora\F-054-flora_156.jpg,flora,0,12e2338c30ec32e46ecd538d509de175,Motif Endek Flora berbasis motif bunga lokal dengan kelopak berulang,motif bunga lokal dengan kelopak berulang,stilasi,pola tunggal,kesatuan ornamen; kontras bentuk dan warna; kesatuan ornamen,"warna coklat, krem, dan emas bernuansa tradisional",layak diterapkan pada proses ikat tenun Endek,menjaga kesakralan dan kepantasan motif,"Motif Endek Flora berbasis motif bunga lokal dengan kelopak berulang. Desain kain Endek Bali bertema flora yang terinspirasi dari motif bunga lokal dengan kelopak berulang. Motif dibuat menggunakan teknik stilasi, yaitu penggayaan bentuk asli menjadi ornamen dekoratif dengan tetap mempertahankan ciri utama objek sumber. Tata letak menggunakan pola tunggal, dengan kesatuan ornamen, kontras bentuk dan warna, dan kesatuan ornamen. Pewarnaan memakai warna coklat, krem, dan emas bernuansa tradisional. Desain harus layak diterapkan pada proses ikat tenun Endek, tetap mempertahankan tekstur tenun ikat tradisional, dan menjaga kesakralan dan kepantasan motif."
flora/F-055-flora_97.jpg,D:\DISERTASI_S3\WIWIK\DATASET_L2\EndekGAN\EndekGAN_Dataset\flora\F-055-flora_97.jpg,flora,0,f9f33e29bc80c7022e5855c3883c0c94,Motif Endek Flora berbasis daun dan sulur tanaman tropis Bali,daun dan sulur tanaman tropis Bali,distorsi,pola acak terkontrol,proporsi seimbang; kesatuan ornamen; kesatuan ornamen,warna merah dan emas yang kontras,"mempertimbangkan jarak antar ikatan minimal 0,5 cm agar warna celupan dapat masuk",menjaga kesakralan dan kepantasan motif,"Motif Endek Flora berbasis daun dan sulur tanaman tropis Bali. Desain kain Endek Bali bertema flora yang terinspirasi dari daun dan sulur tanaman tropis Bali. Motif dibuat menggunakan teknik distorsi, yaitu perubahan bentuk dengan penekanan atau pelebaran proporsi untuk menghasilkan karakter visual yang lebih ekspresif. Tata letak menggunakan pola acak terkontrol, dengan proporsi seimbang, kesatuan ornamen, dan kesatuan ornamen. Pewarnaan memakai warna merah dan emas yang kontras. Desain harus mempertimbangkan jarak antar ikatan minimal 0,5 cm agar warna celupan dapat masuk, tetap mempertahankan tekstur tenun ikat tradisional, dan menjaga kesakralan dan kepantasan motif."
flora/F-056-flora_106.jpg,D:\DISERTASI_S3\WIWIK\DATASET_L2\EndekGAN\EndekGAN_Dataset\flora\F-056-flora_106.jpg,flora,0,ff2a5c417c1824454dcc4494dcb071f4,Motif Endek Flora berbasis bunga teratai sebagai simbol keindahan dan keseimbangan,bunga teratai sebagai simbol keindahan dan keseimbangan,distorsi,pola ulang himpunan,irama repetitif; proporsi seimbang; kesatuan ornamen,"warna biru, hitam, dan putih dengan kontras kuat",struktur ornamen tidak terlalu rapat sehingga dapat diendekkan,digunakan dalam konteks budaya Bali,"Motif Endek Flora berbasis bunga teratai sebagai simbol keindahan dan keseimbangan. Desain kain Endek Bali bertema flora yang terinspirasi dari bunga teratai sebagai simbol keindahan dan keseimbangan. Motif dibuat menggunakan teknik distorsi, yaitu perubahan bentuk dengan penekanan atau pelebaran proporsi untuk menghasilkan karakter visual yang lebih ekspresif. Tata letak menggunakan pola ulang himpunan, dengan irama repetitif, proporsi seimbang, dan kesatuan ornamen. Pewarnaan memakai warna biru, hitam, dan putih dengan kontras kuat. Desain harus struktur ornamen tidak terlalu rapat sehingga dapat diendekkan, tetap mempertahankan tekstur tenun ikat tradisional, dan digunakan dalam konteks budaya Bali."
flora/F-057-flora_101.jpg,D:\DISERTASI_S3\WIWIK\DATASET_L2\EndekGAN\EndekGAN_Dataset\flora\F-057-flora_101.jpg,flora,0,751557d0bdfa21c917f94607d359d96f,Motif Endek Flora berbasis motif bunga lokal dengan kelopak berulang,motif bunga lokal dengan kelopak berulang,deformasi,pola acak terkontrol,irama repetitif; irama repetitif; kesatuan ornamen,warna cerah khas kain upacara Bali,layak diterapkan pada proses ikat tenun Endek,memadukan unsur lama dan unsur baru secara kreatif,"Motif Endek Flora berbasis motif bunga lokal dengan kelopak berulang. Desain kain Endek Bali bertema flora yang terinspirasi dari motif bunga lokal dengan kelopak berulang. Motif dibuat menggunakan teknik deformasi, yaitu penyederhanaan struktur dan proporsi bentuk asli menjadi bentuk baru yang lebih dekoratif. Tata letak menggunakan pola acak terkontrol, dengan irama repetitif, irama repetitif, dan kesatuan ornamen. Pewarnaan memakai warna cerah khas kain upacara Bali. Desain harus layak diterapkan pada proses ikat tenun Endek, tetap mempertahankan tekstur tenun ikat tradisional, dan memadukan unsur lama dan unsur baru secara kreatif."
flora/F-058-flora_92.jpg,D:\DISERTASI_S3\WIWIK\DATASET_L2\EndekGAN\EndekGAN_Dataset\flora\F-058-flora_92.jpg,flora,0,3f47a21944dd4b290dea2f4c05ba82c1,Motif Endek Flora berbasis motif bunga lokal dengan kelopak berulang,motif bunga lokal dengan kelopak berulang,stilasi,pola acak terkontrol,kesatuan ornamen; proporsi seimbang; kesatuan ornamen,warna hijau dan kuning yang harmonis,struktur ornamen tidak terlalu rapat sehingga dapat diendekkan,menjaga kesakralan dan kepantasan motif,"Motif Endek Flora berbasis motif bunga lokal dengan kelopak berulang. Desain kain Endek Bali bertema flora yang terinspirasi dari motif bunga lokal dengan kelopak berulang. Motif dibuat menggunakan teknik stilasi, yaitu penggayaan bentuk asli menjadi ornamen dekoratif dengan tetap mempertahankan ciri utama objek sumber. Tata letak menggunakan pola acak terkontrol, dengan kesatuan ornamen, proporsi seimbang, dan kesatuan ornamen. Pewarnaan memakai warna hijau dan kuning yang harmonis. Desain harus struktur ornamen tidak terlalu rapat sehingga dapat diendekkan, tetap mempertahankan tekstur tenun ikat tradisional, dan menjaga kesakralan dan kepantasan motif."
flora/F-059-flora_110.jpg,D:\DISERTASI_S3\WIWIK\DATASET_L2\EndekGAN\EndekGAN_Dataset\flora\F-059-flora_110.jpg,flora,0,09565ea378a4c17bfdfc656ced5ec6b2,Motif Endek Flora berbasis daun dan sulur tanaman tropis Bali,daun dan sulur tanaman tropis Bali,distorsi,pola tunggal,proporsi seimbang; klimaks visual yang jelas; kesatuan ornamen,warna hijau dan kuning yang harmonis,motif tetap terbaca pada skala benang,menjaga kesakralan dan kepantasan motif,"Motif Endek Flora berbasis daun dan sulur tanaman tropis Bali. Desain kain Endek Bali bertema flora yang terinspirasi dari daun dan sulur tanaman tropis Bali. Motif dibuat menggunakan teknik distorsi, yaitu perubahan bentuk dengan penekanan atau pelebaran proporsi untuk menghasilkan karakter visual yang lebih ekspresif. Tata letak menggunakan pola tunggal, dengan proporsi seimbang, klimaks visual yang jelas, dan kesatuan ornamen. Pewarnaan memakai warna hijau dan kuning yang harmonis. Desain harus motif tetap terbaca pada skala benang, tetap mempertahankan tekstur tenun ikat tradisional, dan menjaga kesakralan dan kepantasan motif."
flora/F-060-flora_93.jpg,D:\DISERTASI_S3\WIWIK\DATASET_L2\EndekGAN\EndekGAN_Dataset\flora\F-060-flora_93.jpg,flora,0,c310d62897f8e0dceac3c69d28b45f68,Motif Endek Flora berbasis bunga teratai sebagai simbol keindahan dan keseimbangan,bunga teratai sebagai simbol keindahan dan keseimbangan,distorsi,pola ulang menyeluruh,keseimbangan visual; kesatuan ornamen; kesatuan ornamen,"warna biru, hitam, dan putih dengan kontras kuat",struktur ornamen tidak terlalu rapat sehingga dapat diendekkan,digunakan dalam konteks budaya Bali,"Motif Endek Flora berbasis bunga teratai sebagai simbol keindahan dan keseimbangan. Desain kain Endek Bali bertema flora yang terinspirasi dari bunga teratai sebagai simbol keindahan dan keseimbangan. Motif dibuat menggunakan teknik distorsi, yaitu perubahan bentuk dengan penekanan atau pelebaran proporsi untuk menghasilkan karakter visual yang lebih ekspresif. Tata letak menggunakan pola ulang menyeluruh, dengan keseimbangan visual, kesatuan ornamen, dan kesatuan ornamen. Pewarnaan memakai warna biru, hitam, dan putih dengan kontras kuat. Desain harus struktur ornamen tidak terlalu rapat sehingga dapat diendekkan, tetap mempertahankan tekstur tenun ikat tradisional, dan digunakan dalam konteks budaya Bali."
flora/F-061-flora_98.jpg,D:\DISERTASI_S3\WIWIK\DATASET_L2\EndekGAN\EndekGAN_Dataset\flora\F-061-flora_98.jpg,flora,0,16691f0bc1b4c2b6811fadaac0bd7e1c,Motif Endek Flora berbasis bunga teratai sebagai simbol keindahan dan keseimbangan,bunga teratai sebagai simbol keindahan dan keseimbangan,distorsi,pola ulang menyeluruh,kesatuan ornamen; proporsi seimbang; kesatuan ornamen,warna cerah khas kain upacara Bali,motif tetap terbaca pada skala benang,menjaga kesakralan dan kepantasan motif,"Motif Endek Flora berbasis bunga teratai sebagai simbol keindahan dan keseimbangan. Desain kain Endek Bali bertema flora yang terinspirasi dari bunga teratai sebagai simbol keindahan dan keseimbangan. Motif dibuat menggunakan teknik distorsi, yaitu perubahan bentuk dengan penekanan atau pelebaran proporsi untuk menghasilkan karakter visual yang lebih ekspresif. Tata letak menggunakan pola ulang menyeluruh, dengan kesatuan ornamen, proporsi seimbang, dan kesatuan ornamen. Pewarnaan memakai warna cerah khas kain upacara Bali. Desain harus motif tetap terbaca pada skala benang, tetap mempertahankan tekstur tenun ikat tradisional, dan menjaga kesakralan dan kepantasan motif."
flora/F-062-flora_99.jpg,D:\DISERTASI_S3\WIWIK\DATASET_L2\EndekGAN\EndekGAN_Dataset\flora\F-062-flora_99.jpg,flora,0,7480df462ade7bc0fd0f4ed757008719,Motif Endek Flora berbasis motif bunga lokal dengan kelopak berulang,motif bunga lokal dengan kelopak berulang,stilasi,pola tunggal,irama repetitif; kesatuan ornamen; kesatuan ornamen,warna hijau dan kuning yang harmonis,layak diterapkan pada proses ikat tenun Endek,menjaga kesakralan dan kepantasan motif,"Motif Endek Flora berbasis motif bunga lokal dengan kelopak berulang. Desain kain Endek Bali bertema flora yang terinspirasi dari motif bunga lokal dengan kelopak berulang. Motif dibuat menggunakan teknik stilasi, yaitu penggayaan bentuk asli menjadi ornamen dekoratif dengan tetap mempertahankan ciri utama objek sumber. Tata letak menggunakan pola tunggal, dengan irama repetitif, kesatuan ornamen, dan kesatuan ornamen. Pewarnaan memakai warna hijau dan kuning yang harmonis. Desain harus layak diterapkan pada proses ikat tenun Endek, tetap mempertahankan tekstur tenun ikat tradisional, dan menjaga kesakralan dan kepantasan motif."
flora/F-063-flora_96.jpg,D:\DISERTASI_S3\WIWIK\DATASET_L2\EndekGAN\EndekGAN_Dataset\flora\F-063-flora_96.jpg,flora,0,137e37c16b33bda216d3f20a49a7bee8,Motif Endek Flora berbasis daun dan sulur tanaman tropis Bali,daun dan sulur tanaman tropis Bali,deformasi,pola tunggal,irama repetitif; proporsi seimbang; kesatuan ornamen,warna hijau dan kuning yang harmonis,"mempertimbangkan jarak antar ikatan minimal 0,5 cm agar warna celupan dapat masuk",menjaga kesakralan dan kepantasan motif,"Motif Endek Flora berbasis daun dan sulur tanaman tropis Bali. Desain kain Endek Bali bertema flora yang terinspirasi dari daun dan sulur tanaman tropis Bali. Motif dibuat menggunakan teknik deformasi, yaitu penyederhanaan struktur dan proporsi bentuk asli menjadi bentuk baru yang lebih dekoratif. Tata letak menggunakan pola tunggal, dengan irama repetitif, proporsi seimbang, dan kesatuan ornamen. Pewarnaan memakai warna hijau dan kuning yang harmonis. Desain harus mempertimbangkan jarak antar ikatan minimal 0,5 cm agar warna celupan dapat masuk, tetap mempertahankan tekstur tenun ikat tradisional, dan menjaga kesakralan dan kepantasan motif."
flora/F-064-flora_105.jpg,D:\DISERTASI_S3\WIWIK\DATASET_L2\EndekGAN\EndekGAN_Dataset\flora\F-064-flora_105.jpg,flora,0,70c42ffd7dc9e95d4e8db23736ca2e44,Motif Endek Flora berbasis bunga kamboja sebagai simbol kesucian,bunga kamboja sebagai simbol kesucian,deformasi,pola tunggal,klimaks visual yang jelas; klimaks visual yang jelas; kesatuan ornamen,"warna biru, hitam, dan putih dengan kontras kuat",struktur ornamen tidak terlalu rapat sehingga dapat diendekkan,digunakan dalam konteks budaya Bali,"Motif Endek Flora berbasis bunga kamboja sebagai simbol kesucian. Desain kain Endek Bali bertema flora yang terinspirasi dari bunga kamboja sebagai simbol kesucian. Motif dibuat menggunakan teknik deformasi, yaitu penyederhanaan struktur dan proporsi bentuk asli menjadi bentuk baru yang lebih dekoratif. Tata letak menggunakan pola tunggal, dengan klimaks visual yang jelas, klimaks visual yang jelas, dan kesatuan ornamen. Pewarnaan memakai warna biru, hitam, dan putih dengan kontras kuat. Desain harus struktur ornamen tidak terlalu rapat sehingga dapat diendekkan, tetap mempertahankan tekstur tenun ikat tradisional, dan digunakan dalam konteks budaya Bali."
flora/F-065-flora_116.jpg,D:\DISERTASI_S3\WIWIK\DATASET_L2\EndekGAN\EndekGAN_Dataset\flora\F-065-flora_116.jpg,flora,0,37c22cbb20fed29d3789618efdd2a2ea,Motif Endek Flora berbasis motif bunga lokal dengan kelopak berulang,motif bunga lokal dengan kelopak berulang,deformasi,pola ulang himpunan,keseimbangan visual; keseimbangan visual; kesatuan ornamen,warna cerah khas kain upacara Bali,layak diterapkan pada proses ikat tenun Endek,menjaga kesakralan dan kepantasan motif,"Motif Endek Flora berbasis motif bunga lokal dengan kelopak berulang. Desain kain Endek Bali bertema flora yang terinspirasi dari motif bunga lokal dengan kelopak berulang. Motif dibuat menggunakan teknik deformasi, yaitu penyederhanaan struktur dan proporsi bentuk asli menjadi bentuk baru yang lebih dekoratif. Tata letak menggunakan pola ulang himpunan, dengan keseimbangan visual, keseimbangan visual, dan kesatuan ornamen. Pewarnaan memakai warna cerah khas kain upacara Bali. Desain harus layak diterapkan pada proses ikat tenun Endek, tetap mempertahankan tekstur tenun ikat tradisional, dan menjaga kesakralan dan kepantasan motif."
flora/F-066-flora_88.jpg,D:\DISERTASI_S3\WIWIK\DATASET_L2\EndekGAN\EndekGAN_Dataset\flora\F-066-flora_88.jpg,flora,0,4fc6d841ce690c5cbbff3424ea2e2a8e,Motif Endek Flora berbasis bunga kamboja sebagai simbol kesucian,bunga kamboja sebagai simbol kesucian,stilasi,pola ulang himpunan,keseimbangan visual; klimaks visual yang jelas; kesatuan ornamen,"warna biru, hitam, dan putih dengan kontras kuat",motif tetap terbaca pada skala benang,"mengutamakan nilai estetika, fungsi, dan identitas lokal Endek Bali","Motif Endek Flora berbasis bunga kamboja sebagai simbol kesucian. Desain kain Endek Bali bertema flora yang terinspirasi dari bunga kamboja sebagai simbol kesucian. Motif dibuat menggunakan teknik stilasi, yaitu penggayaan bentuk asli menjadi ornamen dekoratif dengan tetap mempertahankan ciri utama objek sumber. Tata letak menggunakan pola ulang himpunan, dengan keseimbangan visual, klimaks visual yang jelas, dan kesatuan ornamen. Pewarnaan memakai warna biru, hitam, dan putih dengan kontras kuat. Desain harus motif tetap terbaca pada skala benang, tetap mempertahankan tekstur tenun ikat tradisional, dan mengutamakan nilai estetika, fungsi, dan identitas lokal Endek Bali."
flora/F-067-flora_115.jpg,D:\DISERTASI_S3\WIWIK\DATASET_L2\EndekGAN\EndekGAN_Dataset\flora\F-067-flora_115.jpg,flora,0,61b092bfb68e9cca9061691cbf949992,Motif Endek Flora berbasis daun dan sulur tanaman tropis Bali,daun dan sulur tanaman tropis Bali,stilasi,pola acak terkontrol,klimaks visual yang jelas; kesatuan ornamen; kesatuan ornamen,"warna coklat, krem, dan emas bernuansa tradisional",mempertahankan karakter tekstur tenun ikat tradisional,"mengutamakan nilai estetika, fungsi, dan identitas lokal Endek Bali","Motif Endek Flora berbasis daun dan sulur tanaman tropis Bali. Desain kain Endek Bali bertema flora yang terinspirasi dari daun dan sulur tanaman tropis Bali. Motif dibuat menggunakan teknik stilasi, yaitu penggayaan bentuk asli menjadi ornamen dekoratif dengan tetap mempertahankan ciri utama objek sumber. Tata letak menggunakan pola acak terkontrol, dengan klimaks visual yang jelas, kesatuan ornamen, dan kesatuan ornamen. Pewarnaan memakai warna coklat, krem, dan emas bernuansa tradisional. Desain harus mempertahankan karakter tekstur tenun ikat tradisional, tetap mempertahankan tekstur tenun ikat tradisional, dan mengutamakan nilai estetika, fungsi, dan identitas lokal Endek Bali."
flora/F-068-flora_87.jpg,D:\DISERTASI_S3\WIWIK\DATASET_L2\EndekGAN\EndekGAN_Dataset\flora\F-068-flora_87.jpg,flora,0,8200348114ffda8f498595f00c148d62,Motif Endek Flora berbasis daun dan sulur tanaman tropis Bali,daun dan sulur tanaman tropis Bali,deformasi,pola tunggal,kontras bentuk dan warna; keseimbangan visual; kesatuan ornamen,"warna coklat, krem, dan emas bernuansa tradisional",motif tetap terbaca pada skala benang,memadukan unsur lama dan unsur baru secara kreatif,"Motif Endek Flora berbasis daun dan sulur tanaman tropis Bali. Desain kain Endek Bali bertema flora yang terinspirasi dari daun dan sulur tanaman tropis Bali. Motif dibuat menggunakan teknik deformasi, yaitu penyederhanaan struktur dan proporsi bentuk asli menjadi bentuk baru yang lebih dekoratif. Tata letak menggunakan pola tunggal, dengan kontras bentuk dan warna, keseimbangan visual, dan kesatuan ornamen. Pewarnaan memakai warna coklat, krem, dan emas bernuansa tradisional. Desain harus motif tetap terbaca pada skala benang, tetap mempertahankan tekstur tenun ikat tradisional, dan memadukan unsur lama dan unsur baru secara kreatif."
flora/F-069-flora_113.jpg,D:\DISERTASI_S3\WIWIK\DATASET_L2\EndekGAN\EndekGAN_Dataset\flora\F-069-flora_113.jpg,flora,0,77a513ce71be0417b1b76cc42f39d48a,Motif Endek Flora berbasis motif bunga lokal dengan kelopak berulang,motif bunga lokal dengan kelopak berulang,deformasi,pola ulang himpunan,irama repetitif; kesatuan ornamen; kesatuan ornamen,"warna biru, hitam, dan putih dengan kontras kuat",mempertahankan karakter tekstur tenun ikat tradisional,digunakan dalam konteks budaya Bali,"Motif Endek Flora berbasis motif bunga lokal dengan kelopak berulang. Desain kain Endek Bali bertema flora yang terinspirasi dari motif bunga lokal dengan kelopak berulang. Motif dibuat menggunakan teknik deformasi, yaitu penyederhanaan struktur dan proporsi bentuk asli menjadi bentuk baru yang lebih dekoratif. Tata letak menggunakan pola ulang himpunan, dengan irama repetitif, kesatuan ornamen, dan kesatuan ornamen. Pewarnaan memakai warna biru, hitam, dan putih dengan kontras kuat. Desain harus mempertahankan karakter tekstur tenun ikat tradisional, tetap mempertahankan tekstur tenun ikat tradisional, dan digunakan dalam konteks budaya Bali."
flora/F-070-flora_86.jpg,D:\DISERTASI_S3\WIWIK\DATASET_L2\EndekGAN\EndekGAN_Dataset\flora\F-070-flora_86.jpg,flora,0,670235fbe689325c1e45d1819765f0e2,Motif Endek Flora berbasis bunga teratai sebagai simbol keindahan dan keseimbangan,bunga teratai sebagai simbol keindahan dan keseimbangan,distorsi,pola acak terkontrol,proporsi seimbang; klimaks visual yang jelas; kesatuan ornamen,"warna biru, hitam, dan putih dengan kontras kuat",layak diterapkan pada proses ikat tenun Endek,menjaga kesakralan dan kepantasan motif,"Motif Endek Flora berbasis bunga teratai sebagai simbol keindahan dan keseimbangan. Desain kain Endek Bali bertema flora yang terinspirasi dari bunga teratai sebagai simbol keindahan dan keseimbangan. Motif dibuat menggunakan teknik distorsi, yaitu perubahan bentuk dengan penekanan atau pelebaran proporsi untuk menghasilkan karakter visual yang lebih ekspresif. Tata letak menggunakan pola acak terkontrol, dengan proporsi seimbang, klimaks visual yang jelas, dan kesatuan ornamen. Pewarnaan memakai warna biru, hitam, dan putih dengan kontras kuat. Desain harus layak diterapkan pada proses ikat tenun Endek, tetap mempertahankan tekstur tenun ikat tradisional, dan menjaga kesakralan dan kepantasan motif."
flora/F-071-flora_109.jpg,D:\DISERTASI_S3\WIWIK\DATASET_L2\EndekGAN\EndekGAN_Dataset\flora\F-071-flora_109.jpg,flora,0,07f49e8c24f425c953a49eff50a04d5f,Motif Endek Flora berbasis daun dan sulur tanaman tropis Bali,daun dan sulur tanaman tropis Bali,deformasi,pola ulang menyeluruh,keseimbangan visual; proporsi seimbang; kesatuan ornamen,"warna biru, hitam, dan putih dengan kontras kuat",motif tetap terbaca pada skala benang,memadukan unsur lama dan unsur baru secara kreatif,"Motif Endek Flora berbasis daun dan sulur tanaman tropis Bali. Desain kain Endek Bali bertema flora yang terinspirasi dari daun dan sulur tanaman tropis Bali. Motif dibuat menggunakan teknik deformasi, yaitu penyederhanaan struktur dan proporsi bentuk asli menjadi bentuk baru yang lebih dekoratif. Tata letak menggunakan pola ulang menyeluruh, dengan keseimbangan visual, proporsi seimbang, dan kesatuan ornamen. Pewarnaan memakai warna biru, hitam, dan putih dengan kontras kuat. Desain harus motif tetap terbaca pada skala benang, tetap mempertahankan tekstur tenun ikat tradisional, dan memadukan unsur lama dan unsur baru secara kreatif."
flora/F-072-flora_102.jpg,D:\DISERTASI_S3\WIWIK\DATASET_L2\EndekGAN\EndekGAN_Dataset\flora\F-072-flora_102.jpg,flora,0,11774341f3b79d652fabe8efa8549d6f,Motif Endek Flora berbasis motif bunga lokal dengan kelopak berulang,motif bunga lokal dengan kelopak berulang,deformasi,pola tunggal,proporsi seimbang; irama repetitif; kesatuan ornamen,"warna coklat, krem, dan emas bernuansa tradisional","mempertimbangkan jarak antar ikatan minimal 0,5 cm agar warna celupan dapat masuk",digunakan dalam konteks budaya Bali,"Motif Endek Flora berbasis motif bunga lokal dengan kelopak berulang. Desain kain Endek Bali bertema flora yang terinspirasi dari motif bunga lokal dengan kelopak berulang. Motif dibuat menggunakan teknik deformasi, yaitu penyederhanaan struktur dan proporsi bentuk asli menjadi bentuk baru yang lebih dekoratif. Tata letak menggunakan pola tunggal, dengan proporsi seimbang, irama repetitif, dan kesatuan ornamen. Pewarnaan memakai warna coklat, krem, dan emas bernuansa tradisional. Desain harus mempertimbangkan jarak antar ikatan minimal 0,5 cm agar warna celupan dapat masuk, tetap mempertahankan tekstur tenun ikat tradisional, dan digunakan dalam konteks budaya Bali."
flora/F-073-flora_85.jpg,D:\DISERTASI_S3\WIWIK\DATASET_L2\EndekGAN\EndekGAN_Dataset\flora\F-073-flora_85.jpg,flora,0,ffc69197b1844604cb006eb00b7619d4,Motif Endek Flora berbasis daun dan sulur tanaman tropis Bali,daun dan sulur tanaman tropis Bali,deformasi,pola ulang menyeluruh,proporsi seimbang; proporsi seimbang; kesatuan ornamen,warna merah dan emas yang kontras,motif tetap terbaca pada skala benang,digunakan dalam konteks budaya Bali,"Motif Endek Flora berbasis daun dan sulur tanaman tropis Bali. Desain kain Endek Bali bertema flora yang terinspirasi dari daun dan sulur tanaman tropis Bali. Motif dibuat menggunakan teknik deformasi, yaitu penyederhanaan struktur dan proporsi bentuk asli menjadi bentuk baru yang lebih dekoratif. Tata letak menggunakan pola ulang menyeluruh, dengan proporsi seimbang, proporsi seimbang, dan kesatuan ornamen. Pewarnaan memakai warna merah dan emas yang kontras. Desain harus motif tetap terbaca pada skala benang, tetap mempertahankan tekstur tenun ikat tradisional, dan digunakan dalam konteks budaya Bali."
flora/F-074-flora_112.jpg,D:\DISERTASI_S3\WIWIK\DATASET_L2\EndekGAN\EndekGAN_Dataset\flora\F-074-flora_112.jpg,flora,0,747ed7740250abf50cb18851937542b8,Motif Endek Flora berbasis bunga kamboja sebagai simbol kesucian,bunga kamboja sebagai simbol kesucian,distorsi,pola tunggal,klimaks visual yang jelas; kesatuan ornamen; kesatuan ornamen,"warna biru, hitam, dan putih dengan kontras kuat",mempertahankan karakter tekstur tenun ikat tradisional,digunakan dalam konteks budaya Bali,"Motif Endek Flora berbasis bunga kamboja sebagai simbol kesucian. Desain kain Endek Bali bertema flora yang terinspirasi dari bunga kamboja sebagai simbol kesucian. Motif dibuat menggunakan teknik distorsi, yaitu perubahan bentuk dengan penekanan atau pelebaran proporsi untuk menghasilkan karakter visual yang lebih ekspresif. Tata letak menggunakan pola tunggal, dengan klimaks visual yang jelas, kesatuan ornamen, dan kesatuan ornamen. Pewarnaan memakai warna biru, hitam, dan putih dengan kontras kuat. Desain harus mempertahankan karakter tekstur tenun ikat tradisional, tetap mempertahankan tekstur tenun ikat tradisional, dan digunakan dalam konteks budaya Bali."
flora/F-075-flora_91.jpg,D:\DISERTASI_S3\WIWIK\DATASET_L2\EndekGAN\EndekGAN_Dataset\flora\F-075-flora_91.jpg,flora,0,4e3a42f8ed0ac09792a26165ebd37469,Motif Endek Flora berbasis motif bunga lokal dengan kelopak berulang,motif bunga lokal dengan kelopak berulang,stilasi,pola ulang menyeluruh,keseimbangan visual; proporsi seimbang; kesatuan ornamen,warna hijau dan kuning yang harmonis,mempertahankan karakter tekstur tenun ikat tradisional,"mengutamakan nilai estetika, fungsi, dan identitas lokal Endek Bali","Motif Endek Flora berbasis motif bunga lokal dengan kelopak berulang. Desain kain Endek Bali bertema flora yang terinspirasi dari motif bunga lokal dengan kelopak berulang. Motif dibuat menggunakan teknik stilasi, yaitu penggayaan bentuk asli menjadi ornamen dekoratif dengan tetap mempertahankan ciri utama objek sumber. Tata letak menggunakan pola ulang menyeluruh, dengan keseimbangan visual, proporsi seimbang, dan kesatuan ornamen. Pewarnaan memakai warna hijau dan kuning yang harmonis. Desain harus mempertahankan karakter tekstur tenun ikat tradisional, tetap mempertahankan tekstur tenun ikat tradisional, dan mengutamakan nilai estetika, fungsi, dan identitas lokal Endek Bali."
flora/F-076-flora_108.jpg,D:\DISERTASI_S3\WIWIK\DATASET_L2\EndekGAN\EndekGAN_Dataset\flora\F-076-flora_108.jpg,flora,0,d7a986d2c91784d704f6272c1957eb3b,Motif Endek Flora berbasis daun dan sulur tanaman tropis Bali,daun dan sulur tanaman tropis Bali,distorsi,pola ulang menyeluruh,kesatuan ornamen; klimaks visual yang jelas; kesatuan ornamen,"warna coklat, krem, dan emas bernuansa tradisional",struktur ornamen tidak terlalu rapat sehingga dapat diendekkan,memadukan unsur lama dan unsur baru secara kreatif,"Motif Endek Flora berbasis daun dan sulur tanaman tropis Bali. Desain kain Endek Bali bertema flora yang terinspirasi dari daun dan sulur tanaman tropis Bali. Motif dibuat menggunakan teknik distorsi, yaitu perubahan bentuk dengan penekanan atau pelebaran proporsi untuk menghasilkan karakter visual yang lebih ekspresif. Tata letak menggunakan pola ulang menyeluruh, dengan kesatuan ornamen, klimaks visual yang jelas, dan kesatuan ornamen. Pewarnaan memakai warna coklat, krem, dan emas bernuansa tradisional. Desain harus struktur ornamen tidak terlalu rapat sehingga dapat diendekkan, tetap mempertahankan tekstur tenun ikat tradisional, dan memadukan unsur lama dan unsur baru secara kreatif."
flora/F-077-flora_111.jpg,D:\DISERTASI_S3\WIWIK\DATASET_L2\EndekGAN\EndekGAN_Dataset\flora\F-077-flora_111.jpg,flora,0,6d4fc1b25693468fcf03ca6c2b89a4db,Motif Endek Flora berbasis motif bunga lokal dengan kelopak berulang,motif bunga lokal dengan kelopak berulang,stilasi,pola ulang himpunan,klimaks visual yang jelas; proporsi seimbang; kesatuan ornamen,"warna biru, hitam, dan putih dengan kontras kuat",mempertahankan karakter tekstur tenun ikat tradisional,menjaga kesakralan dan kepantasan motif,"Motif Endek Flora berbasis motif bunga lokal dengan kelopak berulang. Desain kain Endek Bali bertema flora yang terinspirasi dari motif bunga lokal dengan kelopak berulang. Motif dibuat menggunakan teknik stilasi, yaitu penggayaan bentuk asli menjadi ornamen dekoratif dengan tetap mempertahankan ciri utama objek sumber. Tata letak menggunakan pola ulang himpunan, dengan klimaks visual yang jelas, proporsi seimbang, dan kesatuan ornamen. Pewarnaan memakai warna biru, hitam, dan putih dengan kontras kuat. Desain harus mempertahankan karakter tekstur tenun ikat tradisional, tetap mempertahankan tekstur tenun ikat tradisional, dan menjaga kesakralan dan kepantasan motif."
flora/F-078-flora_90.jpg,D:\DISERTASI_S3\WIWIK\DATASET_L2\EndekGAN\EndekGAN_Dataset\flora\F-078-flora_90.jpg,flora,0,dc9fabdea76be0bc245f646f389cd6b2,Motif Endek Flora berbasis bunga teratai sebagai simbol keindahan dan keseimbangan,bunga teratai sebagai simbol keindahan dan keseimbangan,distorsi,pola tunggal,proporsi seimbang; kontras bentuk dan warna; kesatuan ornamen,warna cerah khas kain upacara Bali,mempertahankan karakter tekstur tenun ikat tradisional,memadukan unsur lama dan unsur baru secara kreatif,"Motif Endek Flora berbasis bunga teratai sebagai simbol keindahan dan keseimbangan. Desain kain Endek Bali bertema flora yang terinspirasi dari bunga teratai sebagai simbol keindahan dan keseimbangan. Motif dibuat menggunakan teknik distorsi, yaitu perubahan bentuk dengan penekanan atau pelebaran proporsi untuk menghasilkan karakter visual yang lebih ekspresif. Tata letak menggunakan pola tunggal, dengan proporsi seimbang, kontras bentuk dan warna, dan kesatuan ornamen. Pewarnaan memakai warna cerah khas kain upacara Bali. Desain harus mempertahankan karakter tekstur tenun ikat tradisional, tetap mempertahankan tekstur tenun ikat tradisional, dan memadukan unsur lama dan unsur baru secara kreatif."
flora/F-079-flora_89.jpg,D:\DISERTASI_S3\WIWIK\DATASET_L2\EndekGAN\EndekGAN_Dataset\flora\F-079-flora_89.jpg,flora,0,f3a02a2cc5e0463f130c45a99793e0b0,Motif Endek Flora berbasis bunga teratai sebagai simbol keindahan dan keseimbangan,bunga teratai sebagai simbol keindahan dan keseimbangan,deformasi,pola ulang menyeluruh,proporsi seimbang; kesatuan ornamen; kesatuan ornamen,"warna biru, hitam, dan putih dengan kontras kuat",struktur ornamen tidak terlalu rapat sehingga dapat diendekkan,"mengutamakan nilai estetika, fungsi, dan identitas lokal Endek Bali","Motif Endek Flora berbasis bunga teratai sebagai simbol keindahan dan keseimbangan. Desain kain Endek Bali bertema flora yang terinspirasi dari bunga teratai sebagai simbol keindahan dan keseimbangan. Motif dibuat menggunakan teknik deformasi, yaitu penyederhanaan struktur dan proporsi bentuk asli menjadi bentuk baru yang lebih dekoratif. Tata letak menggunakan pola ulang menyeluruh, dengan proporsi seimbang, kesatuan ornamen, dan kesatuan ornamen. Pewarnaan memakai warna biru, hitam, dan putih dengan kontras kuat. Desain harus struktur ornamen tidak terlalu rapat sehingga dapat diendekkan, tetap mempertahankan tekstur tenun ikat tradisional, dan mengutamakan nilai estetika, fungsi, dan identitas lokal Endek Bali."
flora/F-080-flora_95.jpg,D:\DISERTASI_S3\WIWIK\DATASET_L2\EndekGAN\EndekGAN_Dataset\flora\F-080-flora_95.jpg,flora,0,db2463653815cf7058f731b6e7de1eeb,Motif Endek Flora berbasis motif bunga lokal dengan kelopak berulang,motif bunga lokal dengan kelopak berulang,stilasi,pola ulang himpunan,klimaks visual yang jelas; klimaks visual yang jelas; kesatuan ornamen,warna merah dan emas yang kontras,motif tetap terbaca pada skala benang,menjaga kesakralan dan kepantasan motif,"Motif Endek Flora berbasis motif bunga lokal dengan kelopak berulang. Desain kain Endek Bali bertema flora yang terinspirasi dari motif bunga lokal dengan kelopak berulang. Motif dibuat menggunakan teknik stilasi, yaitu penggayaan bentuk asli menjadi ornamen dekoratif dengan tetap mempertahankan ciri utama objek sumber. Tata letak menggunakan pola ulang himpunan, dengan klimaks visual yang jelas, klimaks visual yang jelas, dan kesatuan ornamen. Pewarnaan memakai warna merah dan emas yang kontras. Desain harus motif tetap terbaca pada skala benang, tetap mempertahankan tekstur tenun ikat tradisional, dan menjaga kesakralan dan kepantasan motif."
flora/F-081-flora_107.jpg,D:\DISERTASI_S3\WIWIK\DATASET_L2\EndekGAN\EndekGAN_Dataset\flora\F-081-flora_107.jpg,flora,0,dd7f62420344682c32918d8657077249,Motif Endek Flora berbasis motif bunga lokal dengan kelopak berulang,motif bunga lokal dengan kelopak berulang,distorsi,pola ulang menyeluruh,klimaks visual yang jelas; klimaks visual yang jelas; kesatuan ornamen,warna merah dan emas yang kontras,mempertahankan karakter tekstur tenun ikat tradisional,menjaga kesakralan dan kepantasan motif,"Motif Endek Flora berbasis motif bunga lokal dengan kelopak berulang. Desain kain Endek Bali bertema flora yang terinspirasi dari motif bunga lokal dengan kelopak berulang. Motif dibuat menggunakan teknik distorsi, yaitu perubahan bentuk dengan penekanan atau pelebaran proporsi untuk menghasilkan karakter visual yang lebih ekspresif. Tata letak menggunakan pola ulang menyeluruh, dengan klimaks visual yang jelas, klimaks visual yang jelas, dan kesatuan ornamen. Pewarnaan memakai warna merah dan emas yang kontras. Desain harus mempertahankan karakter tekstur tenun ikat tradisional, tetap mempertahankan tekstur tenun ikat tradisional, dan menjaga kesakralan dan kepantasan motif."
flora/F-082-flora_114.jpg,D:\DISERTASI_S3\WIWIK\DATASET_L2\EndekGAN\EndekGAN_Dataset\flora\F-082-flora_114.jpg,flora,0,6c9f086237217c24d82150a5e71e8aa8,Motif Endek Flora berbasis motif bunga lokal dengan kelopak berulang,motif bunga lokal dengan kelopak berulang,distorsi,pola ulang himpunan,kontras bentuk dan warna; keseimbangan visual; kesatuan ornamen,"warna biru, hitam, dan putih dengan kontras kuat","mempertimbangkan jarak antar ikatan minimal 0,5 cm agar warna celupan dapat masuk",digunakan dalam konteks budaya Bali,"Motif Endek Flora berbasis motif bunga lokal dengan kelopak berulang. Desain kain Endek Bali bertema flora yang terinspirasi dari motif bunga lokal dengan kelopak berulang. Motif dibuat menggunakan teknik distorsi, yaitu perubahan bentuk dengan penekanan atau pelebaran proporsi untuk menghasilkan karakter visual yang lebih ekspresif. Tata letak menggunakan pola ulang himpunan, dengan kontras bentuk dan warna, keseimbangan visual, dan kesatuan ornamen. Pewarnaan memakai warna biru, hitam, dan putih dengan kontras kuat. Desain harus mempertimbangkan jarak antar ikatan minimal 0,5 cm agar warna celupan dapat masuk, tetap mempertahankan tekstur tenun ikat tradisional, dan digunakan dalam konteks budaya Bali."
flora/F-083-flora_94.jpg,D:\DISERTASI_S3\WIWIK\DATASET_L2\EndekGAN\EndekGAN_Dataset\flora\F-083-flora_94.jpg,flora,0,78413682b8175a8f1e81b3159aaa5f1c,Motif Endek Flora berbasis daun dan sulur tanaman tropis Bali,daun dan sulur tanaman tropis Bali,deformasi,pola ulang menyeluruh,kontras bentuk dan warna; irama repetitif; kesatuan ornamen,warna cerah khas kain upacara Bali,struktur ornamen tidak terlalu rapat sehingga dapat diendekkan,"mengutamakan nilai estetika, fungsi, dan identitas lokal Endek Bali","Motif Endek Flora berbasis daun dan sulur tanaman tropis Bali. Desain kain Endek Bali bertema flora yang terinspirasi dari daun dan sulur tanaman tropis Bali. Motif dibuat menggunakan teknik deformasi, yaitu penyederhanaan struktur dan proporsi bentuk asli menjadi bentuk baru yang lebih dekoratif. Tata letak menggunakan pola ulang menyeluruh, dengan kontras bentuk dan warna, irama repetitif, dan kesatuan ornamen. Pewarnaan memakai warna cerah khas kain upacara Bali. Desain harus struktur ornamen tidak terlalu rapat sehingga dapat diendekkan, tetap mempertahankan tekstur tenun ikat tradisional, dan mengutamakan nilai estetika, fungsi, dan identitas lokal Endek Bali."
flora/F-084-flora_100.jpg,D:\DISERTASI_S3\WIWIK\DATASET_L2\EndekGAN\EndekGAN_Dataset\flora\F-084-flora_100.jpg,flora,0,2630ba5a987397d92a537fa7a17eb4e1,Motif Endek Flora berbasis bunga teratai sebagai simbol keindahan dan keseimbangan,bunga teratai sebagai simbol keindahan dan keseimbangan,distorsi,pola ulang menyeluruh,kesatuan ornamen; kontras bentuk dan warna; kesatuan ornamen,"warna coklat, krem, dan emas bernuansa tradisional",layak diterapkan pada proses ikat tenun Endek,digunakan dalam konteks budaya Bali,"Motif Endek Flora berbasis bunga teratai sebagai simbol keindahan dan keseimbangan. Desain kain Endek Bali bertema flora yang terinspirasi dari bunga teratai sebagai simbol keindahan dan keseimbangan. Motif dibuat menggunakan teknik distorsi, yaitu perubahan bentuk dengan penekanan atau pelebaran proporsi untuk menghasilkan karakter visual yang lebih ekspresif. Tata letak menggunakan pola ulang menyeluruh, dengan kesatuan ornamen, kontras bentuk dan warna, dan kesatuan ornamen. Pewarnaan memakai warna coklat, krem, dan emas bernuansa tradisional. Desain harus layak diterapkan pada proses ikat tenun Endek, tetap mempertahankan tekstur tenun ikat tradisional, dan digunakan dalam konteks budaya Bali."
flora/F-085-flora_104.jpg,D:\DISERTASI_S3\WIWIK\DATASET_L2\EndekGAN\EndekGAN_Dataset\flora\F-085-flora_104.jpg,flora,0,7f4e689bb7441817d378282d8bfe3669,Motif Endek Flora berbasis bunga teratai sebagai simbol keindahan dan keseimbangan,bunga teratai sebagai simbol keindahan dan keseimbangan,deformasi,pola ulang himpunan,kesatuan ornamen; kesatuan ornamen; kesatuan ornamen,"warna biru, hitam, dan putih dengan kontras kuat",mempertahankan karakter tekstur tenun ikat tradisional,menjaga kesakralan dan kepantasan motif,"Motif Endek Flora berbasis bunga teratai sebagai simbol keindahan dan keseimbangan. Desain kain Endek Bali bertema flora yang terinspirasi dari bunga teratai sebagai simbol keindahan dan keseimbangan. Motif dibuat menggunakan teknik deformasi, yaitu penyederhanaan struktur dan proporsi bentuk asli menjadi bentuk baru yang lebih dekoratif. Tata letak menggunakan pola ulang himpunan, dengan kesatuan ornamen, kesatuan ornamen, dan kesatuan ornamen. Pewarnaan memakai warna biru, hitam, dan putih dengan kontras kuat. Desain harus mempertahankan karakter tekstur tenun ikat tradisional, tetap mempertahankan tekstur tenun ikat tradisional, dan menjaga kesakralan dan kepantasan motif."
flora/F-086-flora_28.jpg,D:\DISERTASI_S3\WIWIK\DATASET_L2\EndekGAN\EndekGAN_Dataset\flora\F-086-flora_28.jpg,flora,0,4c68d2e1e85cb1ff61d0235f76e6efe9,Motif Endek Flora berbasis daun dan sulur tanaman tropis Bali,daun dan sulur tanaman tropis Bali,stilasi,pola ulang himpunan,keseimbangan visual; irama repetitif; kesatuan ornamen,"warna coklat, krem, dan emas bernuansa tradisional",motif tetap terbaca pada skala benang,"mengutamakan nilai estetika, fungsi, dan identitas lokal Endek Bali","Motif Endek Flora berbasis daun dan sulur tanaman tropis Bali. Desain kain Endek Bali bertema flora yang terinspirasi dari daun dan sulur tanaman tropis Bali. Motif dibuat menggunakan teknik stilasi, yaitu penggayaan bentuk asli menjadi ornamen dekoratif dengan tetap mempertahankan ciri utama objek sumber. Tata letak menggunakan pola ulang himpunan, dengan keseimbangan visual, irama repetitif, dan kesatuan ornamen. Pewarnaan memakai warna coklat, krem, dan emas bernuansa tradisional. Desain harus motif tetap terbaca pada skala benang, tetap mempertahankan tekstur tenun ikat tradisional, dan mengutamakan nilai estetika, fungsi, dan identitas lokal Endek Bali."
flora/F-087-flora_47.jpg,D:\DISERTASI_S3\WIWIK\DATASET_L2\EndekGAN\EndekGAN_Dataset\flora\F-087-flora_47.jpg,flora,0,782a903466a3e626fb1bd9e7b01c98e6,Motif Endek Flora berbasis bunga kamboja sebagai simbol kesucian,bunga kamboja sebagai simbol kesucian,distorsi,pola tunggal,irama repetitif; keseimbangan visual; kesatuan ornamen,"warna coklat, krem, dan emas bernuansa tradisional",motif tetap terbaca pada skala benang,"mengutamakan nilai estetika, fungsi, dan identitas lokal Endek Bali","Motif Endek Flora berbasis bunga kamboja sebagai simbol kesucian. Desain kain Endek Bali bertema flora yang terinspirasi dari bunga kamboja sebagai simbol kesucian. Motif dibuat menggunakan teknik distorsi, yaitu perubahan bentuk dengan penekanan atau pelebaran proporsi untuk menghasilkan karakter visual yang lebih ekspresif. Tata letak menggunakan pola tunggal, dengan irama repetitif, keseimbangan visual, dan kesatuan ornamen. Pewarnaan memakai warna coklat, krem, dan emas bernuansa tradisional. Desain harus motif tetap terbaca pada skala benang, tetap mempertahankan tekstur tenun ikat tradisional, dan mengutamakan nilai estetika, fungsi, dan identitas lokal Endek Bali."
flora/F-088-flora_33.jpg,D:\DISERTASI_S3\WIWIK\DATASET_L2\EndekGAN\EndekGAN_Dataset\flora\F-088-flora_33.jpg,flora,0,880f9492edb2f81cca5be6a8acee6ea6,Motif Endek Flora berbasis motif bunga lokal dengan kelopak berulang,motif bunga lokal dengan kelopak berulang,distorsi,pola ulang himpunan,klimaks visual yang jelas; proporsi seimbang; kesatuan ornamen,warna merah dan emas yang kontras,"mempertimbangkan jarak antar ikatan minimal 0,5 cm agar warna celupan dapat masuk",digunakan dalam konteks budaya Bali,"Motif Endek Flora berbasis motif bunga lokal dengan kelopak berulang. Desain kain Endek Bali bertema flora yang terinspirasi dari motif bunga lokal dengan kelopak berulang. Motif dibuat menggunakan teknik distorsi, yaitu perubahan bentuk dengan penekanan atau pelebaran proporsi untuk menghasilkan karakter visual yang lebih ekspresif. Tata letak menggunakan pola ulang himpunan, dengan klimaks visual yang jelas, proporsi seimbang, dan kesatuan ornamen. Pewarnaan memakai warna merah dan emas yang kontras. Desain harus mempertimbangkan jarak antar ikatan minimal 0,5 cm agar warna celupan dapat masuk, tetap mempertahankan tekstur tenun ikat tradisional, dan digunakan dalam konteks budaya Bali."
flora/F-089-flora_79.jpg,D:\DISERTASI_S3\WIWIK\DATASET_L2\EndekGAN\EndekGAN_Dataset\flora\F-089-flora_79.jpg,flora,0,6fe5c653db1b03193ad494f5f81a7098,Motif Endek Flora berbasis bunga teratai sebagai simbol keindahan dan keseimbangan,bunga teratai sebagai simbol keindahan dan keseimbangan,deformasi,pola ulang menyeluruh,proporsi seimbang; proporsi seimbang; kesatuan ornamen,warna merah dan emas yang kontras,struktur ornamen tidak terlalu rapat sehingga dapat diendekkan,"mengutamakan nilai estetika, fungsi, dan identitas lokal Endek Bali","Motif Endek Flora berbasis bunga teratai sebagai simbol keindahan dan keseimbangan. Desain kain Endek Bali bertema flora yang terinspirasi dari bunga teratai sebagai simbol keindahan dan keseimbangan. Motif dibuat menggunakan teknik deformasi, yaitu penyederhanaan struktur dan proporsi bentuk asli menjadi bentuk baru yang lebih dekoratif. Tata letak menggunakan pola ulang menyeluruh, dengan proporsi seimbang, proporsi seimbang, dan kesatuan ornamen. Pewarnaan memakai warna merah dan emas yang kontras. Desain harus struktur ornamen tidak terlalu rapat sehingga dapat diendekkan, tetap mempertahankan tekstur tenun ikat tradisional, dan mengutamakan nilai estetika, fungsi, dan identitas lokal Endek Bali."
flora/F-090-flora_78.jpg,D:\DISERTASI_S3\WIWIK\DATASET_L2\EndekGAN\EndekGAN_Dataset\flora\F-090-flora_78.jpg,flora,0,053278fb8573b245c48394193b0a3f7c,Motif Endek Flora berbasis bunga teratai sebagai simbol keindahan dan keseimbangan,bunga teratai sebagai simbol keindahan dan keseimbangan,stilasi,pola ulang menyeluruh,kontras bentuk dan warna; kesatuan ornamen; kesatuan ornamen,"warna coklat, krem, dan emas bernuansa tradisional",motif tetap terbaca pada skala benang,memadukan unsur lama dan unsur baru secara kreatif,"Motif Endek Flora berbasis bunga teratai sebagai simbol keindahan dan keseimbangan. Desain kain Endek Bali bertema flora yang terinspirasi dari bunga teratai sebagai simbol keindahan dan keseimbangan. Motif dibuat menggunakan teknik stilasi, yaitu penggayaan bentuk asli menjadi ornamen dekoratif dengan tetap mempertahankan ciri utama objek sumber. Tata letak menggunakan pola ulang menyeluruh, dengan kontras bentuk dan warna, kesatuan ornamen, dan kesatuan ornamen. Pewarnaan memakai warna coklat, krem, dan emas bernuansa tradisional. Desain harus motif tetap terbaca pada skala benang, tetap mempertahankan tekstur tenun ikat tradisional, dan memadukan unsur lama dan unsur baru secara kreatif."
flora/F-091-flora_43.jpg,D:\DISERTASI_S3\WIWIK\DATASET_L2\EndekGAN\EndekGAN_Dataset\flora\F-091-flora_43.jpg,flora,0,3d1bfd386d5baf2fd3642ef2c7891015,Motif Endek Flora berbasis daun dan sulur tanaman tropis Bali,daun dan sulur tanaman tropis Bali,stilasi,pola ulang menyeluruh,irama repetitif; klimaks visual yang jelas; kesatuan ornamen,"warna coklat, krem, dan emas bernuansa tradisional",mempertahankan karakter tekstur tenun ikat tradisional,memadukan unsur lama dan unsur baru secara kreatif,"Motif Endek Flora berbasis daun dan sulur tanaman tropis Bali. Desain kain Endek Bali bertema flora yang terinspirasi dari daun dan sulur tanaman tropis Bali. Motif dibuat menggunakan teknik stilasi, yaitu penggayaan bentuk asli menjadi ornamen dekoratif dengan tetap mempertahankan ciri utama objek sumber. Tata letak menggunakan pola ulang menyeluruh, dengan irama repetitif, klimaks visual yang jelas, dan kesatuan ornamen. Pewarnaan memakai warna coklat, krem, dan emas bernuansa tradisional. Desain harus mempertahankan karakter tekstur tenun ikat tradisional, tetap mempertahankan tekstur tenun ikat tradisional, dan memadukan unsur lama dan unsur baru secara kreatif."
flora/F-092-flora_16.jpg,D:\DISERTASI_S3\WIWIK\DATASET_L2\EndekGAN\EndekGAN_Dataset\flora\F-092-flora_16.jpg,flora,0,b6e04cd67ad0b24696bfb2857cd60809,Motif Endek Flora berbasis bunga kamboja sebagai simbol kesucian,bunga kamboja sebagai simbol kesucian,deformasi,pola tunggal,kesatuan ornamen; irama repetitif; kesatuan ornamen,warna hijau dan kuning yang harmonis,mempertahankan karakter tekstur tenun ikat tradisional,digunakan dalam konteks budaya Bali,"Motif Endek Flora berbasis bunga kamboja sebagai simbol kesucian. Desain kain Endek Bali bertema flora yang terinspirasi dari bunga kamboja sebagai simbol kesucian. Motif dibuat menggunakan teknik deformasi, yaitu penyederhanaan struktur dan proporsi bentuk asli menjadi bentuk baru yang lebih dekoratif. Tata letak menggunakan pola tunggal, dengan kesatuan ornamen, irama repetitif, dan kesatuan ornamen. Pewarnaan memakai warna hijau dan kuning yang harmonis. Desain harus mempertahankan karakter tekstur tenun ikat tradisional, tetap mempertahankan tekstur tenun ikat tradisional, dan digunakan dalam konteks budaya Bali."
flora/F-093-flora_64.jpg,D:\DISERTASI_S3\WIWIK\DATASET_L2\EndekGAN\EndekGAN_Dataset\flora\F-093-flora_64.jpg,flora,0,8a37894814fd93afea7403f61c5d8f3c,Motif Endek Flora berbasis motif bunga lokal dengan kelopak berulang,motif bunga lokal dengan kelopak berulang,deformasi,pola ulang menyeluruh,klimaks visual yang jelas; kontras bentuk dan warna; kesatuan ornamen,warna cerah khas kain upacara Bali,"mempertimbangkan jarak antar ikatan minimal 0,5 cm agar warna celupan dapat masuk","mengutamakan nilai estetika, fungsi, dan identitas lokal Endek Bali","Motif Endek Flora berbasis motif bunga lokal dengan kelopak berulang. Desain kain Endek Bali bertema flora yang terinspirasi dari motif bunga lokal dengan kelopak berulang. Motif dibuat menggunakan teknik deformasi, yaitu penyederhanaan struktur dan proporsi bentuk asli menjadi bentuk baru yang lebih dekoratif. Tata letak menggunakan pola ulang menyeluruh, dengan klimaks visual yang jelas, kontras bentuk dan warna, dan kesatuan ornamen. Pewarnaan memakai warna cerah khas kain upacara Bali. Desain harus mempertimbangkan jarak antar ikatan minimal 0,5 cm agar warna celupan dapat masuk, tetap mempertahankan tekstur tenun ikat tradisional, dan mengutamakan nilai estetika, fungsi, dan identitas lokal Endek Bali."
flora/F-094-flora_53.jpg,D:\DISERTASI_S3\WIWIK\DATASET_L2\EndekGAN\EndekGAN_Dataset\flora\F-094-flora_53.jpg,flora,0,0bc292e941ceb596ffe63a3be9f16fb6,Motif Endek Flora berbasis bunga kamboja sebagai simbol kesucian,bunga kamboja sebagai simbol kesucian,deformasi,pola tunggal,proporsi seimbang; irama repetitif; kesatuan ornamen,"warna biru, hitam, dan putih dengan kontras kuat",mempertahankan karakter tekstur tenun ikat tradisional,memadukan unsur lama dan unsur baru secara kreatif,"Motif Endek Flora berbasis bunga kamboja sebagai simbol kesucian. Desain kain Endek Bali bertema flora yang terinspirasi dari bunga kamboja sebagai simbol kesucian. Motif dibuat menggunakan teknik deformasi, yaitu penyederhanaan struktur dan proporsi bentuk asli menjadi bentuk baru yang lebih dekoratif. Tata letak menggunakan pola tunggal, dengan proporsi seimbang, irama repetitif, dan kesatuan ornamen. Pewarnaan memakai warna biru, hitam, dan putih dengan kontras kuat. Desain harus mempertahankan karakter tekstur tenun ikat tradisional, tetap mempertahankan tekstur tenun ikat tradisional, dan memadukan unsur lama dan unsur baru secara kreatif."
flora/F-095-flora_35.jpg,D:\DISERTASI_S3\WIWIK\DATASET_L2\EndekGAN\EndekGAN_Dataset\flora\F-095-flora_35.jpg,flora,0,0e290ab52334ca24a1d5927d541088f9,Motif Endek Flora berbasis motif bunga lokal dengan kelopak berulang,motif bunga lokal dengan kelopak berulang,distorsi,pola ulang himpunan,proporsi seimbang; klimaks visual yang jelas; kesatuan ornamen,warna cerah khas kain upacara Bali,layak diterapkan pada proses ikat tenun Endek,menjaga kesakralan dan kepantasan motif,"Motif Endek Flora berbasis motif bunga lokal dengan kelopak berulang. Desain kain Endek Bali bertema flora yang terinspirasi dari motif bunga lokal dengan kelopak berulang. Motif dibuat menggunakan teknik distorsi, yaitu perubahan bentuk dengan penekanan atau pelebaran proporsi untuk menghasilkan karakter visual yang lebih ekspresif. Tata letak menggunakan pola ulang himpunan, dengan proporsi seimbang, klimaks visual yang jelas, dan kesatuan ornamen. Pewarnaan memakai warna cerah khas kain upacara Bali. Desain harus layak diterapkan pada proses ikat tenun Endek, tetap mempertahankan tekstur tenun ikat tradisional, dan menjaga kesakralan dan kepantasan motif."
flora/F-096-flora_34.jpg,D:\DISERTASI_S3\WIWIK\DATASET_L2\EndekGAN\EndekGAN_Dataset\flora\F-096-flora_34.jpg,flora,0,0876c8606e3652bb1d56bcd0f3305550,Motif Endek Flora berbasis bunga kamboja sebagai simbol kesucian,bunga kamboja sebagai simbol kesucian,deformasi,pola acak terkontrol,klimaks visual yang jelas; kesatuan ornamen; kesatuan ornamen,"warna biru, hitam, dan putih dengan kontras kuat",struktur ornamen tidak terlalu rapat sehingga dapat diendekkan,memadukan unsur lama dan unsur baru secara kreatif,"Motif Endek Flora berbasis bunga kamboja sebagai simbol kesucian. Desain kain Endek Bali bertema flora yang terinspirasi dari bunga kamboja sebagai simbol kesucian. Motif dibuat menggunakan teknik deformasi, yaitu penyederhanaan struktur dan proporsi bentuk asli menjadi bentuk baru yang lebih dekoratif. Tata letak menggunakan pola acak terkontrol, dengan klimaks visual yang jelas, kesatuan ornamen, dan kesatuan ornamen. Pewarnaan memakai warna biru, hitam, dan putih dengan kontras kuat. Desain harus struktur ornamen tidak terlalu rapat sehingga dapat diendekkan, tetap mempertahankan tekstur tenun ikat tradisional, dan memadukan unsur lama dan unsur baru secara kreatif."
flora/F-097-flora_61.jpg,D:\DISERTASI_S3\WIWIK\DATASET_L2\EndekGAN\EndekGAN_Dataset\flora\F-097-flora_61.jpg,flora,0,3e5e37c4d3cff0f5d6c8d197ce9e9384,Motif Endek Flora berbasis bunga kamboja sebagai simbol kesucian,bunga kamboja sebagai simbol kesucian,deformasi,pola acak terkontrol,keseimbangan visual; irama repetitif; kesatuan ornamen,"warna coklat, krem, dan emas bernuansa tradisional",mempertahankan karakter tekstur tenun ikat tradisional,menjaga kesakralan dan kepantasan motif,"Motif Endek Flora berbasis bunga kamboja sebagai simbol kesucian. Desain kain Endek Bali bertema flora yang terinspirasi dari bunga kamboja sebagai simbol kesucian. Motif dibuat menggunakan teknik deformasi, yaitu penyederhanaan struktur dan proporsi bentuk asli menjadi bentuk baru yang lebih dekoratif. Tata letak menggunakan pola acak terkontrol, dengan keseimbangan visual, irama repetitif, dan kesatuan ornamen. Pewarnaan memakai warna coklat, krem, dan emas bernuansa tradisional. Desain harus mempertahankan karakter tekstur tenun ikat tradisional, tetap mempertahankan tekstur tenun ikat tradisional, dan menjaga kesakralan dan kepantasan motif."
flora/F-098-flora_80.jpg,D:\DISERTASI_S3\WIWIK\DATASET_L2\EndekGAN\EndekGAN_Dataset\flora\F-098-flora_80.jpg,flora,0,2994cb6055c97b8a0ddcd9fee49386c8,Motif Endek Flora berbasis motif bunga lokal dengan kelopak berulang,motif bunga lokal dengan kelopak berulang,stilasi,pola acak terkontrol,irama repetitif; kontras bentuk dan warna; kesatuan ornamen,warna merah dan emas yang kontras,mempertahankan karakter tekstur tenun ikat tradisional,menjaga kesakralan dan kepantasan motif,"Motif Endek Flora berbasis motif bunga lokal dengan kelopak berulang. Desain kain Endek Bali bertema flora yang terinspirasi dari motif bunga lokal dengan kelopak berulang. Motif dibuat menggunakan teknik stilasi, yaitu penggayaan bentuk asli menjadi ornamen dekoratif dengan tetap mempertahankan ciri utama objek sumber. Tata letak menggunakan pola acak terkontrol, dengan irama repetitif, kontras bentuk dan warna, dan kesatuan ornamen. Pewarnaan memakai warna merah dan emas yang kontras. Desain harus mempertahankan karakter tekstur tenun ikat tradisional, tetap mempertahankan tekstur tenun ikat tradisional, dan menjaga kesakralan dan kepantasan motif."
flora/F-099-flora_67.jpg,D:\DISERTASI_S3\WIWIK\DATASET_L2\EndekGAN\EndekGAN_Dataset\flora\F-099-flora_67.jpg,flora,0,d51a56b6049abe55ad6da3a83db57b07,Motif Endek Flora berbasis bunga teratai sebagai simbol keindahan dan keseimbangan,bunga teratai sebagai simbol keindahan dan keseimbangan,deformasi,pola acak terkontrol,kontras bentuk dan warna; kesatuan ornamen; kesatuan ornamen,warna hijau dan kuning yang harmonis,mempertahankan karakter tekstur tenun ikat tradisional,digunakan dalam konteks budaya Bali,"Motif Endek Flora berbasis bunga teratai sebagai simbol keindahan dan keseimbangan. Desain kain Endek Bali bertema flora yang terinspirasi dari bunga teratai sebagai simbol keindahan dan keseimbangan. Motif dibuat menggunakan teknik deformasi, yaitu penyederhanaan struktur dan proporsi bentuk asli menjadi bentuk baru yang lebih dekoratif. Tata letak menggunakan pola acak terkontrol, dengan kontras bentuk dan warna, kesatuan ornamen, dan kesatuan ornamen. Pewarnaan memakai warna hijau dan kuning yang harmonis. Desain harus mempertahankan karakter tekstur tenun ikat tradisional, tetap mempertahankan tekstur tenun ikat tradisional, dan digunakan dalam konteks budaya Bali."
flora/F-100-flora_23.jpg,D:\DISERTASI_S3\WIWIK\DATASET_L2\EndekGAN\EndekGAN_Dataset\flora\F-100-flora_23.jpg,flora,0,a33a0e8986787ed14d0eae828ef98b8c,Motif Endek Flora berbasis motif bunga lokal dengan kelopak berulang,motif bunga lokal dengan kelopak berulang,distorsi,pola tunggal,kesatuan ornamen; proporsi seimbang; kesatuan ornamen,warna merah dan emas yang kontras,mempertahankan karakter tekstur tenun ikat tradisional,menjaga kesakralan dan kepantasan motif,"Motif Endek Flora berbasis motif bunga lokal dengan kelopak berulang. Desain kain Endek Bali bertema flora yang terinspirasi dari motif bunga lokal dengan kelopak berulang. Motif dibuat menggunakan teknik distorsi, yaitu perubahan bentuk dengan penekanan atau pelebaran proporsi untuk menghasilkan karakter visual yang lebih ekspresif. Tata letak menggunakan pola tunggal, dengan kesatuan ornamen, proporsi seimbang, dan kesatuan ornamen. Pewarnaan memakai warna merah dan emas yang kontras. Desain harus mempertahankan karakter tekstur tenun ikat tradisional, tetap mempertahankan tekstur tenun ikat tradisional, dan menjaga kesakralan dan kepantasan motif."
flora/F-101-flora_65.jpg,D:\DISERTASI_S3\WIWIK\DATASET_L2\EndekGAN\EndekGAN_Dataset\flora\F-101-flora_65.jpg,flora,0,128adf2f4d9c967f8267f7ce3b023a99,Motif Endek Flora berbasis bunga kamboja sebagai simbol kesucian,bunga kamboja sebagai simbol kesucian,distorsi,pola acak terkontrol,kesatuan ornamen; irama repetitif; kesatuan ornamen,"warna coklat, krem, dan emas bernuansa tradisional",motif tetap terbaca pada skala benang,menjaga kesakralan dan kepantasan motif,"Motif Endek Flora berbasis bunga kamboja sebagai simbol kesucian. Desain kain Endek Bali bertema flora yang terinspirasi dari bunga kamboja sebagai simbol kesucian. Motif dibuat menggunakan teknik distorsi, yaitu perubahan bentuk dengan penekanan atau pelebaran proporsi untuk menghasilkan karakter visual yang lebih ekspresif. Tata letak menggunakan pola acak terkontrol, dengan kesatuan ornamen, irama repetitif, dan kesatuan ornamen. Pewarnaan memakai warna coklat, krem, dan emas bernuansa tradisional. Desain harus motif tetap terbaca pada skala benang, tetap mempertahankan tekstur tenun ikat tradisional, dan menjaga kesakralan dan kepantasan motif."
flora/F-102-flora_68.jpg,D:\DISERTASI_S3\WIWIK\DATASET_L2\EndekGAN\EndekGAN_Dataset\flora\F-102-flora_68.jpg,flora,0,7bf1200efc65f92454e1a2d838309021,Motif Endek Flora berbasis daun dan sulur tanaman tropis Bali,daun dan sulur tanaman tropis Bali,stilasi,pola ulang himpunan,keseimbangan visual; keseimbangan visual; kesatuan ornamen,warna cerah khas kain upacara Bali,layak diterapkan pada proses ikat tenun Endek,"mengutamakan nilai estetika, fungsi, dan identitas lokal Endek Bali","Motif Endek Flora berbasis daun dan sulur tanaman tropis Bali. Desain kain Endek Bali bertema flora yang terinspirasi dari daun dan sulur tanaman tropis Bali. Motif dibuat menggunakan teknik stilasi, yaitu penggayaan bentuk asli menjadi ornamen dekoratif dengan tetap mempertahankan ciri utama objek sumber. Tata letak menggunakan pola ulang himpunan, dengan keseimbangan visual, keseimbangan visual, dan kesatuan ornamen. Pewarnaan memakai warna cerah khas kain upacara Bali. Desain harus layak diterapkan pada proses ikat tenun Endek, tetap mempertahankan tekstur tenun ikat tradisional, dan mengutamakan nilai estetika, fungsi, dan identitas lokal Endek Bali."
flora/F-103-flora_52.jpg,D:\DISERTASI_S3\WIWIK\DATASET_L2\EndekGAN\EndekGAN_Dataset\flora\F-103-flora_52.jpg,flora,0,2e4904a52da9b4f82704856338b7a9f4,Motif Endek Flora berbasis daun dan sulur tanaman tropis Bali,daun dan sulur tanaman tropis Bali,deformasi,pola acak terkontrol,kesatuan ornamen; irama repetitif; kesatuan ornamen,"warna coklat, krem, dan emas bernuansa tradisional",layak diterapkan pada proses ikat tenun Endek,menjaga kesakralan dan kepantasan motif,"Motif Endek Flora berbasis daun dan sulur tanaman tropis Bali. Desain kain Endek Bali bertema flora yang terinspirasi dari daun dan sulur tanaman tropis Bali. Motif dibuat menggunakan teknik deformasi, yaitu penyederhanaan struktur dan proporsi bentuk asli menjadi bentuk baru yang lebih dekoratif. Tata letak menggunakan pola acak terkontrol, dengan kesatuan ornamen, irama repetitif, dan kesatuan ornamen. Pewarnaan memakai warna coklat, krem, dan emas bernuansa tradisional. Desain harus layak diterapkan pada proses ikat tenun Endek, tetap mempertahankan tekstur tenun ikat tradisional, dan menjaga kesakralan dan kepantasan motif."
flora/F-104-flora_59.jpg,D:\DISERTASI_S3\WIWIK\DATASET_L2\EndekGAN\EndekGAN_Dataset\flora\F-104-flora_59.jpg,flora,0,f8faa4c0f67dad0f22c972581bd778ee,Motif Endek Flora berbasis motif bunga lokal dengan kelopak berulang,motif bunga lokal dengan kelopak berulang,stilasi,pola tunggal,keseimbangan visual; keseimbangan visual; kesatuan ornamen,warna cerah khas kain upacara Bali,"mempertimbangkan jarak antar ikatan minimal 0,5 cm agar warna celupan dapat masuk",menjaga kesakralan dan kepantasan motif,"Motif Endek Flora berbasis motif bunga lokal dengan kelopak berulang. Desain kain Endek Bali bertema flora yang terinspirasi dari motif bunga lokal dengan kelopak berulang. Motif dibuat menggunakan teknik stilasi, yaitu penggayaan bentuk asli menjadi ornamen dekoratif dengan tetap mempertahankan ciri utama objek sumber. Tata letak menggunakan pola tunggal, dengan keseimbangan visual, keseimbangan visual, dan kesatuan ornamen. Pewarnaan memakai warna cerah khas kain upacara Bali. Desain harus mempertimbangkan jarak antar ikatan minimal 0,5 cm agar warna celupan dapat masuk, tetap mempertahankan tekstur tenun ikat tradisional, dan menjaga kesakralan dan kepantasan motif."
flora/F-105-flora_75.jpg,D:\DISERTASI_S3\WIWIK\DATASET_L2\EndekGAN\EndekGAN_Dataset\flora\F-105-flora_75.jpg,flora,0,c4a73ea57fd1eb274eb397bf847de377,Motif Endek Flora berbasis bunga teratai sebagai simbol keindahan dan keseimbangan,bunga teratai sebagai simbol keindahan dan keseimbangan,stilasi,pola tunggal,irama repetitif; irama repetitif; kesatuan ornamen,"warna coklat, krem, dan emas bernuansa tradisional",layak diterapkan pada proses ikat tenun Endek,"mengutamakan nilai estetika, fungsi, dan identitas lokal Endek Bali","Motif Endek Flora berbasis bunga teratai sebagai simbol keindahan dan keseimbangan. Desain kain Endek Bali bertema flora yang terinspirasi dari bunga teratai sebagai simbol keindahan dan keseimbangan. Motif dibuat menggunakan teknik stilasi, yaitu penggayaan bentuk asli menjadi ornamen dekoratif dengan tetap mempertahankan ciri utama objek sumber. Tata letak menggunakan pola tunggal, dengan irama repetitif, irama repetitif, dan kesatuan ornamen. Pewarnaan memakai warna coklat, krem, dan emas bernuansa tradisional. Desain harus layak diterapkan pada proses ikat tenun Endek, tetap mempertahankan tekstur tenun ikat tradisional, dan mengutamakan nilai estetika, fungsi, dan identitas lokal Endek Bali."
flora/F-106-flora_29.jpg,D:\DISERTASI_S3\WIWIK\DATASET_L2\EndekGAN\EndekGAN_Dataset\flora\F-106-flora_29.jpg,flora,0,be00d42b43ffdccf1c3b905eb6320749,Motif Endek Flora berbasis bunga teratai sebagai simbol keindahan dan keseimbangan,bunga teratai sebagai simbol keindahan dan keseimbangan,stilasi,pola ulang himpunan,keseimbangan visual; kontras bentuk dan warna; kesatuan ornamen,warna cerah khas kain upacara Bali,struktur ornamen tidak terlalu rapat sehingga dapat diendekkan,"mengutamakan nilai estetika, fungsi, dan identitas lokal Endek Bali","Motif Endek Flora berbasis bunga teratai sebagai simbol keindahan dan keseimbangan. Desain kain Endek Bali bertema flora yang terinspirasi dari bunga teratai sebagai simbol keindahan dan keseimbangan. Motif dibuat menggunakan teknik stilasi, yaitu penggayaan bentuk asli menjadi ornamen dekoratif dengan tetap mempertahankan ciri utama objek sumber. Tata letak menggunakan pola ulang himpunan, dengan keseimbangan visual, kontras bentuk dan warna, dan kesatuan ornamen. Pewarnaan memakai warna cerah khas kain upacara Bali. Desain harus struktur ornamen tidak terlalu rapat sehingga dapat diendekkan, tetap mempertahankan tekstur tenun ikat tradisional, dan mengutamakan nilai estetika, fungsi, dan identitas lokal Endek Bali."
flora/F-107-flora_31.jpg,D:\DISERTASI_S3\WIWIK\DATASET_L2\EndekGAN\EndekGAN_Dataset\flora\F-107-flora_31.jpg,flora,0,ec01055d44adaf286cbb807d2f01c61a,Motif Endek Flora berbasis bunga teratai sebagai simbol keindahan dan keseimbangan,bunga teratai sebagai simbol keindahan dan keseimbangan,stilasi,pola ulang himpunan,kontras bentuk dan warna; irama repetitif; kesatuan ornamen,warna cerah khas kain upacara Bali,struktur ornamen tidak terlalu rapat sehingga dapat diendekkan,"mengutamakan nilai estetika, fungsi, dan identitas lokal Endek Bali","Motif Endek Flora berbasis bunga teratai sebagai simbol keindahan dan keseimbangan. Desain kain Endek Bali bertema flora yang terinspirasi dari bunga teratai sebagai simbol keindahan dan keseimbangan. Motif dibuat menggunakan teknik stilasi, yaitu penggayaan bentuk asli menjadi ornamen dekoratif dengan tetap mempertahankan ciri utama objek sumber. Tata letak menggunakan pola ulang himpunan, dengan kontras bentuk dan warna, irama repetitif, dan kesatuan ornamen. Pewarnaan memakai warna cerah khas kain upacara Bali. Desain harus struktur ornamen tidak terlalu rapat sehingga dapat diendekkan, tetap mempertahankan tekstur tenun ikat tradisional, dan mengutamakan nilai estetika, fungsi, dan identitas lokal Endek Bali."
flora/F-108-flora_49.jpg,D:\DISERTASI_S3\WIWIK\DATASET_L2\EndekGAN\EndekGAN_Dataset\flora\F-108-flora_49.jpg,flora,0,dd3b93598b7169408b4d1d6561d87942,Motif Endek Flora berbasis bunga kamboja sebagai simbol kesucian,bunga kamboja sebagai simbol kesucian,deformasi,pola ulang menyeluruh,proporsi seimbang; proporsi seimbang; kesatuan ornamen,warna merah dan emas yang kontras,mempertahankan karakter tekstur tenun ikat tradisional,memadukan unsur lama dan unsur baru secara kreatif,"Motif Endek Flora berbasis bunga kamboja sebagai simbol kesucian. Desain kain Endek Bali bertema flora yang terinspirasi dari bunga kamboja sebagai simbol kesucian. Motif dibuat menggunakan teknik deformasi, yaitu penyederhanaan struktur dan proporsi bentuk asli menjadi bentuk baru yang lebih dekoratif. Tata letak menggunakan pola ulang menyeluruh, dengan proporsi seimbang, proporsi seimbang, dan kesatuan ornamen. Pewarnaan memakai warna merah dan emas yang kontras. Desain harus mempertahankan karakter tekstur tenun ikat tradisional, tetap mempertahankan tekstur tenun ikat tradisional, dan memadukan unsur lama dan unsur baru secara kreatif."
flora/F-109-flora_77.jpg,D:\DISERTASI_S3\WIWIK\DATASET_L2\EndekGAN\EndekGAN_Dataset\flora\F-109-flora_77.jpg,flora,0,e29476e5723207031988d90883b8167b,Motif Endek Flora berbasis bunga kamboja sebagai simbol kesucian,bunga kamboja sebagai simbol kesucian,distorsi,pola ulang himpunan,keseimbangan visual; proporsi seimbang; kesatuan ornamen,"warna biru, hitam, dan putih dengan kontras kuat",mempertahankan karakter tekstur tenun ikat tradisional,memadukan unsur lama dan unsur baru secara kreatif,"Motif Endek Flora berbasis bunga kamboja sebagai simbol kesucian. Desain kain Endek Bali bertema flora yang terinspirasi dari bunga kamboja sebagai simbol kesucian. Motif dibuat menggunakan teknik distorsi, yaitu perubahan bentuk dengan penekanan atau pelebaran proporsi untuk menghasilkan karakter visual yang lebih ekspresif. Tata letak menggunakan pola ulang himpunan, dengan keseimbangan visual, proporsi seimbang, dan kesatuan ornamen. Pewarnaan memakai warna biru, hitam, dan putih dengan kontras kuat. Desain harus mempertahankan karakter tekstur tenun ikat tradisional, tetap mempertahankan tekstur tenun ikat tradisional, dan memadukan unsur lama dan unsur baru secara kreatif."
flora/F-110-flora_38.jpg,D:\DISERTASI_S3\WIWIK\DATASET_L2\EndekGAN\EndekGAN_Dataset\flora\F-110-flora_38.jpg,flora,0,2f9b070a881868f48e3417db4e0d585d,Motif Endek Flora berbasis motif bunga lokal dengan kelopak berulang,motif bunga lokal dengan kelopak berulang,deformasi,pola tunggal,kontras bentuk dan warna; kontras bentuk dan warna; kesatuan ornamen,"warna biru, hitam, dan putih dengan kontras kuat",mempertahankan karakter tekstur tenun ikat tradisional,"mengutamakan nilai estetika, fungsi, dan identitas lokal Endek Bali","Motif Endek Flora berbasis motif bunga lokal dengan kelopak berulang. Desain kain Endek Bali bertema flora yang terinspirasi dari motif bunga lokal dengan kelopak berulang. Motif dibuat menggunakan teknik deformasi, yaitu penyederhanaan struktur dan proporsi bentuk asli menjadi bentuk baru yang lebih dekoratif. Tata letak menggunakan pola tunggal, dengan kontras bentuk dan warna, kontras bentuk dan warna, dan kesatuan ornamen. Pewarnaan memakai warna biru, hitam, dan putih dengan kontras kuat. Desain harus mempertahankan karakter tekstur tenun ikat tradisional, tetap mempertahankan tekstur tenun ikat tradisional, dan mengutamakan nilai estetika, fungsi, dan identitas lokal Endek Bali."
flora/F-111-flora_25.jpg,D:\DISERTASI_S3\WIWIK\DATASET_L2\EndekGAN\EndekGAN_Dataset\flora\F-111-flora_25.jpg,flora,0,bb219d4e03a5d4277923ab62c35c3963,Motif Endek Flora berbasis bunga teratai sebagai simbol keindahan dan keseimbangan,bunga teratai sebagai simbol keindahan dan keseimbangan,stilasi,pola tunggal,irama repetitif; proporsi seimbang; kesatuan ornamen,"warna biru, hitam, dan putih dengan kontras kuat",mempertahankan karakter tekstur tenun ikat tradisional,digunakan dalam konteks budaya Bali,"Motif Endek Flora berbasis bunga teratai sebagai simbol keindahan dan keseimbangan. Desain kain Endek Bali bertema flora yang terinspirasi dari bunga teratai sebagai simbol keindahan dan keseimbangan. Motif dibuat menggunakan teknik stilasi, yaitu penggayaan bentuk asli menjadi ornamen dekoratif dengan tetap mempertahankan ciri utama objek sumber. Tata letak menggunakan pola tunggal, dengan irama repetitif, proporsi seimbang, dan kesatuan ornamen. Pewarnaan memakai warna biru, hitam, dan putih dengan kontras kuat. Desain harus mempertahankan karakter tekstur tenun ikat tradisional, tetap mempertahankan tekstur tenun ikat tradisional, dan digunakan dalam konteks budaya Bali."
flora/F-112-flora_51.jpg,D:\DISERTASI_S3\WIWIK\DATASET_L2\EndekGAN\EndekGAN_Dataset\flora\F-112-flora_51.jpg,flora,0,80d9c80fb9fb9519bd9520faf58e4777,Motif Endek Flora berbasis bunga teratai sebagai simbol keindahan dan keseimbangan,bunga teratai sebagai simbol keindahan dan keseimbangan,distorsi,pola acak terkontrol,kontras bentuk dan warna; kesatuan ornamen; kesatuan ornamen,"warna biru, hitam, dan putih dengan kontras kuat",mempertahankan karakter tekstur tenun ikat tradisional,"mengutamakan nilai estetika, fungsi, dan identitas lokal Endek Bali","Motif Endek Flora berbasis bunga teratai sebagai simbol keindahan dan keseimbangan. Desain kain Endek Bali bertema flora yang terinspirasi dari bunga teratai sebagai simbol keindahan dan keseimbangan. Motif dibuat menggunakan teknik distorsi, yaitu perubahan bentuk dengan penekanan atau pelebaran proporsi untuk menghasilkan karakter visual yang lebih ekspresif. Tata letak menggunakan pola acak terkontrol, dengan kontras bentuk dan warna, kesatuan ornamen, dan kesatuan ornamen. Pewarnaan memakai warna biru, hitam, dan putih dengan kontras kuat. Desain harus mempertahankan karakter tekstur tenun ikat tradisional, tetap mempertahankan tekstur tenun ikat tradisional, dan mengutamakan nilai estetika, fungsi, dan identitas lokal Endek Bali."
flora/F-113-flora_27.jpg,D:\DISERTASI_S3\WIWIK\DATASET_L2\EndekGAN\EndekGAN_Dataset\flora\F-113-flora_27.jpg,flora,0,4d7ea2bc184813d8769fa5b096f13c75,Motif Endek Flora berbasis bunga teratai sebagai simbol keindahan dan keseimbangan,bunga teratai sebagai simbol keindahan dan keseimbangan,deformasi,pola tunggal,irama repetitif; irama repetitif; kesatuan ornamen,warna hijau dan kuning yang harmonis,mempertahankan karakter tekstur tenun ikat tradisional,"mengutamakan nilai estetika, fungsi, dan identitas lokal Endek Bali","Motif Endek Flora berbasis bunga teratai sebagai simbol keindahan dan keseimbangan. Desain kain Endek Bali bertema flora yang terinspirasi dari bunga teratai sebagai simbol keindahan dan keseimbangan. Motif dibuat menggunakan teknik deformasi, yaitu penyederhanaan struktur dan proporsi bentuk asli menjadi bentuk baru yang lebih dekoratif. Tata letak menggunakan pola tunggal, dengan irama repetitif, irama repetitif, dan kesatuan ornamen. Pewarnaan memakai warna hijau dan kuning yang harmonis. Desain harus mempertahankan karakter tekstur tenun ikat tradisional, tetap mempertahankan tekstur tenun ikat tradisional, dan mengutamakan nilai estetika, fungsi, dan identitas lokal Endek Bali."
flora/F-114-flora_76.jpg,D:\DISERTASI_S3\WIWIK\DATASET_L2\EndekGAN\EndekGAN_Dataset\flora\F-114-flora_76.jpg,flora,0,d69f35d0ed99024a7a2b82cf03d96302,Motif Endek Flora berbasis daun dan sulur tanaman tropis Bali,daun dan sulur tanaman tropis Bali,deformasi,pola tunggal,irama repetitif; irama repetitif; kesatuan ornamen,warna merah dan emas yang kontras,layak diterapkan pada proses ikat tenun Endek,memadukan unsur lama dan unsur baru secara kreatif,"Motif Endek Flora berbasis daun dan sulur tanaman tropis Bali. Desain kain Endek Bali bertema flora yang terinspirasi dari daun dan sulur tanaman tropis Bali. Motif dibuat menggunakan teknik deformasi, yaitu penyederhanaan struktur dan proporsi bentuk asli menjadi bentuk baru yang lebih dekoratif. Tata letak menggunakan pola tunggal, dengan irama repetitif, irama repetitif, dan kesatuan ornamen. Pewarnaan memakai warna merah dan emas yang kontras. Desain harus layak diterapkan pada proses ikat tenun Endek, tetap mempertahankan tekstur tenun ikat tradisional, dan memadukan unsur lama dan unsur baru secara kreatif."
flora/F-115-flora_45.jpg,D:\DISERTASI_S3\WIWIK\DATASET_L2\EndekGAN\EndekGAN_Dataset\flora\F-115-flora_45.jpg,flora,0,857d05f9e09d87862bbddf9835fbabb6,Motif Endek Flora berbasis bunga teratai sebagai simbol keindahan dan keseimbangan,bunga teratai sebagai simbol keindahan dan keseimbangan,deformasi,pola ulang himpunan,proporsi seimbang; proporsi seimbang; kesatuan ornamen,"warna biru, hitam, dan putih dengan kontras kuat",layak diterapkan pada proses ikat tenun Endek,"mengutamakan nilai estetika, fungsi, dan identitas lokal Endek Bali","Motif Endek Flora berbasis bunga teratai sebagai simbol keindahan dan keseimbangan. Desain kain Endek Bali bertema flora yang terinspirasi dari bunga teratai sebagai simbol keindahan dan keseimbangan. Motif dibuat menggunakan teknik deformasi, yaitu penyederhanaan struktur dan proporsi bentuk asli menjadi bentuk baru yang lebih dekoratif. Tata letak menggunakan pola ulang himpunan, dengan proporsi seimbang, proporsi seimbang, dan kesatuan ornamen. Pewarnaan memakai warna biru, hitam, dan putih dengan kontras kuat. Desain harus layak diterapkan pada proses ikat tenun Endek, tetap mempertahankan tekstur tenun ikat tradisional, dan mengutamakan nilai estetika, fungsi, dan identitas lokal Endek Bali."
flora/F-116-flora_50.jpg,D:\DISERTASI_S3\WIWIK\DATASET_L2\EndekGAN\EndekGAN_Dataset\flora\F-116-flora_50.jpg,flora,0,984b74852c5909a64ff3276a94574fd9,Motif Endek Flora berbasis bunga kamboja sebagai simbol kesucian,bunga kamboja sebagai simbol kesucian,stilasi,pola acak terkontrol,proporsi seimbang; kesatuan ornamen; kesatuan ornamen,"warna coklat, krem, dan emas bernuansa tradisional",mempertahankan karakter tekstur tenun ikat tradisional,memadukan unsur lama dan unsur baru secara kreatif,"Motif Endek Flora berbasis bunga kamboja sebagai simbol kesucian. Desain kain Endek Bali bertema flora yang terinspirasi dari bunga kamboja sebagai simbol kesucian. Motif dibuat menggunakan teknik stilasi, yaitu penggayaan bentuk asli menjadi ornamen dekoratif dengan tetap mempertahankan ciri utama objek sumber. Tata letak menggunakan pola acak terkontrol, dengan proporsi seimbang, kesatuan ornamen, dan kesatuan ornamen. Pewarnaan memakai warna coklat, krem, dan emas bernuansa tradisional. Desain harus mempertahankan karakter tekstur tenun ikat tradisional, tetap mempertahankan tekstur tenun ikat tradisional, dan memadukan unsur lama dan unsur baru secara kreatif."
flora/F-117-flora_37.jpg,D:\DISERTASI_S3\WIWIK\DATASET_L2\EndekGAN\EndekGAN_Dataset\flora\F-117-flora_37.jpg,flora,0,61b85ce52309b7414418bac99e603f0d,Motif Endek Flora berbasis bunga kamboja sebagai simbol kesucian,bunga kamboja sebagai simbol kesucian,distorsi,pola tunggal,irama repetitif; irama repetitif; kesatuan ornamen,warna cerah khas kain upacara Bali,"mempertimbangkan jarak antar ikatan minimal 0,5 cm agar warna celupan dapat masuk","mengutamakan nilai estetika, fungsi, dan identitas lokal Endek Bali","Motif Endek Flora berbasis bunga kamboja sebagai simbol kesucian. Desain kain Endek Bali bertema flora yang terinspirasi dari bunga kamboja sebagai simbol kesucian. Motif dibuat menggunakan teknik distorsi, yaitu perubahan bentuk dengan penekanan atau pelebaran proporsi untuk menghasilkan karakter visual yang lebih ekspresif. Tata letak menggunakan pola tunggal, dengan irama repetitif, irama repetitif, dan kesatuan ornamen. Pewarnaan memakai warna cerah khas kain upacara Bali. Desain harus mempertimbangkan jarak antar ikatan minimal 0,5 cm agar warna celupan dapat masuk, tetap mempertahankan tekstur tenun ikat tradisional, dan mengutamakan nilai estetika, fungsi, dan identitas lokal Endek Bali."
flora/F-118-flora_18.jpg,D:\DISERTASI_S3\WIWIK\DATASET_L2\EndekGAN\EndekGAN_Dataset\flora\F-118-flora_18.jpg,flora,0,f555ca11a3612918f1f9b9c625c7fe1e,Motif Endek Flora berbasis bunga kamboja sebagai simbol kesucian,bunga kamboja sebagai simbol kesucian,deformasi,pola ulang himpunan,klimaks visual yang jelas; irama repetitif; kesatuan ornamen,"warna biru, hitam, dan putih dengan kontras kuat",layak diterapkan pada proses ikat tenun Endek,menjaga kesakralan dan kepantasan motif,"Motif Endek Flora berbasis bunga kamboja sebagai simbol kesucian. Desain kain Endek Bali bertema flora yang terinspirasi dari bunga kamboja sebagai simbol kesucian. Motif dibuat menggunakan teknik deformasi, yaitu penyederhanaan struktur dan proporsi bentuk asli menjadi bentuk baru yang lebih dekoratif. Tata letak menggunakan pola ulang himpunan, dengan klimaks visual yang jelas, irama repetitif, dan kesatuan ornamen. Pewarnaan memakai warna biru, hitam, dan putih dengan kontras kuat. Desain harus layak diterapkan pada proses ikat tenun Endek, tetap mempertahankan tekstur tenun ikat tradisional, dan menjaga kesakralan dan kepantasan motif."
flora/F-119-flora_40.jpg,D:\DISERTASI_S3\WIWIK\DATASET_L2\EndekGAN\EndekGAN_Dataset\flora\F-119-flora_40.jpg,flora,0,fe17a13148363dc29fb86dd0480f168c,Motif Endek Flora berbasis bunga kamboja sebagai simbol kesucian,bunga kamboja sebagai simbol kesucian,distorsi,pola ulang himpunan,irama repetitif; keseimbangan visual; kesatuan ornamen,warna hijau dan kuning yang harmonis,layak diterapkan pada proses ikat tenun Endek,memadukan unsur lama dan unsur baru secara kreatif,"Motif Endek Flora berbasis bunga kamboja sebagai simbol kesucian. Desain kain Endek Bali bertema flora yang terinspirasi dari bunga kamboja sebagai simbol kesucian. Motif dibuat menggunakan teknik distorsi, yaitu perubahan bentuk dengan penekanan atau pelebaran proporsi untuk menghasilkan karakter visual yang lebih ekspresif. Tata letak menggunakan pola ulang himpunan, dengan irama repetitif, keseimbangan visual, dan kesatuan ornamen. Pewarnaan memakai warna hijau dan kuning yang harmonis. Desain harus layak diterapkan pada proses ikat tenun Endek, tetap mempertahankan tekstur tenun ikat tradisional, dan memadukan unsur lama dan unsur baru secara kreatif."
flora/F-120-flora_60.jpg,D:\DISERTASI_S3\WIWIK\DATASET_L2\EndekGAN\EndekGAN_Dataset\flora\F-120-flora_60.jpg,flora,0,b19b7b1c4faf35285c3f0472f6db18b7,Motif Endek Flora berbasis bunga kamboja sebagai simbol kesucian,bunga kamboja sebagai simbol kesucian,deformasi,pola acak terkontrol,kesatuan ornamen; klimaks visual yang jelas; kesatuan ornamen,warna cerah khas kain upacara Bali,struktur ornamen tidak terlalu rapat sehingga dapat diendekkan,digunakan dalam konteks budaya Bali,"Motif Endek Flora berbasis bunga kamboja sebagai simbol kesucian. Desain kain Endek Bali bertema flora yang terinspirasi dari bunga kamboja sebagai simbol kesucian. Motif dibuat menggunakan teknik deformasi, yaitu penyederhanaan struktur dan proporsi bentuk asli menjadi bentuk baru yang lebih dekoratif. Tata letak menggunakan pola acak terkontrol, dengan kesatuan ornamen, klimaks visual yang jelas, dan kesatuan ornamen. Pewarnaan memakai warna cerah khas kain upacara Bali. Desain harus struktur ornamen tidak terlalu rapat sehingga dapat diendekkan, tetap mempertahankan tekstur tenun ikat tradisional, dan digunakan dalam konteks budaya Bali."
flora/F-121-flora_17.jpg,D:\DISERTASI_S3\WIWIK\DATASET_L2\EndekGAN\EndekGAN_Dataset\flora\F-121-flora_17.jpg,flora,0,793abdf324f7789285e6bcd8ed15be7e,Motif Endek Flora berbasis motif bunga lokal dengan kelopak berulang,motif bunga lokal dengan kelopak berulang,stilasi,pola tunggal,kontras bentuk dan warna; klimaks visual yang jelas; kesatuan ornamen,"warna coklat, krem, dan emas bernuansa tradisional",mempertahankan karakter tekstur tenun ikat tradisional,digunakan dalam konteks budaya Bali,"Motif Endek Flora berbasis motif bunga lokal dengan kelopak berulang. Desain kain Endek Bali bertema flora yang terinspirasi dari motif bunga lokal dengan kelopak berulang. Motif dibuat menggunakan teknik stilasi, yaitu penggayaan bentuk asli menjadi ornamen dekoratif dengan tetap mempertahankan ciri utama objek sumber. Tata letak menggunakan pola tunggal, dengan kontras bentuk dan warna, klimaks visual yang jelas, dan kesatuan ornamen. Pewarnaan memakai warna coklat, krem, dan emas bernuansa tradisional. Desain harus mempertahankan karakter tekstur tenun ikat tradisional, tetap mempertahankan tekstur tenun ikat tradisional, dan digunakan dalam konteks budaya Bali."
flora/F-122-flora_13.jpg,D:\DISERTASI_S3\WIWIK\DATASET_L2\EndekGAN\EndekGAN_Dataset\flora\F-122-flora_13.jpg,flora,0,30f362ac75db06bb3d3424b89d1acc14,Motif Endek Flora berbasis daun dan sulur tanaman tropis Bali,daun dan sulur tanaman tropis Bali,distorsi,pola ulang himpunan,keseimbangan visual; irama repetitif; kesatuan ornamen,"warna coklat, krem, dan emas bernuansa tradisional",struktur ornamen tidak terlalu rapat sehingga dapat diendekkan,digunakan dalam konteks budaya Bali,"Motif Endek Flora berbasis daun dan sulur tanaman tropis Bali. Desain kain Endek Bali bertema flora yang terinspirasi dari daun dan sulur tanaman tropis Bali. Motif dibuat menggunakan teknik distorsi, yaitu perubahan bentuk dengan penekanan atau pelebaran proporsi untuk menghasilkan karakter visual yang lebih ekspresif. Tata letak menggunakan pola ulang himpunan, dengan keseimbangan visual, irama repetitif, dan kesatuan ornamen. Pewarnaan memakai warna coklat, krem, dan emas bernuansa tradisional. Desain harus struktur ornamen tidak terlalu rapat sehingga dapat diendekkan, tetap mempertahankan tekstur tenun ikat tradisional, dan digunakan dalam konteks budaya Bali."
flora/F-123-flora_44.jpg,D:\DISERTASI_S3\WIWIK\DATASET_L2\EndekGAN\EndekGAN_Dataset\flora\F-123-flora_44.jpg,flora,0,723831e3c1eb223f063255d33dda4b91,Motif Endek Flora berbasis motif bunga lokal dengan kelopak berulang,motif bunga lokal dengan kelopak berulang,distorsi,pola acak terkontrol,klimaks visual yang jelas; kontras bentuk dan warna; kesatuan ornamen,warna cerah khas kain upacara Bali,struktur ornamen tidak terlalu rapat sehingga dapat diendekkan,menjaga kesakralan dan kepantasan motif,"Motif Endek Flora berbasis motif bunga lokal dengan kelopak berulang. Desain kain Endek Bali bertema flora yang terinspirasi dari motif bunga lokal dengan kelopak berulang. Motif dibuat menggunakan teknik distorsi, yaitu perubahan bentuk dengan penekanan atau pelebaran proporsi untuk menghasilkan karakter visual yang lebih ekspresif. Tata letak menggunakan pola acak terkontrol, dengan klimaks visual yang jelas, kontras bentuk dan warna, dan kesatuan ornamen. Pewarnaan memakai warna cerah khas kain upacara Bali. Desain harus struktur ornamen tidak terlalu rapat sehingga dapat diendekkan, tetap mempertahankan tekstur tenun ikat tradisional, dan menjaga kesakralan dan kepantasan motif."
flora/F-124-flora_30.jpg,D:\DISERTASI_S3\WIWIK\DATASET_L2\EndekGAN\EndekGAN_Dataset\flora\F-124-flora_30.jpg,flora,0,f70c8c8f55724bf0c9206936cebb3cb0,Motif Endek Flora berbasis bunga teratai sebagai simbol keindahan dan keseimbangan,bunga teratai sebagai simbol keindahan dan keseimbangan,distorsi,pola tunggal,kontras bentuk dan warna; keseimbangan visual; kesatuan ornamen,warna merah dan emas yang kontras,motif tetap terbaca pada skala benang,memadukan unsur lama dan unsur baru secara kreatif,"Motif Endek Flora berbasis bunga teratai sebagai simbol keindahan dan keseimbangan. Desain kain Endek Bali bertema flora yang terinspirasi dari bunga teratai sebagai simbol keindahan dan keseimbangan. Motif dibuat menggunakan teknik distorsi, yaitu perubahan bentuk dengan penekanan atau pelebaran proporsi untuk menghasilkan karakter visual yang lebih ekspresif. Tata letak menggunakan pola tunggal, dengan kontras bentuk dan warna, keseimbangan visual, dan kesatuan ornamen. Pewarnaan memakai warna merah dan emas yang kontras. Desain harus motif tetap terbaca pada skala benang, tetap mempertahankan tekstur tenun ikat tradisional, dan memadukan unsur lama dan unsur baru secara kreatif."
flora/F-125-flora_66.jpg,D:\DISERTASI_S3\WIWIK\DATASET_L2\EndekGAN\EndekGAN_Dataset\flora\F-125-flora_66.jpg,flora,0,60302af74c829bb85cfa11eb7bd3ab9b,Motif Endek Flora berbasis daun dan sulur tanaman tropis Bali,daun dan sulur tanaman tropis Bali,deformasi,pola ulang himpunan,kesatuan ornamen; kesatuan ornamen; kesatuan ornamen,warna cerah khas kain upacara Bali,struktur ornamen tidak terlalu rapat sehingga dapat diendekkan,"mengutamakan nilai estetika, fungsi, dan identitas lokal Endek Bali","Motif Endek Flora berbasis daun dan sulur tanaman tropis Bali. Desain kain Endek Bali bertema flora yang terinspirasi dari daun dan sulur tanaman tropis Bali. Motif dibuat menggunakan teknik deformasi, yaitu penyederhanaan struktur dan proporsi bentuk asli menjadi bentuk baru yang lebih dekoratif. Tata letak menggunakan pola ulang himpunan, dengan kesatuan ornamen, kesatuan ornamen, dan kesatuan ornamen. Pewarnaan memakai warna cerah khas kain upacara Bali. Desain harus struktur ornamen tidak terlalu rapat sehingga dapat diendekkan, tetap mempertahankan tekstur tenun ikat tradisional, dan mengutamakan nilai estetika, fungsi, dan identitas lokal Endek Bali."
flora/F-126-flora_70.jpg,D:\DISERTASI_S3\WIWIK\DATASET_L2\EndekGAN\EndekGAN_Dataset\flora\F-126-flora_70.jpg,flora,0,ddcecc2d623d8d2f20493dc786dc5357,Motif Endek Flora berbasis bunga kamboja sebagai simbol kesucian,bunga kamboja sebagai simbol kesucian,stilasi,pola tunggal,kontras bentuk dan warna; proporsi seimbang; kesatuan ornamen,warna hijau dan kuning yang harmonis,"mempertimbangkan jarak antar ikatan minimal 0,5 cm agar warna celupan dapat masuk",memadukan unsur lama dan unsur baru secara kreatif,"Motif Endek Flora berbasis bunga kamboja sebagai simbol kesucian. Desain kain Endek Bali bertema flora yang terinspirasi dari bunga kamboja sebagai simbol kesucian. Motif dibuat menggunakan teknik stilasi, yaitu penggayaan bentuk asli menjadi ornamen dekoratif dengan tetap mempertahankan ciri utama objek sumber. Tata letak menggunakan pola tunggal, dengan kontras bentuk dan warna, proporsi seimbang, dan kesatuan ornamen. Pewarnaan memakai warna hijau dan kuning yang harmonis. Desain harus mempertimbangkan jarak antar ikatan minimal 0,5 cm agar warna celupan dapat masuk, tetap mempertahankan tekstur tenun ikat tradisional, dan memadukan unsur lama dan unsur baru secara kreatif."
flora/F-127-flora_58.jpg,D:\DISERTASI_S3\WIWIK\DATASET_L2\EndekGAN\EndekGAN_Dataset\flora\F-127-flora_58.jpg,flora,0,1ed65080c29b0a2fd6d2cb023ff98967,Motif Endek Flora berbasis daun dan sulur tanaman tropis Bali,daun dan sulur tanaman tropis Bali,deformasi,pola ulang menyeluruh,kesatuan ornamen; proporsi seimbang; kesatuan ornamen,warna hijau dan kuning yang harmonis,mempertahankan karakter tekstur tenun ikat tradisional,memadukan unsur lama dan unsur baru secara kreatif,"Motif Endek Flora berbasis daun dan sulur tanaman tropis Bali. Desain kain Endek Bali bertema flora yang terinspirasi dari daun dan sulur tanaman tropis Bali. Motif dibuat menggunakan teknik deformasi, yaitu penyederhanaan struktur dan proporsi bentuk asli menjadi bentuk baru yang lebih dekoratif. Tata letak menggunakan pola ulang menyeluruh, dengan kesatuan ornamen, proporsi seimbang, dan kesatuan ornamen. Pewarnaan memakai warna hijau dan kuning yang harmonis. Desain harus mempertahankan karakter tekstur tenun ikat tradisional, tetap mempertahankan tekstur tenun ikat tradisional, dan memadukan unsur lama dan unsur baru secara kreatif."
flora/F-128-flora_36.jpg,D:\DISERTASI_S3\WIWIK\DATASET_L2\EndekGAN\EndekGAN_Dataset\flora\F-128-flora_36.jpg,flora,0,7ca39c5dafc488858ab60f0d54f268e2,Motif Endek Flora berbasis bunga teratai sebagai simbol keindahan dan keseimbangan,bunga teratai sebagai simbol keindahan dan keseimbangan,stilasi,pola tunggal,klimaks visual yang jelas; kontras bentuk dan warna; kesatuan ornamen,warna cerah khas kain upacara Bali,struktur ornamen tidak terlalu rapat sehingga dapat diendekkan,digunakan dalam konteks budaya Bali,"Motif Endek Flora berbasis bunga teratai sebagai simbol keindahan dan keseimbangan. Desain kain Endek Bali bertema flora yang terinspirasi dari bunga teratai sebagai simbol keindahan dan keseimbangan. Motif dibuat menggunakan teknik stilasi, yaitu penggayaan bentuk asli menjadi ornamen dekoratif dengan tetap mempertahankan ciri utama objek sumber. Tata letak menggunakan pola tunggal, dengan klimaks visual yang jelas, kontras bentuk dan warna, dan kesatuan ornamen. Pewarnaan memakai warna cerah khas kain upacara Bali. Desain harus struktur ornamen tidak terlalu rapat sehingga dapat diendekkan, tetap mempertahankan tekstur tenun ikat tradisional, dan digunakan dalam konteks budaya Bali."
flora/F-129-flora_21.jpg,D:\DISERTASI_S3\WIWIK\DATASET_L2\EndekGAN\EndekGAN_Dataset\flora\F-129-flora_21.jpg,flora,0,5f14786c1a5d1a8a9fdf5e1c3a3efc17,Motif Endek Flora berbasis bunga teratai sebagai simbol keindahan dan keseimbangan,bunga teratai sebagai simbol keindahan dan keseimbangan,stilasi,pola tunggal,kesatuan ornamen; kesatuan ornamen; kesatuan ornamen,warna merah dan emas yang kontras,"mempertimbangkan jarak antar ikatan minimal 0,5 cm agar warna celupan dapat masuk",menjaga kesakralan dan kepantasan motif,"Motif Endek Flora berbasis bunga teratai sebagai simbol keindahan dan keseimbangan. Desain kain Endek Bali bertema flora yang terinspirasi dari bunga teratai sebagai simbol keindahan dan keseimbangan. Motif dibuat menggunakan teknik stilasi, yaitu penggayaan bentuk asli menjadi ornamen dekoratif dengan tetap mempertahankan ciri utama objek sumber. Tata letak menggunakan pola tunggal, dengan kesatuan ornamen, kesatuan ornamen, dan kesatuan ornamen. Pewarnaan memakai warna merah dan emas yang kontras. Desain harus mempertimbangkan jarak antar ikatan minimal 0,5 cm agar warna celupan dapat masuk, tetap mempertahankan tekstur tenun ikat tradisional, dan menjaga kesakralan dan kepantasan motif."
flora/F-130-flora_32.jpg,D:\DISERTASI_S3\WIWIK\DATASET_L2\EndekGAN\EndekGAN_Dataset\flora\F-130-flora_32.jpg,flora,0,23b2da20edf4a6ae058830d1659c1512,Motif Endek Flora berbasis motif bunga lokal dengan kelopak berulang,motif bunga lokal dengan kelopak berulang,stilasi,pola ulang himpunan,klimaks visual yang jelas; irama repetitif; kesatuan ornamen,warna merah dan emas yang kontras,layak diterapkan pada proses ikat tenun Endek,digunakan dalam konteks budaya Bali,"Motif Endek Flora berbasis motif bunga lokal dengan kelopak berulang. Desain kain Endek Bali bertema flora yang terinspirasi dari motif bunga lokal dengan kelopak berulang. Motif dibuat menggunakan teknik stilasi, yaitu penggayaan bentuk asli menjadi ornamen dekoratif dengan tetap mempertahankan ciri utama objek sumber. Tata letak menggunakan pola ulang himpunan, dengan klimaks visual yang jelas, irama repetitif, dan kesatuan ornamen. Pewarnaan memakai warna merah dan emas yang kontras. Desain harus layak diterapkan pada proses ikat tenun Endek, tetap mempertahankan tekstur tenun ikat tradisional, dan digunakan dalam konteks budaya Bali."
flora/F-131-flora_55.jpg,D:\DISERTASI_S3\WIWIK\DATASET_L2\EndekGAN\EndekGAN_Dataset\flora\F-131-flora_55.jpg,flora,0,c4ac08ad6fc8960e47460e44b24b4cad,Motif Endek Flora berbasis daun dan sulur tanaman tropis Bali,daun dan sulur tanaman tropis Bali,stilasi,pola ulang himpunan,klimaks visual yang jelas; klimaks visual yang jelas; kesatuan ornamen,warna cerah khas kain upacara Bali,layak diterapkan pada proses ikat tenun Endek,"mengutamakan nilai estetika, fungsi, dan identitas lokal Endek Bali","Motif Endek Flora berbasis daun dan sulur tanaman tropis Bali. Desain kain Endek Bali bertema flora yang terinspirasi dari daun dan sulur tanaman tropis Bali. Motif dibuat menggunakan teknik stilasi, yaitu penggayaan bentuk asli menjadi ornamen dekoratif dengan tetap mempertahankan ciri utama objek sumber. Tata letak menggunakan pola ulang himpunan, dengan klimaks visual yang jelas, klimaks visual yang jelas, dan kesatuan ornamen. Pewarnaan memakai warna cerah khas kain upacara Bali. Desain harus layak diterapkan pada proses ikat tenun Endek, tetap mempertahankan tekstur tenun ikat tradisional, dan mengutamakan nilai estetika, fungsi, dan identitas lokal Endek Bali."
flora/F-132-flora_74.jpg,D:\DISERTASI_S3\WIWIK\DATASET_L2\EndekGAN\EndekGAN_Dataset\flora\F-132-flora_74.jpg,flora,0,b7867035db1ed49f30c4d1766e6d04c0,Motif Endek Flora berbasis bunga kamboja sebagai simbol kesucian,bunga kamboja sebagai simbol kesucian,stilasi,pola ulang menyeluruh,irama repetitif; kesatuan ornamen; kesatuan ornamen,"warna biru, hitam, dan putih dengan kontras kuat",motif tetap terbaca pada skala benang,digunakan dalam konteks budaya Bali,"Motif Endek Flora berbasis bunga kamboja sebagai simbol kesucian. Desain kain Endek Bali bertema flora yang terinspirasi dari bunga kamboja sebagai simbol kesucian. Motif dibuat menggunakan teknik stilasi, yaitu penggayaan bentuk asli menjadi ornamen dekoratif dengan tetap mempertahankan ciri utama objek sumber. Tata letak menggunakan pola ulang menyeluruh, dengan irama repetitif, kesatuan ornamen, dan kesatuan ornamen. Pewarnaan memakai warna biru, hitam, dan putih dengan kontras kuat. Desain harus motif tetap terbaca pada skala benang, tetap mempertahankan tekstur tenun ikat tradisional, dan digunakan dalam konteks budaya Bali."
flora/F-133-flora_84.jpg,D:\DISERTASI_S3\WIWIK\DATASET_L2\EndekGAN\EndekGAN_Dataset\flora\F-133-flora_84.jpg,flora,0,7e923bcb034d29b0608722419b99885a,Motif Endek Flora berbasis bunga teratai sebagai simbol keindahan dan keseimbangan,bunga teratai sebagai simbol keindahan dan keseimbangan,stilasi,pola ulang menyeluruh,kontras bentuk dan warna; kontras bentuk dan warna; kesatuan ornamen,warna merah dan emas yang kontras,mempertahankan karakter tekstur tenun ikat tradisional,digunakan dalam konteks budaya Bali,"Motif Endek Flora berbasis bunga teratai sebagai simbol keindahan dan keseimbangan. Desain kain Endek Bali bertema flora yang terinspirasi dari bunga teratai sebagai simbol keindahan dan keseimbangan. Motif dibuat menggunakan teknik stilasi, yaitu penggayaan bentuk asli menjadi ornamen dekoratif dengan tetap mempertahankan ciri utama objek sumber. Tata letak menggunakan pola ulang menyeluruh, dengan kontras bentuk dan warna, kontras bentuk dan warna, dan kesatuan ornamen. Pewarnaan memakai warna merah dan emas yang kontras. Desain harus mempertahankan karakter tekstur tenun ikat tradisional, tetap mempertahankan tekstur tenun ikat tradisional, dan digunakan dalam konteks budaya Bali."
flora/F-134-flora_24.jpg,D:\DISERTASI_S3\WIWIK\DATASET_L2\EndekGAN\EndekGAN_Dataset\flora\F-134-flora_24.jpg,flora,0,2ea6ef64414c6f0551c73b822007075c,Motif Endek Flora berbasis bunga teratai sebagai simbol keindahan dan keseimbangan,bunga teratai sebagai simbol keindahan dan keseimbangan,distorsi,pola ulang himpunan,irama repetitif; keseimbangan visual; kesatuan ornamen,warna cerah khas kain upacara Bali,layak diterapkan pada proses ikat tenun Endek,memadukan unsur lama dan unsur baru secara kreatif,"Motif Endek Flora berbasis bunga teratai sebagai simbol keindahan dan keseimbangan. Desain kain Endek Bali bertema flora yang terinspirasi dari bunga teratai sebagai simbol keindahan dan keseimbangan. Motif dibuat menggunakan teknik distorsi, yaitu perubahan bentuk dengan penekanan atau pelebaran proporsi untuk menghasilkan karakter visual yang lebih ekspresif. Tata letak menggunakan pola ulang himpunan, dengan irama repetitif, keseimbangan visual, dan kesatuan ornamen. Pewarnaan memakai warna cerah khas kain upacara Bali. Desain harus layak diterapkan pada proses ikat tenun Endek, tetap mempertahankan tekstur tenun ikat tradisional, dan memadukan unsur lama dan unsur baru secara kreatif."
flora/F-135-flora_48.jpg,D:\DISERTASI_S3\WIWIK\DATASET_L2\EndekGAN\EndekGAN_Dataset\flora\F-135-flora_48.jpg,flora,0,bfa1a3f1164c4da2d96e46f25a3f539a,Motif Endek Flora berbasis bunga kamboja sebagai simbol kesucian,bunga kamboja sebagai simbol kesucian,stilasi,pola acak terkontrol,irama repetitif; klimaks visual yang jelas; kesatuan ornamen,"warna coklat, krem, dan emas bernuansa tradisional",struktur ornamen tidak terlalu rapat sehingga dapat diendekkan,menjaga kesakralan dan kepantasan motif,"Motif Endek Flora berbasis bunga kamboja sebagai simbol kesucian. Desain kain Endek Bali bertema flora yang terinspirasi dari bunga kamboja sebagai simbol kesucian. Motif dibuat menggunakan teknik stilasi, yaitu penggayaan bentuk asli menjadi ornamen dekoratif dengan tetap mempertahankan ciri utama objek sumber. Tata letak menggunakan pola acak terkontrol, dengan irama repetitif, klimaks visual yang jelas, dan kesatuan ornamen. Pewarnaan memakai warna coklat, krem, dan emas bernuansa tradisional. Desain harus struktur ornamen tidak terlalu rapat sehingga dapat diendekkan, tetap mempertahankan tekstur tenun ikat tradisional, dan menjaga kesakralan dan kepantasan motif."
flora/F-136-flora_39.jpg,D:\DISERTASI_S3\WIWIK\DATASET_L2\EndekGAN\EndekGAN_Dataset\flora\F-136-flora_39.jpg,flora,0,fbff13afe500a090229ceea53166b25e,Motif Endek Flora berbasis bunga teratai sebagai simbol keindahan dan keseimbangan,bunga teratai sebagai simbol keindahan dan keseimbangan,deformasi,pola acak terkontrol,proporsi seimbang; irama repetitif; kesatuan ornamen,warna cerah khas kain upacara Bali,layak diterapkan pada proses ikat tenun Endek,menjaga kesakralan dan kepantasan motif,"Motif Endek Flora berbasis bunga teratai sebagai simbol keindahan dan keseimbangan. Desain kain Endek Bali bertema flora yang terinspirasi dari bunga teratai sebagai simbol keindahan dan keseimbangan. Motif dibuat menggunakan teknik deformasi, yaitu penyederhanaan struktur dan proporsi bentuk asli menjadi bentuk baru yang lebih dekoratif. Tata letak menggunakan pola acak terkontrol, dengan proporsi seimbang, irama repetitif, dan kesatuan ornamen. Pewarnaan memakai warna cerah khas kain upacara Bali. Desain harus layak diterapkan pada proses ikat tenun Endek, tetap mempertahankan tekstur tenun ikat tradisional, dan menjaga kesakralan dan kepantasan motif."
flora/F-137-flora_14.jpg,D:\DISERTASI_S3\WIWIK\DATASET_L2\EndekGAN\EndekGAN_Dataset\flora\F-137-flora_14.jpg,flora,0,2bec15e58f75850c097c42818b705392,Motif Endek Flora berbasis motif bunga lokal dengan kelopak berulang,motif bunga lokal dengan kelopak berulang,distorsi,pola ulang menyeluruh,proporsi seimbang; irama repetitif; kesatuan ornamen,"warna coklat, krem, dan emas bernuansa tradisional",mempertahankan karakter tekstur tenun ikat tradisional,memadukan unsur lama dan unsur baru secara kreatif,"Motif Endek Flora berbasis motif bunga lokal dengan kelopak berulang. Desain kain Endek Bali bertema flora yang terinspirasi dari motif bunga lokal dengan kelopak berulang. Motif dibuat menggunakan teknik distorsi, yaitu perubahan bentuk dengan penekanan atau pelebaran proporsi untuk menghasilkan karakter visual yang lebih ekspresif. Tata letak menggunakan pola ulang menyeluruh, dengan proporsi seimbang, irama repetitif, dan kesatuan ornamen. Pewarnaan memakai warna coklat, krem, dan emas bernuansa tradisional. Desain harus mempertahankan karakter tekstur tenun ikat tradisional, tetap mempertahankan tekstur tenun ikat tradisional, dan memadukan unsur lama dan unsur baru secara kreatif."
flora/F-138-flora_22.jpg,D:\DISERTASI_S3\WIWIK\DATASET_L2\EndekGAN\EndekGAN_Dataset\flora\F-138-flora_22.jpg,flora,0,8eae465acbe7f16ff095abbfd2ca08ce,Motif Endek Flora berbasis motif bunga lokal dengan kelopak berulang,motif bunga lokal dengan kelopak berulang,deformasi,pola acak terkontrol,proporsi seimbang; irama repetitif; kesatuan ornamen,warna cerah khas kain upacara Bali,"mempertimbangkan jarak antar ikatan minimal 0,5 cm agar warna celupan dapat masuk","mengutamakan nilai estetika, fungsi, dan identitas lokal Endek Bali","Motif Endek Flora berbasis motif bunga lokal dengan kelopak berulang. Desain kain Endek Bali bertema flora yang terinspirasi dari motif bunga lokal dengan kelopak berulang. Motif dibuat menggunakan teknik deformasi, yaitu penyederhanaan struktur dan proporsi bentuk asli menjadi bentuk baru yang lebih dekoratif. Tata letak menggunakan pola acak terkontrol, dengan proporsi seimbang, irama repetitif, dan kesatuan ornamen. Pewarnaan memakai warna cerah khas kain upacara Bali. Desain harus mempertimbangkan jarak antar ikatan minimal 0,5 cm agar warna celupan dapat masuk, tetap mempertahankan tekstur tenun ikat tradisional, dan mengutamakan nilai estetika, fungsi, dan identitas lokal Endek Bali."
flora/F-139-flora_82.jpg,D:\DISERTASI_S3\WIWIK\DATASET_L2\EndekGAN\EndekGAN_Dataset\flora\F-139-flora_82.jpg,flora,0,a4a05ac219b957addc8e717d1deb4012,Motif Endek Flora berbasis daun dan sulur tanaman tropis Bali,daun dan sulur tanaman tropis Bali,stilasi,pola ulang menyeluruh,kontras bentuk dan warna; irama repetitif; kesatuan ornamen,"warna coklat, krem, dan emas bernuansa tradisional",struktur ornamen tidak terlalu rapat sehingga dapat diendekkan,digunakan dalam konteks budaya Bali,"Motif Endek Flora berbasis daun dan sulur tanaman tropis Bali. Desain kain Endek Bali bertema flora yang terinspirasi dari daun dan sulur tanaman tropis Bali. Motif dibuat menggunakan teknik stilasi, yaitu penggayaan bentuk asli menjadi ornamen dekoratif dengan tetap mempertahankan ciri utama objek sumber. Tata letak menggunakan pola ulang menyeluruh, dengan kontras bentuk dan warna, irama repetitif, dan kesatuan ornamen. Pewarnaan memakai warna coklat, krem, dan emas bernuansa tradisional. Desain harus struktur ornamen tidak terlalu rapat sehingga dapat diendekkan, tetap mempertahankan tekstur tenun ikat tradisional, dan digunakan dalam konteks budaya Bali."
flora/F-140-flora_81.jpg,D:\DISERTASI_S3\WIWIK\DATASET_L2\EndekGAN\EndekGAN_Dataset\flora\F-140-flora_81.jpg,flora,0,6f5717aa11b34d3effa3fc9c30afc6d9,Motif Endek Flora berbasis motif bunga lokal dengan kelopak berulang,motif bunga lokal dengan kelopak berulang,distorsi,pola ulang himpunan,irama repetitif; kesatuan ornamen; kesatuan ornamen,warna merah dan emas yang kontras,mempertahankan karakter tekstur tenun ikat tradisional,"mengutamakan nilai estetika, fungsi, dan identitas lokal Endek Bali","Motif Endek Flora berbasis motif bunga lokal dengan kelopak berulang. Desain kain Endek Bali bertema flora yang terinspirasi dari motif bunga lokal dengan kelopak berulang. Motif dibuat menggunakan teknik distorsi, yaitu perubahan bentuk dengan penekanan atau pelebaran proporsi untuk menghasilkan karakter visual yang lebih ekspresif. Tata letak menggunakan pola ulang himpunan, dengan irama repetitif, kesatuan ornamen, dan kesatuan ornamen. Pewarnaan memakai warna merah dan emas yang kontras. Desain harus mempertahankan karakter tekstur tenun ikat tradisional, tetap mempertahankan tekstur tenun ikat tradisional, dan mengutamakan nilai estetika, fungsi, dan identitas lokal Endek Bali."
flora/F-141-flora_72.jpg,D:\DISERTASI_S3\WIWIK\DATASET_L2\EndekGAN\EndekGAN_Dataset\flora\F-141-flora_72.jpg,flora,0,b97b3520318a801c2b59000d21c4d751,Motif Endek Flora berbasis motif bunga lokal dengan kelopak berulang,motif bunga lokal dengan kelopak berulang,distorsi,pola acak terkontrol,proporsi seimbang; kontras bentuk dan warna; kesatuan ornamen,"warna coklat, krem, dan emas bernuansa tradisional",motif tetap terbaca pada skala benang,digunakan dalam konteks budaya Bali,"Motif Endek Flora berbasis motif bunga lokal dengan kelopak berulang. Desain kain Endek Bali bertema flora yang terinspirasi dari motif bunga lokal dengan kelopak berulang. Motif dibuat menggunakan teknik distorsi, yaitu perubahan bentuk dengan penekanan atau pelebaran proporsi untuk menghasilkan karakter visual yang lebih ekspresif. Tata letak menggunakan pola acak terkontrol, dengan proporsi seimbang, kontras bentuk dan warna, dan kesatuan ornamen. Pewarnaan memakai warna coklat, krem, dan emas bernuansa tradisional. Desain harus motif tetap terbaca pada skala benang, tetap mempertahankan tekstur tenun ikat tradisional, dan digunakan dalam konteks budaya Bali."
flora/F-142-flora_73.jpg,D:\DISERTASI_S3\WIWIK\DATASET_L2\EndekGAN\EndekGAN_Dataset\flora\F-142-flora_73.jpg,flora,0,4fc0280d7ba8163fd8468da398b8d016,Motif Endek Flora berbasis daun dan sulur tanaman tropis Bali,daun dan sulur tanaman tropis Bali,distorsi,pola acak terkontrol,irama repetitif; kesatuan ornamen; kesatuan ornamen,warna cerah khas kain upacara Bali,"mempertimbangkan jarak antar ikatan minimal 0,5 cm agar warna celupan dapat masuk",memadukan unsur lama dan unsur baru secara kreatif,"Motif Endek Flora berbasis daun dan sulur tanaman tropis Bali. Desain kain Endek Bali bertema flora yang terinspirasi dari daun dan sulur tanaman tropis Bali. Motif dibuat menggunakan teknik distorsi, yaitu perubahan bentuk dengan penekanan atau pelebaran proporsi untuk menghasilkan karakter visual yang lebih ekspresif. Tata letak menggunakan pola acak terkontrol, dengan irama repetitif, kesatuan ornamen, dan kesatuan ornamen. Pewarnaan memakai warna cerah khas kain upacara Bali. Desain harus mempertimbangkan jarak antar ikatan minimal 0,5 cm agar warna celupan dapat masuk, tetap mempertahankan tekstur tenun ikat tradisional, dan memadukan unsur lama dan unsur baru secara kreatif."
flora/F-143-flora_20.jpg,D:\DISERTASI_S3\WIWIK\DATASET_L2\EndekGAN\EndekGAN_Dataset\flora\F-143-flora_20.jpg,flora,0,4df5baa62c49039cbe4bbaba1a6c7f90,Motif Endek Flora berbasis daun dan sulur tanaman tropis Bali,daun dan sulur tanaman tropis Bali,distorsi,pola acak terkontrol,kontras bentuk dan warna; proporsi seimbang; kesatuan ornamen,warna merah dan emas yang kontras,struktur ornamen tidak terlalu rapat sehingga dapat diendekkan,digunakan dalam konteks budaya Bali,"Motif Endek Flora berbasis daun dan sulur tanaman tropis Bali. Desain kain Endek Bali bertema flora yang terinspirasi dari daun dan sulur tanaman tropis Bali. Motif dibuat menggunakan teknik distorsi, yaitu perubahan bentuk dengan penekanan atau pelebaran proporsi untuk menghasilkan karakter visual yang lebih ekspresif. Tata letak menggunakan pola acak terkontrol, dengan kontras bentuk dan warna, proporsi seimbang, dan kesatuan ornamen. Pewarnaan memakai warna merah dan emas yang kontras. Desain harus struktur ornamen tidak terlalu rapat sehingga dapat diendekkan, tetap mempertahankan tekstur tenun ikat tradisional, dan digunakan dalam konteks budaya Bali."
flora/F-144-flora_63.jpg,D:\DISERTASI_S3\WIWIK\DATASET_L2\EndekGAN\EndekGAN_Dataset\flora\F-144-flora_63.jpg,flora,0,fbc9994bfd7e4fde2b1ab46ea8507da6,Motif Endek Flora berbasis bunga teratai sebagai simbol keindahan dan keseimbangan,bunga teratai sebagai simbol keindahan dan keseimbangan,deformasi,pola acak terkontrol,klimaks visual yang jelas; keseimbangan visual; kesatuan ornamen,warna merah dan emas yang kontras,layak diterapkan pada proses ikat tenun Endek,"mengutamakan nilai estetika, fungsi, dan identitas lokal Endek Bali","Motif Endek Flora berbasis bunga teratai sebagai simbol keindahan dan keseimbangan. Desain kain Endek Bali bertema flora yang terinspirasi dari bunga teratai sebagai simbol keindahan dan keseimbangan. Motif dibuat menggunakan teknik deformasi, yaitu penyederhanaan struktur dan proporsi bentuk asli menjadi bentuk baru yang lebih dekoratif. Tata letak menggunakan pola acak terkontrol, dengan klimaks visual yang jelas, keseimbangan visual, dan kesatuan ornamen. Pewarnaan memakai warna merah dan emas yang kontras. Desain harus layak diterapkan pada proses ikat tenun Endek, tetap mempertahankan tekstur tenun ikat tradisional, dan mengutamakan nilai estetika, fungsi, dan identitas lokal Endek Bali."
flora/F-145-flora_19.jpg,D:\DISERTASI_S3\WIWIK\DATASET_L2\EndekGAN\EndekGAN_Dataset\flora\F-145-flora_19.jpg,flora,0,72da79bd75beb78ede6813981e6b7497,Motif Endek Flora berbasis motif bunga lokal dengan kelopak berulang,motif bunga lokal dengan kelopak berulang,distorsi,pola tunggal,proporsi seimbang; keseimbangan visual; kesatuan ornamen,warna hijau dan kuning yang harmonis,mempertahankan karakter tekstur tenun ikat tradisional,digunakan dalam konteks budaya Bali,"Motif Endek Flora berbasis motif bunga lokal dengan kelopak berulang. Desain kain Endek Bali bertema flora yang terinspirasi dari motif bunga lokal dengan kelopak berulang. Motif dibuat menggunakan teknik distorsi, yaitu perubahan bentuk dengan penekanan atau pelebaran proporsi untuk menghasilkan karakter visual yang lebih ekspresif. Tata letak menggunakan pola tunggal, dengan proporsi seimbang, keseimbangan visual, dan kesatuan ornamen. Pewarnaan memakai warna hijau dan kuning yang harmonis. Desain harus mempertahankan karakter tekstur tenun ikat tradisional, tetap mempertahankan tekstur tenun ikat tradisional, dan digunakan dalam konteks budaya Bali."
flora/F-146-flora_2.jpg,D:\DISERTASI_S3\WIWIK\DATASET_L2\EndekGAN\EndekGAN_Dataset\flora\F-146-flora_2.jpg,flora,0,71345e856b176582bf6779e4725a0fe6,Motif Endek Flora berbasis motif bunga lokal dengan kelopak berulang,motif bunga lokal dengan kelopak berulang,distorsi,pola ulang menyeluruh,proporsi seimbang; keseimbangan visual; kesatuan ornamen,"warna coklat, krem, dan emas bernuansa tradisional",struktur ornamen tidak terlalu rapat sehingga dapat diendekkan,menjaga kesakralan dan kepantasan motif,"Motif Endek Flora berbasis motif bunga lokal dengan kelopak berulang. Desain kain Endek Bali bertema flora yang terinspirasi dari motif bunga lokal dengan kelopak berulang. Motif dibuat menggunakan teknik distorsi, yaitu perubahan bentuk dengan penekanan atau pelebaran proporsi untuk menghasilkan karakter visual yang lebih ekspresif. Tata letak menggunakan pola ulang menyeluruh, dengan proporsi seimbang, keseimbangan visual, dan kesatuan ornamen. Pewarnaan memakai warna coklat, krem, dan emas bernuansa tradisional. Desain harus struktur ornamen tidak terlalu rapat sehingga dapat diendekkan, tetap mempertahankan tekstur tenun ikat tradisional, dan menjaga kesakralan dan kepantasan motif."
flora/F-147-flora_4.jpg,D:\DISERTASI_S3\WIWIK\DATASET_L2\EndekGAN\EndekGAN_Dataset\flora\F-147-flora_4.jpg,flora,0,68d6e7eb872fb813ef46cca685d15535,Motif Endek Flora berbasis daun dan sulur tanaman tropis Bali,daun dan sulur tanaman tropis Bali,stilasi,pola tunggal,proporsi seimbang; klimaks visual yang jelas; kesatuan ornamen,warna merah dan emas yang kontras,struktur ornamen tidak terlalu rapat sehingga dapat diendekkan,memadukan unsur lama dan unsur baru secara kreatif,"Motif Endek Flora berbasis daun dan sulur tanaman tropis Bali. Desain kain Endek Bali bertema flora yang terinspirasi dari daun dan sulur tanaman tropis Bali. Motif dibuat menggunakan teknik stilasi, yaitu penggayaan bentuk asli menjadi ornamen dekoratif dengan tetap mempertahankan ciri utama objek sumber. Tata letak menggunakan pola tunggal, dengan proporsi seimbang, klimaks visual yang jelas, dan kesatuan ornamen. Pewarnaan memakai warna merah dan emas yang kontras. Desain harus struktur ornamen tidak terlalu rapat sehingga dapat diendekkan, tetap mempertahankan tekstur tenun ikat tradisional, dan memadukan unsur lama dan unsur baru secara kreatif."
fauna/FA-001-fauna_104.jpg,D:\DISERTASI_S3\WIWIK\DATASET_L2\EndekGAN\EndekGAN_Dataset\fauna\FA-001-fauna_104.jpg,fauna,1,70d75af46926c21b76c595a8d5e7f4fc,Motif Endek Fauna berbasis kupu-kupu sebagai simbol keindahan dan transformasi,kupu-kupu sebagai simbol keindahan dan transformasi,stilasi,pola ulang himpunan,irama repetitif; keseimbangan visual; kesatuan ornamen,warna cerah khas kain upacara Bali,"mempertimbangkan jarak antar ikatan minimal 0,5 cm agar warna celupan dapat masuk","mengutamakan nilai estetika, fungsi, dan identitas lokal Endek Bali","Motif Endek Fauna berbasis kupu-kupu sebagai simbol keindahan dan transformasi. Desain kain Endek Bali bertema fauna yang terinspirasi dari kupu-kupu sebagai simbol keindahan dan transformasi. Motif dibuat menggunakan teknik stilasi, yaitu penggayaan bentuk asli menjadi ornamen dekoratif dengan tetap mempertahankan ciri utama objek sumber. Tata letak menggunakan pola ulang himpunan, dengan irama repetitif, keseimbangan visual, dan kesatuan ornamen. Pewarnaan memakai warna cerah khas kain upacara Bali. Desain harus mempertimbangkan jarak antar ikatan minimal 0,5 cm agar warna celupan dapat masuk, tetap mempertahankan tekstur tenun ikat tradisional, dan mengutamakan nilai estetika, fungsi, dan identitas lokal Endek Bali."
fauna/FA-002-fauna_100.jpg,D:\DISERTASI_S3\WIWIK\DATASET_L2\EndekGAN\EndekGAN_Dataset\fauna\FA-002-fauna_100.jpg,fauna,1,828801fd1ded9b1f7bcfae6bd9a305b0,Motif Endek Fauna berbasis bentuk fauna yang distilasi menjadi ornamen dekoratif,bentuk fauna yang distilasi menjadi ornamen dekoratif,deformasi,pola ulang menyeluruh,irama repetitif; kontras bentuk dan warna; kesatuan ornamen,warna hijau dan kuning yang harmonis,"mempertimbangkan jarak antar ikatan minimal 0,5 cm agar warna celupan dapat masuk",menjaga kesakralan dan kepantasan motif,"Motif Endek Fauna berbasis bentuk fauna yang distilasi menjadi ornamen dekoratif. Desain kain Endek Bali bertema fauna yang terinspirasi dari bentuk fauna yang distilasi menjadi ornamen dekoratif. Motif dibuat menggunakan teknik deformasi, yaitu penyederhanaan struktur dan proporsi bentuk asli menjadi bentuk baru yang lebih dekoratif. Tata letak menggunakan pola ulang menyeluruh, dengan irama repetitif, kontras bentuk dan warna, dan kesatuan ornamen. Pewarnaan memakai warna hijau dan kuning yang harmonis. Desain harus mempertimbangkan jarak antar ikatan minimal 0,5 cm agar warna celupan dapat masuk, tetap mempertahankan tekstur tenun ikat tradisional, dan menjaga kesakralan dan kepantasan motif."
fauna/FA-006-fauna_90.jpg,D:\DISERTASI_S3\WIWIK\DATASET_L2\EndekGAN\EndekGAN_Dataset\fauna\FA-006-fauna_90.jpg,fauna,1,29207fe247e432092de13b45e6df00f4,Motif Endek Fauna berbasis burung sebagai simbol harmoni alam,burung sebagai simbol harmoni alam,deformasi,pola acak terkontrol,klimaks visual yang jelas; proporsi seimbang; kesatuan ornamen,warna merah dan emas yang kontras,struktur ornamen tidak terlalu rapat sehingga dapat diendekkan,menjaga kesakralan dan kepantasan motif,"Motif Endek Fauna berbasis burung sebagai simbol harmoni alam. Desain kain Endek Bali bertema fauna yang terinspirasi dari burung sebagai simbol harmoni alam. Motif dibuat menggunakan teknik deformasi, yaitu penyederhanaan struktur dan proporsi bentuk asli menjadi bentuk baru yang lebih dekoratif. Tata letak menggunakan pola acak terkontrol, dengan klimaks visual yang jelas, proporsi seimbang, dan kesatuan ornamen. Pewarnaan memakai warna merah dan emas yang kontras. Desain harus struktur ornamen tidak terlalu rapat sehingga dapat diendekkan, tetap mempertahankan tekstur tenun ikat tradisional, dan menjaga kesakralan dan kepantasan motif."
fauna/FA-007-fauna_40.jpg,D:\DISERTASI_S3\WIWIK\DATASET_L2\EndekGAN\EndekGAN_Dataset\fauna\FA-007-fauna_40.jpg,fauna,1,e6c1d69f7989a1fffbe87475c22cced3,Motif Endek Fauna berbasis burung sebagai simbol harmoni alam,burung sebagai simbol harmoni alam,distorsi,pola acak terkontrol,irama repetitif; klimaks visual yang jelas; kesatuan ornamen,warna hijau dan kuning yang harmonis,mempertahankan karakter tekstur tenun ikat tradisional,menjaga kesakralan dan kepantasan motif,"Motif Endek Fauna berbasis burung sebagai simbol harmoni alam. Desain kain Endek Bali bertema fauna yang terinspirasi dari burung sebagai simbol harmoni alam. Motif dibuat menggunakan teknik distorsi, yaitu perubahan bentuk dengan penekanan atau pelebaran proporsi untuk menghasilkan karakter visual yang lebih ekspresif. Tata letak menggunakan pola acak terkontrol, dengan irama repetitif, klimaks visual yang jelas, dan kesatuan ornamen. Pewarnaan memakai warna hijau dan kuning yang harmonis. Desain harus mempertahankan karakter tekstur tenun ikat tradisional, tetap mempertahankan tekstur tenun ikat tradisional, dan menjaga kesakralan dan kepantasan motif."
fauna/FA-008-fauna_35.jpg,D:\DISERTASI_S3\WIWIK\DATASET_L2\EndekGAN\EndekGAN_Dataset\fauna\FA-008-fauna_35.jpg,fauna,1,630ef241bfc0c9dba1b19e1adecba7fd,Motif Endek Fauna berbasis ikan atau hewan air sebagai inspirasi alam tropis,ikan atau hewan air sebagai inspirasi alam tropis,distorsi,pola acak terkontrol,irama repetitif; klimaks visual yang jelas; kesatuan ornamen,warna cerah khas kain upacara Bali,"mempertimbangkan jarak antar ikatan minimal 0,5 cm agar warna celupan dapat masuk",digunakan dalam konteks budaya Bali,"Motif Endek Fauna berbasis ikan atau hewan air sebagai inspirasi alam tropis. Desain kain Endek Bali bertema fauna yang terinspirasi dari ikan atau hewan air sebagai inspirasi alam tropis. Motif dibuat menggunakan teknik distorsi, yaitu perubahan bentuk dengan penekanan atau pelebaran proporsi untuk menghasilkan karakter visual yang lebih ekspresif. Tata letak menggunakan pola acak terkontrol, dengan irama repetitif, klimaks visual yang jelas, dan kesatuan ornamen. Pewarnaan memakai warna cerah khas kain upacara Bali. Desain harus mempertimbangkan jarak antar ikatan minimal 0,5 cm agar warna celupan dapat masuk, tetap mempertahankan tekstur tenun ikat tradisional, dan digunakan dalam konteks budaya Bali."
fauna/FA-009-fauna_32.jpg,D:\DISERTASI_S3\WIWIK\DATASET_L2\EndekGAN\EndekGAN_Dataset\fauna\FA-009-fauna_32.jpg,fauna,1,ecc185c844562fc38ed126c1d8229357,Motif Endek Fauna berbasis burung sebagai simbol harmoni alam,burung sebagai simbol harmoni alam,stilasi,pola tunggal,proporsi seimbang; proporsi seimbang; kesatuan ornamen,warna hijau dan kuning yang harmonis,mempertahankan karakter tekstur tenun ikat tradisional,"mengutamakan nilai estetika, fungsi, dan identitas lokal Endek Bali","Motif Endek Fauna berbasis burung sebagai simbol harmoni alam. Desain kain Endek Bali bertema fauna yang terinspirasi dari burung sebagai simbol harmoni alam. Motif dibuat menggunakan teknik stilasi, yaitu penggayaan bentuk asli menjadi ornamen dekoratif dengan tetap mempertahankan ciri utama objek sumber. Tata letak menggunakan pola tunggal, dengan proporsi seimbang, proporsi seimbang, dan kesatuan ornamen. Pewarnaan memakai warna hijau dan kuning yang harmonis. Desain harus mempertahankan karakter tekstur tenun ikat tradisional, tetap mempertahankan tekstur tenun ikat tradisional, dan mengutamakan nilai estetika, fungsi, dan identitas lokal Endek Bali."
fauna/FA-010-fauna_79.jpg,D:\DISERTASI_S3\WIWIK\DATASET_L2\EndekGAN\EndekGAN_Dataset\fauna\FA-010-fauna_79.jpg,fauna,1,a4fb07e4bc9d4e545ccfb64cfbf742c3,Motif Endek Fauna berbasis burung sebagai simbol harmoni alam,burung sebagai simbol harmoni alam,distorsi,pola tunggal,irama repetitif; kontras bentuk dan warna; kesatuan ornamen,warna merah dan emas yang kontras,motif tetap terbaca pada skala benang,menjaga kesakralan dan kepantasan motif,"Motif Endek Fauna berbasis burung sebagai simbol harmoni alam. Desain kain Endek Bali bertema fauna yang terinspirasi dari burung sebagai simbol harmoni alam. Motif dibuat menggunakan teknik distorsi, yaitu perubahan bentuk dengan penekanan atau pelebaran proporsi untuk menghasilkan karakter visual yang lebih ekspresif. Tata letak menggunakan pola tunggal, dengan irama repetitif, kontras bentuk dan warna, dan kesatuan ornamen. Pewarnaan memakai warna merah dan emas yang kontras. Desain harus motif tetap terbaca pada skala benang, tetap mempertahankan tekstur tenun ikat tradisional, dan menjaga kesakralan dan kepantasan motif."
fauna/FA-011-fauna_64.jpg,D:\DISERTASI_S3\WIWIK\DATASET_L2\EndekGAN\EndekGAN_Dataset\fauna\FA-011-fauna_64.jpg,fauna,1,bd1fc75c18ce9a3b26c46ad261f0c93f,Motif Endek Fauna berbasis ikan atau hewan air sebagai inspirasi alam tropis,ikan atau hewan air sebagai inspirasi alam tropis,stilasi,pola tunggal,kesatuan ornamen; proporsi seimbang; kesatuan ornamen,warna merah dan emas yang kontras,motif tetap terbaca pada skala benang,menjaga kesakralan dan kepantasan motif,"Motif Endek Fauna berbasis ikan atau hewan air sebagai inspirasi alam tropis. Desain kain Endek Bali bertema fauna yang terinspirasi dari ikan atau hewan air sebagai inspirasi alam tropis. Motif dibuat menggunakan teknik stilasi, yaitu penggayaan bentuk asli menjadi ornamen dekoratif dengan tetap mempertahankan ciri utama objek sumber. Tata letak menggunakan pola tunggal, dengan kesatuan ornamen, proporsi seimbang, dan kesatuan ornamen. Pewarnaan memakai warna merah dan emas yang kontras. Desain harus motif tetap terbaca pada skala benang, tetap mempertahankan tekstur tenun ikat tradisional, dan menjaga kesakralan dan kepantasan motif."
fauna/FA-012-fauna_62.jpg,D:\DISERTASI_S3\WIWIK\DATASET_L2\EndekGAN\EndekGAN_Dataset\fauna\FA-012-fauna_62.jpg,fauna,1,4ddf467803c11aac55625f2e63e007eb,Motif Endek Fauna berbasis bentuk fauna yang distilasi menjadi ornamen dekoratif,bentuk fauna yang distilasi menjadi ornamen dekoratif,distorsi,pola ulang himpunan,kesatuan ornamen; kontras bentuk dan warna; kesatuan ornamen,warna hijau dan kuning yang harmonis,layak diterapkan pada proses ikat tenun Endek,"mengutamakan nilai estetika, fungsi, dan identitas lokal Endek Bali","Motif Endek Fauna berbasis bentuk fauna yang distilasi menjadi ornamen dekoratif. Desain kain Endek Bali bertema fauna yang terinspirasi dari bentuk fauna yang distilasi menjadi ornamen dekoratif. Motif dibuat menggunakan teknik distorsi, yaitu perubahan bentuk dengan penekanan atau pelebaran proporsi untuk menghasilkan karakter visual yang lebih ekspresif. Tata letak menggunakan pola ulang himpunan, dengan kesatuan ornamen, kontras bentuk dan warna, dan kesatuan ornamen. Pewarnaan memakai warna hijau dan kuning yang harmonis. Desain harus layak diterapkan pada proses ikat tenun Endek, tetap mempertahankan tekstur tenun ikat tradisional, dan mengutamakan nilai estetika, fungsi, dan identitas lokal Endek Bali."
fauna/FA-013-fauna_28.jpg,D:\DISERTASI_S3\WIWIK\DATASET_L2\EndekGAN\EndekGAN_Dataset\fauna\FA-013-fauna_28.jpg,fauna,1,9e7fd830286eaa8aa939fd7f4bc42ecb,Motif Endek Fauna berbasis ikan atau hewan air sebagai inspirasi alam tropis,ikan atau hewan air sebagai inspirasi alam tropis,deformasi,pola tunggal,klimaks visual yang jelas; kontras bentuk dan warna; kesatuan ornamen,warna hijau dan kuning yang harmonis,"mempertimbangkan jarak antar ikatan minimal 0,5 cm agar warna celupan dapat masuk",memadukan unsur lama dan unsur baru secara kreatif,"Motif Endek Fauna berbasis ikan atau hewan air sebagai inspirasi alam tropis. Desain kain Endek Bali bertema fauna yang terinspirasi dari ikan atau hewan air sebagai inspirasi alam tropis. Motif dibuat menggunakan teknik deformasi, yaitu penyederhanaan struktur dan proporsi bentuk asli menjadi bentuk baru yang lebih dekoratif. Tata letak menggunakan pola tunggal, dengan klimaks visual yang jelas, kontras bentuk dan warna, dan kesatuan ornamen. Pewarnaan memakai warna hijau dan kuning yang harmonis. Desain harus mempertimbangkan jarak antar ikatan minimal 0,5 cm agar warna celupan dapat masuk, tetap mempertahankan tekstur tenun ikat tradisional, dan memadukan unsur lama dan unsur baru secara kreatif."
fauna/FA-014-fauna_93.jpg,D:\DISERTASI_S3\WIWIK\DATASET_L2\EndekGAN\EndekGAN_Dataset\fauna\FA-014-fauna_93.jpg,fauna,1,b1038d41f54c443070a7a9d9be5b3348,Motif Endek Fauna berbasis bentuk fauna yang distilasi menjadi ornamen dekoratif,bentuk fauna yang distilasi menjadi ornamen dekoratif,distorsi,pola tunggal,irama repetitif; proporsi seimbang; kesatuan ornamen,warna hijau dan kuning yang harmonis,motif tetap terbaca pada skala benang,digunakan dalam konteks budaya Bali,"Motif Endek Fauna berbasis bentuk fauna yang distilasi menjadi ornamen dekoratif. Desain kain Endek Bali bertema fauna yang terinspirasi dari bentuk fauna yang distilasi menjadi ornamen dekoratif. Motif dibuat menggunakan teknik distorsi, yaitu perubahan bentuk dengan penekanan atau pelebaran proporsi untuk menghasilkan karakter visual yang lebih ekspresif. Tata letak menggunakan pola tunggal, dengan irama repetitif, proporsi seimbang, dan kesatuan ornamen. Pewarnaan memakai warna hijau dan kuning yang harmonis. Desain harus motif tetap terbaca pada skala benang, tetap mempertahankan tekstur tenun ikat tradisional, dan digunakan dalam konteks budaya Bali."
fauna/FA-015-fauna_72.jpg,D:\DISERTASI_S3\WIWIK\DATASET_L2\EndekGAN\EndekGAN_Dataset\fauna\FA-015-fauna_72.jpg,fauna,1,379f6975eda8e4b6d2a70016e0a7781e,Motif Endek Fauna berbasis bentuk fauna yang distilasi menjadi ornamen dekoratif,bentuk fauna yang distilasi menjadi ornamen dekoratif,distorsi,pola tunggal,kontras bentuk dan warna; klimaks visual yang jelas; kesatuan ornamen,warna merah dan emas yang kontras,struktur ornamen tidak terlalu rapat sehingga dapat diendekkan,menjaga kesakralan dan kepantasan motif,"Motif Endek Fauna berbasis bentuk fauna yang distilasi menjadi ornamen dekoratif. Desain kain Endek Bali bertema fauna yang terinspirasi dari bentuk fauna yang distilasi menjadi ornamen dekoratif. Motif dibuat menggunakan teknik distorsi, yaitu perubahan bentuk dengan penekanan atau pelebaran proporsi untuk menghasilkan karakter visual yang lebih ekspresif. Tata letak menggunakan pola tunggal, dengan kontras bentuk dan warna, klimaks visual yang jelas, dan kesatuan ornamen. Pewarnaan memakai warna merah dan emas yang kontras. Desain harus struktur ornamen tidak terlalu rapat sehingga dapat diendekkan, tetap mempertahankan tekstur tenun ikat tradisional, dan menjaga kesakralan dan kepantasan motif."
fauna/FA-016-fauna_51.jpg,D:\DISERTASI_S3\WIWIK\DATASET_L2\EndekGAN\EndekGAN_Dataset\fauna\FA-016-fauna_51.jpg,fauna,1,497a87c124cc363e7235b35065a78db2,Motif Endek Fauna berbasis kupu-kupu sebagai simbol keindahan dan transformasi,kupu-kupu sebagai simbol keindahan dan transformasi,stilasi,pola ulang himpunan,keseimbangan visual; klimaks visual yang jelas; kesatuan ornamen,"warna biru, hitam, dan putih dengan kontras kuat",motif tetap terbaca pada skala benang,menjaga kesakralan dan kepantasan motif,"Motif Endek Fauna berbasis kupu-kupu sebagai simbol keindahan dan transformasi. Desain kain Endek Bali bertema fauna yang terinspirasi dari kupu-kupu sebagai simbol keindahan dan transformasi. Motif dibuat menggunakan teknik stilasi, yaitu penggayaan bentuk asli menjadi ornamen dekoratif dengan tetap mempertahankan ciri utama objek sumber. Tata letak menggunakan pola ulang himpunan, dengan keseimbangan visual, klimaks visual yang jelas, dan kesatuan ornamen. Pewarnaan memakai warna biru, hitam, dan putih dengan kontras kuat. Desain harus motif tetap terbaca pada skala benang, tetap mempertahankan tekstur tenun ikat tradisional, dan menjaga kesakralan dan kepantasan motif."
fauna/FA-017-fauna_59.jpg,D:\DISERTASI_S3\WIWIK\DATASET_L2\EndekGAN\EndekGAN_Dataset\fauna\FA-017-fauna_59.jpg,fauna,1,b0f7942b1b7accaa627448efff3a60e1,Motif Endek Fauna berbasis burung sebagai simbol harmoni alam,burung sebagai simbol harmoni alam,stilasi,pola ulang himpunan,irama repetitif; klimaks visual yang jelas; kesatuan ornamen,warna hijau dan kuning yang harmonis,struktur ornamen tidak terlalu rapat sehingga dapat diendekkan,memadukan unsur lama dan unsur baru secara kreatif,"Motif Endek Fauna berbasis burung sebagai simbol harmoni alam. Desain kain Endek Bali bertema fauna yang terinspirasi dari burung sebagai simbol harmoni alam. Motif dibuat menggunakan teknik stilasi, yaitu penggayaan bentuk asli menjadi ornamen dekoratif dengan tetap mempertahankan ciri utama objek sumber. Tata letak menggunakan pola ulang himpunan, dengan irama repetitif, klimaks visual yang jelas, dan kesatuan ornamen. Pewarnaan memakai warna hijau dan kuning yang harmonis. Desain harus struktur ornamen tidak terlalu rapat sehingga dapat diendekkan, tetap mempertahankan tekstur tenun ikat tradisional, dan memadukan unsur lama dan unsur baru secara kreatif."
fauna/FA-019-fauna_9.jpg,D:\DISERTASI_S3\WIWIK\DATASET_L2\EndekGAN\EndekGAN_Dataset\fauna\FA-019-fauna_9.jpg,fauna,1,6741652ecfad1718a4add879067f1675,Motif Endek Fauna berbasis bentuk fauna yang distilasi menjadi ornamen dekoratif,bentuk fauna yang distilasi menjadi ornamen dekoratif,deformasi,pola ulang himpunan,kontras bentuk dan warna; klimaks visual yang jelas; kesatuan ornamen,warna cerah khas kain upacara Bali,layak diterapkan pada proses ikat tenun Endek,"mengutamakan nilai estetika, fungsi, dan identitas lokal Endek Bali","Motif Endek Fauna berbasis bentuk fauna yang distilasi menjadi ornamen dekoratif. Desain kain Endek Bali bertema fauna yang terinspirasi dari bentuk fauna yang distilasi menjadi ornamen dekoratif. Motif dibuat menggunakan teknik deformasi, yaitu penyederhanaan struktur dan proporsi bentuk asli menjadi bentuk baru yang lebih dekoratif. Tata letak menggunakan pola ulang himpunan, dengan kontras bentuk dan warna, klimaks visual yang jelas, dan kesatuan ornamen. Pewarnaan memakai warna cerah khas kain upacara Bali. Desain harus layak diterapkan pada proses ikat tenun Endek, tetap mempertahankan tekstur tenun ikat tradisional, dan mengutamakan nilai estetika, fungsi, dan identitas lokal Endek Bali."
fauna/FA-020-fauna_16.jpg,D:\DISERTASI_S3\WIWIK\DATASET_L2\EndekGAN\EndekGAN_Dataset\fauna\FA-020-fauna_16.jpg,fauna,1,721d279e519be01d29122b1db24b784b,Motif Endek Fauna berbasis ikan atau hewan air sebagai inspirasi alam tropis,ikan atau hewan air sebagai inspirasi alam tropis,deformasi,pola ulang himpunan,irama repetitif; keseimbangan visual; kesatuan ornamen,"warna biru, hitam, dan putih dengan kontras kuat","mempertimbangkan jarak antar ikatan minimal 0,5 cm agar warna celupan dapat masuk",menjaga kesakralan dan kepantasan motif,"Motif Endek Fauna berbasis ikan atau hewan air sebagai inspirasi alam tropis. Desain kain Endek Bali bertema fauna yang terinspirasi dari ikan atau hewan air sebagai inspirasi alam tropis. Motif dibuat menggunakan teknik deformasi, yaitu penyederhanaan struktur dan proporsi bentuk asli menjadi bentuk baru yang lebih dekoratif. Tata letak menggunakan pola ulang himpunan, dengan irama repetitif, keseimbangan visual, dan kesatuan ornamen. Pewarnaan memakai warna biru, hitam, dan putih dengan kontras kuat. Desain harus mempertimbangkan jarak antar ikatan minimal 0,5 cm agar warna celupan dapat masuk, tetap mempertahankan tekstur tenun ikat tradisional, dan menjaga kesakralan dan kepantasan motif."
fauna/FA-021-fauna_81.jpg,D:\DISERTASI_S3\WIWIK\DATASET_L2\EndekGAN\EndekGAN_Dataset\fauna\FA-021-fauna_81.jpg,fauna,1,96b6e714af2379e11f1fc4d99290631c,Motif Endek Fauna berbasis kupu-kupu sebagai simbol keindahan dan transformasi,kupu-kupu sebagai simbol keindahan dan transformasi,distorsi,pola tunggal,keseimbangan visual; keseimbangan visual; kesatuan ornamen,warna hijau dan kuning yang harmonis,"mempertimbangkan jarak antar ikatan minimal 0,5 cm agar warna celupan dapat masuk",digunakan dalam konteks budaya Bali,"Motif Endek Fauna berbasis kupu-kupu sebagai simbol keindahan dan transformasi. Desain kain Endek Bali bertema fauna yang terinspirasi dari kupu-kupu sebagai simbol keindahan dan transformasi. Motif dibuat menggunakan teknik distorsi, yaitu perubahan bentuk dengan penekanan atau pelebaran proporsi untuk menghasilkan karakter visual yang lebih ekspresif. Tata letak menggunakan pola tunggal, dengan keseimbangan visual, keseimbangan visual, dan kesatuan ornamen. Pewarnaan memakai warna hijau dan kuning yang harmonis. Desain harus mempertimbangkan jarak antar ikatan minimal 0,5 cm agar warna celupan dapat masuk, tetap mempertahankan tekstur tenun ikat tradisional, dan digunakan dalam konteks budaya Bali."
fauna/FA-022-fauna_92.jpg,D:\DISERTASI_S3\WIWIK\DATASET_L2\EndekGAN\EndekGAN_Dataset\fauna\FA-022-fauna_92.jpg,fauna,1,a2144cfaf5e315477a8aa0b30ad9ed0c,Motif Endek Fauna berbasis burung sebagai simbol harmoni alam,burung sebagai simbol harmoni alam,distorsi,pola ulang himpunan,irama repetitif; kontras bentuk dan warna; kesatuan ornamen,warna hijau dan kuning yang harmonis,struktur ornamen tidak terlalu rapat sehingga dapat diendekkan,menjaga kesakralan dan kepantasan motif,"Motif Endek Fauna berbasis burung sebagai simbol harmoni alam. Desain kain Endek Bali bertema fauna yang terinspirasi dari burung sebagai simbol harmoni alam. Motif dibuat menggunakan teknik distorsi, yaitu perubahan bentuk dengan penekanan atau pelebaran proporsi untuk menghasilkan karakter visual yang lebih ekspresif. Tata letak menggunakan pola ulang himpunan, dengan irama repetitif, kontras bentuk dan warna, dan kesatuan ornamen. Pewarnaan memakai warna hijau dan kuning yang harmonis. Desain harus struktur ornamen tidak terlalu rapat sehingga dapat diendekkan, tetap mempertahankan tekstur tenun ikat tradisional, dan menjaga kesakralan dan kepantasan motif."
fauna/FA-023-fauna_10.jpg,D:\DISERTASI_S3\WIWIK\DATASET_L2\EndekGAN\EndekGAN_Dataset\fauna\FA-023-fauna_10.jpg,fauna,1,82515c8dc900510b5eaad4bd9043538c,Motif Endek Fauna berbasis bentuk fauna yang distilasi menjadi ornamen dekoratif,bentuk fauna yang distilasi menjadi ornamen dekoratif,distorsi,pola tunggal,kesatuan ornamen; kesatuan ornamen; kesatuan ornamen,warna hijau dan kuning yang harmonis,"mempertimbangkan jarak antar ikatan minimal 0,5 cm agar warna celupan dapat masuk",menjaga kesakralan dan kepantasan motif,"Motif Endek Fauna berbasis bentuk fauna yang distilasi menjadi ornamen dekoratif. Desain kain Endek Bali bertema fauna yang terinspirasi dari bentuk fauna yang distilasi menjadi ornamen dekoratif. Motif dibuat menggunakan teknik distorsi, yaitu perubahan bentuk dengan penekanan atau pelebaran proporsi untuk menghasilkan karakter visual yang lebih ekspresif. Tata letak menggunakan pola tunggal, dengan kesatuan ornamen, kesatuan ornamen, dan kesatuan ornamen. Pewarnaan memakai warna hijau dan kuning yang harmonis. Desain harus mempertimbangkan jarak antar ikatan minimal 0,5 cm agar warna celupan dapat masuk, tetap mempertahankan tekstur tenun ikat tradisional, dan menjaga kesakralan dan kepantasan motif."
fauna/FA-024-fauna_23.jpg,D:\DISERTASI_S3\WIWIK\DATASET_L2\EndekGAN\EndekGAN_Dataset\fauna\FA-024-fauna_23.jpg,fauna,1,9977432c232fb693168cab545e7feefd,Motif Endek Fauna berbasis ikan atau hewan air sebagai inspirasi alam tropis,ikan atau hewan air sebagai inspirasi alam tropis,deformasi,pola ulang menyeluruh,klimaks visual yang jelas; kesatuan ornamen; kesatuan ornamen,"warna coklat, krem, dan emas bernuansa tradisional",motif tetap terbaca pada skala benang,memadukan unsur lama dan unsur baru secara kreatif,"Motif Endek Fauna berbasis ikan atau hewan air sebagai inspirasi alam tropis. Desain kain Endek Bali bertema fauna yang terinspirasi dari ikan atau hewan air sebagai inspirasi alam tropis. Motif dibuat menggunakan teknik deformasi, yaitu penyederhanaan struktur dan proporsi bentuk asli menjadi bentuk baru yang lebih dekoratif. Tata letak menggunakan pola ulang menyeluruh, dengan klimaks visual yang jelas, kesatuan ornamen, dan kesatuan ornamen. Pewarnaan memakai warna coklat, krem, dan emas bernuansa tradisional. Desain harus motif tetap terbaca pada skala benang, tetap mempertahankan tekstur tenun ikat tradisional, dan memadukan unsur lama dan unsur baru secara kreatif."
fauna/FA-025-fauna_31.jpg,D:\DISERTASI_S3\WIWIK\DATASET_L2\EndekGAN\EndekGAN_Dataset\fauna\FA-025-fauna_31.jpg,fauna,1,968a6d173fd0e79ac7933b9955760a93,Motif Endek Fauna berbasis ikan atau hewan air sebagai inspirasi alam tropis,ikan atau hewan air sebagai inspirasi alam tropis,distorsi,pola ulang himpunan,klimaks visual yang jelas; kesatuan ornamen; kesatuan ornamen,warna cerah khas kain upacara Bali,struktur ornamen tidak terlalu rapat sehingga dapat diendekkan,memadukan unsur lama dan unsur baru secara kreatif,"Motif Endek Fauna berbasis ikan atau hewan air sebagai inspirasi alam tropis. Desain kain Endek Bali bertema fauna yang terinspirasi dari ikan atau hewan air sebagai inspirasi alam tropis. Motif dibuat menggunakan teknik distorsi, yaitu perubahan bentuk dengan penekanan atau pelebaran proporsi untuk menghasilkan karakter visual yang lebih ekspresif. Tata letak menggunakan pola ulang himpunan, dengan klimaks visual yang jelas, kesatuan ornamen, dan kesatuan ornamen. Pewarnaan memakai warna cerah khas kain upacara Bali. Desain harus struktur ornamen tidak terlalu rapat sehingga dapat diendekkan, tetap mempertahankan tekstur tenun ikat tradisional, dan memadukan unsur lama dan unsur baru secara kreatif."
fauna/FA-026-fauna_13.jpg,D:\DISERTASI_S3\WIWIK\DATASET_L2\EndekGAN\EndekGAN_Dataset\fauna\FA-026-fauna_13.jpg,fauna,1,b047ac96aac927610c5975d519415b3e,Motif Endek Fauna berbasis bentuk fauna yang distilasi menjadi ornamen dekoratif,bentuk fauna yang distilasi menjadi ornamen dekoratif,stilasi,pola ulang menyeluruh,keseimbangan visual; kontras bentuk dan warna; kesatuan ornamen,"warna biru, hitam, dan putih dengan kontras kuat",mempertahankan karakter tekstur tenun ikat tradisional,memadukan unsur lama dan unsur baru secara kreatif,"Motif Endek Fauna berbasis bentuk fauna yang distilasi menjadi ornamen dekoratif. Desain kain Endek Bali bertema fauna yang terinspirasi dari bentuk fauna yang distilasi menjadi ornamen dekoratif. Motif dibuat menggunakan teknik stilasi, yaitu penggayaan bentuk asli menjadi ornamen dekoratif dengan tetap mempertahankan ciri utama objek sumber. Tata letak menggunakan pola ulang menyeluruh, dengan keseimbangan visual, kontras bentuk dan warna, dan kesatuan ornamen. Pewarnaan memakai warna biru, hitam, dan putih dengan kontras kuat. Desain harus mempertahankan karakter tekstur tenun ikat tradisional, tetap mempertahankan tekstur tenun ikat tradisional, dan memadukan unsur lama dan unsur baru secara kreatif."
fauna/FA-028-fauna_21.jpg,D:\DISERTASI_S3\WIWIK\DATASET_L2\EndekGAN\EndekGAN_Dataset\fauna\FA-028-fauna_21.jpg,fauna,1,e0075296851f9243d140851ba484f7d2,Motif Endek Fauna berbasis bentuk fauna yang distilasi menjadi ornamen dekoratif,bentuk fauna yang distilasi menjadi ornamen dekoratif,deformasi,pola ulang himpunan,irama repetitif; kontras bentuk dan warna; kesatuan ornamen,warna merah dan emas yang kontras,struktur ornamen tidak terlalu rapat sehingga dapat diendekkan,digunakan dalam konteks budaya Bali,"Motif Endek Fauna berbasis bentuk fauna yang distilasi menjadi ornamen dekoratif. Desain kain Endek Bali bertema fauna yang terinspirasi dari bentuk fauna yang distilasi menjadi ornamen dekoratif. Motif dibuat menggunakan teknik deformasi, yaitu penyederhanaan struktur dan proporsi bentuk asli menjadi bentuk baru yang lebih dekoratif. Tata letak menggunakan pola ulang himpunan, dengan irama repetitif, kontras bentuk dan warna, dan kesatuan ornamen. Pewarnaan memakai warna merah dan emas yang kontras. Desain harus struktur ornamen tidak terlalu rapat sehingga dapat diendekkan, tetap mempertahankan tekstur tenun ikat tradisional, dan digunakan dalam konteks budaya Bali."
fauna/FA-029-fauna_86.jpg,D:\DISERTASI_S3\WIWIK\DATASET_L2\EndekGAN\EndekGAN_Dataset\fauna\FA-029-fauna_86.jpg,fauna,1,e5513b8cac8a5d8ad40cc302946fd0e5,Motif Endek Fauna berbasis kupu-kupu sebagai simbol keindahan dan transformasi,kupu-kupu sebagai simbol keindahan dan transformasi,stilasi,pola ulang menyeluruh,kesatuan ornamen; kesatuan ornamen; kesatuan ornamen,warna cerah khas kain upacara Bali,motif tetap terbaca pada skala benang,digunakan dalam konteks budaya Bali,"Motif Endek Fauna berbasis kupu-kupu sebagai simbol keindahan dan transformasi. Desain kain Endek Bali bertema fauna yang terinspirasi dari kupu-kupu sebagai simbol keindahan dan transformasi. Motif dibuat menggunakan teknik stilasi, yaitu penggayaan bentuk asli menjadi ornamen dekoratif dengan tetap mempertahankan ciri utama objek sumber. Tata letak menggunakan pola ulang menyeluruh, dengan kesatuan ornamen, kesatuan ornamen, dan kesatuan ornamen. Pewarnaan memakai warna cerah khas kain upacara Bali. Desain harus motif tetap terbaca pada skala benang, tetap mempertahankan tekstur tenun ikat tradisional, dan digunakan dalam konteks budaya Bali."
fauna/FA-030-fauna_22.jpg,D:\DISERTASI_S3\WIWIK\DATASET_L2\EndekGAN\EndekGAN_Dataset\fauna\FA-030-fauna_22.jpg,fauna,1,350a18829155894c50bc988301221f69,Motif Endek Fauna berbasis ikan atau hewan air sebagai inspirasi alam tropis,ikan atau hewan air sebagai inspirasi alam tropis,deformasi,pola acak terkontrol,keseimbangan visual; kesatuan ornamen; kesatuan ornamen,warna hijau dan kuning yang harmonis,struktur ornamen tidak terlalu rapat sehingga dapat diendekkan,menjaga kesakralan dan kepantasan motif,"Motif Endek Fauna berbasis ikan atau hewan air sebagai inspirasi alam tropis. Desain kain Endek Bali bertema fauna yang terinspirasi dari ikan atau hewan air sebagai inspirasi alam tropis. Motif dibuat menggunakan teknik deformasi, yaitu penyederhanaan struktur dan proporsi bentuk asli menjadi bentuk baru yang lebih dekoratif. Tata letak menggunakan pola acak terkontrol, dengan keseimbangan visual, kesatuan ornamen, dan kesatuan ornamen. Pewarnaan memakai warna hijau dan kuning yang harmonis. Desain harus struktur ornamen tidak terlalu rapat sehingga dapat diendekkan, tetap mempertahankan tekstur tenun ikat tradisional, dan menjaga kesakralan dan kepantasan motif."
fauna/FA-031-fauna_14.jpg,D:\DISERTASI_S3\WIWIK\DATASET_L2\EndekGAN\EndekGAN_Dataset\fauna\FA-031-fauna_14.jpg,fauna,1,b571e48a65b258ea143119ed777ea3d5,Motif Endek Fauna berbasis bentuk fauna yang distilasi menjadi ornamen dekoratif,bentuk fauna yang distilasi menjadi ornamen dekoratif,distorsi,pola acak terkontrol,proporsi seimbang; kontras bentuk dan warna; kesatuan ornamen,warna hijau dan kuning yang harmonis,layak diterapkan pada proses ikat tenun Endek,"mengutamakan nilai estetika, fungsi, dan identitas lokal Endek Bali","Motif Endek Fauna berbasis bentuk fauna yang distilasi menjadi ornamen dekoratif. Desain kain Endek Bali bertema fauna yang terinspirasi dari bentuk fauna yang distilasi menjadi ornamen dekoratif. Motif dibuat menggunakan teknik distorsi, yaitu perubahan bentuk dengan penekanan atau pelebaran proporsi untuk menghasilkan karakter visual yang lebih ekspresif. Tata letak menggunakan pola acak terkontrol, dengan proporsi seimbang, kontras bentuk dan warna, dan kesatuan ornamen. Pewarnaan memakai warna hijau dan kuning yang harmonis. Desain harus layak diterapkan pada proses ikat tenun Endek, tetap mempertahankan tekstur tenun ikat tradisional, dan mengutamakan nilai estetika, fungsi, dan identitas lokal Endek Bali."
fauna/FA-032-fauna_63.jpg,D:\DISERTASI_S3\WIWIK\DATASET_L2\EndekGAN\EndekGAN_Dataset\fauna\FA-032-fauna_63.jpg,fauna,1,076492379178fa58de2520fc6c162ae4,Motif Endek Fauna berbasis kupu-kupu sebagai simbol keindahan dan transformasi,kupu-kupu sebagai simbol keindahan dan transformasi,stilasi,pola ulang himpunan,kesatuan ornamen; klimaks visual yang jelas; kesatuan ornamen,"warna coklat, krem, dan emas bernuansa tradisional",motif tetap terbaca pada skala benang,memadukan unsur lama dan unsur baru secara kreatif,"Motif Endek Fauna berbasis kupu-kupu sebagai simbol keindahan dan transformasi. Desain kain Endek Bali bertema fauna yang terinspirasi dari kupu-kupu sebagai simbol keindahan dan transformasi. Motif dibuat menggunakan teknik stilasi, yaitu penggayaan bentuk asli menjadi ornamen dekoratif dengan tetap mempertahankan ciri utama objek sumber. Tata letak menggunakan pola ulang himpunan, dengan kesatuan ornamen, klimaks visual yang jelas, dan kesatuan ornamen. Pewarnaan memakai warna coklat, krem, dan emas bernuansa tradisional. Desain harus motif tetap terbaca pada skala benang, tetap mempertahankan tekstur tenun ikat tradisional, dan memadukan unsur lama dan unsur baru secara kreatif."
fauna/FA-033-fauna_77.jpg,D:\DISERTASI_S3\WIWIK\DATASET_L2\EndekGAN\EndekGAN_Dataset\fauna\FA-033-fauna_77.jpg,fauna,1,2193095a02273597959252d33494ac63,Motif Endek Fauna berbasis burung sebagai simbol harmoni alam,burung sebagai simbol harmoni alam,deformasi,pola acak terkontrol,kontras bentuk dan warna; kesatuan ornamen; kesatuan ornamen,"warna biru, hitam, dan putih dengan kontras kuat",struktur ornamen tidak terlalu rapat sehingga dapat diendekkan,memadukan unsur lama dan unsur baru secara kreatif,"Motif Endek Fauna berbasis burung sebagai simbol harmoni alam. Desain kain Endek Bali bertema fauna yang terinspirasi dari burung sebagai simbol harmoni alam. Motif dibuat menggunakan teknik deformasi, yaitu penyederhanaan struktur dan proporsi bentuk asli menjadi bentuk baru yang lebih dekoratif. Tata letak menggunakan pola acak terkontrol, dengan kontras bentuk dan warna, kesatuan ornamen, dan kesatuan ornamen. Pewarnaan memakai warna biru, hitam, dan putih dengan kontras kuat. Desain harus struktur ornamen tidak terlalu rapat sehingga dapat diendekkan, tetap mempertahankan tekstur tenun ikat tradisional, dan memadukan unsur lama dan unsur baru secara kreatif."
fauna/FA-034-fauna_75.jpg,D:\DISERTASI_S3\WIWIK\DATASET_L2\EndekGAN\EndekGAN_Dataset\fauna\FA-034-fauna_75.jpg,fauna,1,663d7291b91933b94cb636d25e4cc160,Motif Endek Fauna berbasis bentuk fauna yang distilasi menjadi ornamen dekoratif,bentuk fauna yang distilasi menjadi ornamen dekoratif,stilasi,pola ulang menyeluruh,proporsi seimbang; kontras bentuk dan warna; kesatuan ornamen,warna hijau dan kuning yang harmonis,layak diterapkan pada proses ikat tenun Endek,digunakan dalam konteks budaya Bali,"Motif Endek Fauna berbasis bentuk fauna yang distilasi menjadi ornamen dekoratif. Desain kain Endek Bali bertema fauna yang terinspirasi dari bentuk fauna yang distilasi menjadi ornamen dekoratif. Motif dibuat menggunakan teknik stilasi, yaitu penggayaan bentuk asli menjadi ornamen dekoratif dengan tetap mempertahankan ciri utama objek sumber. Tata letak menggunakan pola ulang menyeluruh, dengan proporsi seimbang, kontras bentuk dan warna, dan kesatuan ornamen. Pewarnaan memakai warna hijau dan kuning yang harmonis. Desain harus layak diterapkan pada proses ikat tenun Endek, tetap mempertahankan tekstur tenun ikat tradisional, dan digunakan dalam konteks budaya Bali."
fauna/FA-035-fauna_76.jpg,D:\DISERTASI_S3\WIWIK\DATASET_L2\EndekGAN\EndekGAN_Dataset\fauna\FA-035-fauna_76.jpg,fauna,1,e6f9236188869c8483252827be6feb30,Motif Endek Fauna berbasis bentuk fauna yang distilasi menjadi ornamen dekoratif,bentuk fauna yang distilasi menjadi ornamen dekoratif,stilasi,pola tunggal,kontras bentuk dan warna; proporsi seimbang; kesatuan ornamen,warna cerah khas kain upacara Bali,mempertahankan karakter tekstur tenun ikat tradisional,"mengutamakan nilai estetika, fungsi, dan identitas lokal Endek Bali","Motif Endek Fauna berbasis bentuk fauna yang distilasi menjadi ornamen dekoratif. Desain kain Endek Bali bertema fauna yang terinspirasi dari bentuk fauna yang distilasi menjadi ornamen dekoratif. Motif dibuat menggunakan teknik stilasi, yaitu penggayaan bentuk asli menjadi ornamen dekoratif dengan tetap mempertahankan ciri utama objek sumber. Tata letak menggunakan pola tunggal, dengan kontras bentuk dan warna, proporsi seimbang, dan kesatuan ornamen. Pewarnaan memakai warna cerah khas kain upacara Bali. Desain harus mempertahankan karakter tekstur tenun ikat tradisional, tetap mempertahankan tekstur tenun ikat tradisional, dan mengutamakan nilai estetika, fungsi, dan identitas lokal Endek Bali."
fauna/FA-036-fauna_83.jpg,D:\DISERTASI_S3\WIWIK\DATASET_L2\EndekGAN\EndekGAN_Dataset\fauna\FA-036-fauna_83.jpg,fauna,1,f00aa720c8b4cdc51c0be39b547056d3,Motif Endek Fauna berbasis burung sebagai simbol harmoni alam,burung sebagai simbol harmoni alam,distorsi,pola acak terkontrol,kontras bentuk dan warna; irama repetitif; kesatuan ornamen,warna hijau dan kuning yang harmonis,motif tetap terbaca pada skala benang,"mengutamakan nilai estetika, fungsi, dan identitas lokal Endek Bali","Motif Endek Fauna berbasis burung sebagai simbol harmoni alam. Desain kain Endek Bali bertema fauna yang terinspirasi dari burung sebagai simbol harmoni alam. Motif dibuat menggunakan teknik distorsi, yaitu perubahan bentuk dengan penekanan atau pelebaran proporsi untuk menghasilkan karakter visual yang lebih ekspresif. Tata letak menggunakan pola acak terkontrol, dengan kontras bentuk dan warna, irama repetitif, dan kesatuan ornamen. Pewarnaan memakai warna hijau dan kuning yang harmonis. Desain harus motif tetap terbaca pada skala benang, tetap mempertahankan tekstur tenun ikat tradisional, dan mengutamakan nilai estetika, fungsi, dan identitas lokal Endek Bali."
fauna/FA-037-fauna_18.jpg,D:\DISERTASI_S3\WIWIK\DATASET_L2\EndekGAN\EndekGAN_Dataset\fauna\FA-037-fauna_18.jpg,fauna,1,c0342ba1fc6017a3e78b3d98c83871a2,Motif Endek Fauna berbasis ikan atau hewan air sebagai inspirasi alam tropis,ikan atau hewan air sebagai inspirasi alam tropis,stilasi,pola ulang menyeluruh,kesatuan ornamen; proporsi seimbang; kesatuan ornamen,warna cerah khas kain upacara Bali,motif tetap terbaca pada skala benang,menjaga kesakralan dan kepantasan motif,"Motif Endek Fauna berbasis ikan atau hewan air sebagai inspirasi alam tropis. Desain kain Endek Bali bertema fauna yang terinspirasi dari ikan atau hewan air sebagai inspirasi alam tropis. Motif dibuat menggunakan teknik stilasi, yaitu penggayaan bentuk asli menjadi ornamen dekoratif dengan tetap mempertahankan ciri utama objek sumber. Tata letak menggunakan pola ulang menyeluruh, dengan kesatuan ornamen, proporsi seimbang, dan kesatuan ornamen. Pewarnaan memakai warna cerah khas kain upacara Bali. Desain harus motif tetap terbaca pada skala benang, tetap mempertahankan tekstur tenun ikat tradisional, dan menjaga kesakralan dan kepantasan motif."
fauna/FA-038-fauna_44.jpg,D:\DISERTASI_S3\WIWIK\DATASET_L2\EndekGAN\EndekGAN_Dataset\fauna\FA-038-fauna_44.jpg,fauna,1,94c91ea0fd4540c090b655ee9e5f669c,Motif Endek Fauna berbasis ikan atau hewan air sebagai inspirasi alam tropis,ikan atau hewan air sebagai inspirasi alam tropis,deformasi,pola ulang menyeluruh,klimaks visual yang jelas; klimaks visual yang jelas; kesatuan ornamen,warna hijau dan kuning yang harmonis,struktur ornamen tidak terlalu rapat sehingga dapat diendekkan,"mengutamakan nilai estetika, fungsi, dan identitas lokal Endek Bali","Motif Endek Fauna berbasis ikan atau hewan air sebagai inspirasi alam tropis. Desain kain Endek Bali bertema fauna yang terinspirasi dari ikan atau hewan air sebagai inspirasi alam tropis. Motif dibuat menggunakan teknik deformasi, yaitu penyederhanaan struktur dan proporsi bentuk asli menjadi bentuk baru yang lebih dekoratif. Tata letak menggunakan pola ulang menyeluruh, dengan klimaks visual yang jelas, klimaks visual yang jelas, dan kesatuan ornamen. Pewarnaan memakai warna hijau dan kuning yang harmonis. Desain harus struktur ornamen tidak terlalu rapat sehingga dapat diendekkan, tetap mempertahankan tekstur tenun ikat tradisional, dan mengutamakan nilai estetika, fungsi, dan identitas lokal Endek Bali."
fauna/FA-039-fauna_71.jpg,D:\DISERTASI_S3\WIWIK\DATASET_L2\EndekGAN\EndekGAN_Dataset\fauna\FA-039-fauna_71.jpg,fauna,1,63ec4bfd1a74ddf1965e5a419ad88787,Motif Endek Fauna berbasis burung sebagai simbol harmoni alam,burung sebagai simbol harmoni alam,stilasi,pola acak terkontrol,proporsi seimbang; proporsi seimbang; kesatuan ornamen,warna merah dan emas yang kontras,layak diterapkan pada proses ikat tenun Endek,menjaga kesakralan dan kepantasan motif,"Motif Endek Fauna berbasis burung sebagai simbol harmoni alam. Desain kain Endek Bali bertema fauna yang terinspirasi dari burung sebagai simbol harmoni alam. Motif dibuat menggunakan teknik stilasi, yaitu penggayaan bentuk asli menjadi ornamen dekoratif dengan tetap mempertahankan ciri utama objek sumber. Tata letak menggunakan pola acak terkontrol, dengan proporsi seimbang, proporsi seimbang, dan kesatuan ornamen. Pewarnaan memakai warna merah dan emas yang kontras. Desain harus layak diterapkan pada proses ikat tenun Endek, tetap mempertahankan tekstur tenun ikat tradisional, dan menjaga kesakralan dan kepantasan motif."
fauna/FA-040-fauna_46.jpg,D:\DISERTASI_S3\WIWIK\DATASET_L2\EndekGAN\EndekGAN_Dataset\fauna\FA-040-fauna_46.jpg,fauna,1,f4b7ac51d49ebcb0b5042c4eb185ac79,Motif Endek Fauna berbasis bentuk fauna yang distilasi menjadi ornamen dekoratif,bentuk fauna yang distilasi menjadi ornamen dekoratif,stilasi,pola ulang menyeluruh,proporsi seimbang; keseimbangan visual; kesatuan ornamen,"warna biru, hitam, dan putih dengan kontras kuat",layak diterapkan pada proses ikat tenun Endek,memadukan unsur lama dan unsur baru secara kreatif,"Motif Endek Fauna berbasis bentuk fauna yang distilasi menjadi ornamen dekoratif. Desain kain Endek Bali bertema fauna yang terinspirasi dari bentuk fauna yang distilasi menjadi ornamen dekoratif. Motif dibuat menggunakan teknik stilasi, yaitu penggayaan bentuk asli menjadi ornamen dekoratif dengan tetap mempertahankan ciri utama objek sumber. Tata letak menggunakan pola ulang menyeluruh, dengan proporsi seimbang, keseimbangan visual, dan kesatuan ornamen. Pewarnaan memakai warna biru, hitam, dan putih dengan kontras kuat. Desain harus layak diterapkan pada proses ikat tenun Endek, tetap mempertahankan tekstur tenun ikat tradisional, dan memadukan unsur lama dan unsur baru secara kreatif."
fauna/FA-041-fauna_98.jpg,D:\DISERTASI_S3\WIWIK\DATASET_L2\EndekGAN\EndekGAN_Dataset\fauna\FA-041-fauna_98.jpg,fauna,1,153db9a42df85fc22ac897d45259d301,Motif Endek Fauna berbasis bentuk fauna yang distilasi menjadi ornamen dekoratif,bentuk fauna yang distilasi menjadi ornamen dekoratif,distorsi,pola ulang himpunan,kontras bentuk dan warna; proporsi seimbang; kesatuan ornamen,"warna biru, hitam, dan putih dengan kontras kuat",layak diterapkan pada proses ikat tenun Endek,memadukan unsur lama dan unsur baru secara kreatif,"Motif Endek Fauna berbasis bentuk fauna yang distilasi menjadi ornamen dekoratif. Desain kain Endek Bali bertema fauna yang terinspirasi dari bentuk fauna yang distilasi menjadi ornamen dekoratif. Motif dibuat menggunakan teknik distorsi, yaitu perubahan bentuk dengan penekanan atau pelebaran proporsi untuk menghasilkan karakter visual yang lebih ekspresif. Tata letak menggunakan pola ulang himpunan, dengan kontras bentuk dan warna, proporsi seimbang, dan kesatuan ornamen. Pewarnaan memakai warna biru, hitam, dan putih dengan kontras kuat. Desain harus layak diterapkan pada proses ikat tenun Endek, tetap mempertahankan tekstur tenun ikat tradisional, dan memadukan unsur lama dan unsur baru secara kreatif."
fauna/FA-042-fauna_78.jpg,D:\DISERTASI_S3\WIWIK\DATASET_L2\EndekGAN\EndekGAN_Dataset\fauna\FA-042-fauna_78.jpg,fauna,1,a0b32aba7ef26ddf8b80c77f9e1bdbdc,Motif Endek Fauna berbasis kupu-kupu sebagai simbol keindahan dan transformasi,kupu-kupu sebagai simbol keindahan dan transformasi,deformasi,pola ulang himpunan,irama repetitif; klimaks visual yang jelas; kesatuan ornamen,warna hijau dan kuning yang harmonis,"mempertimbangkan jarak antar ikatan minimal 0,5 cm agar warna celupan dapat masuk","mengutamakan nilai estetika, fungsi, dan identitas lokal Endek Bali","Motif Endek Fauna berbasis kupu-kupu sebagai simbol keindahan dan transformasi. Desain kain Endek Bali bertema fauna yang terinspirasi dari kupu-kupu sebagai simbol keindahan dan transformasi. Motif dibuat menggunakan teknik deformasi, yaitu penyederhanaan struktur dan proporsi bentuk asli menjadi bentuk baru yang lebih dekoratif. Tata letak menggunakan pola ulang himpunan, dengan irama repetitif, klimaks visual yang jelas, dan kesatuan ornamen. Pewarnaan memakai warna hijau dan kuning yang harmonis. Desain harus mempertimbangkan jarak antar ikatan minimal 0,5 cm agar warna celupan dapat masuk, tetap mempertahankan tekstur tenun ikat tradisional, dan mengutamakan nilai estetika, fungsi, dan identitas lokal Endek Bali."
fauna/FA-043-fauna_88.jpg,D:\DISERTASI_S3\WIWIK\DATASET_L2\EndekGAN\EndekGAN_Dataset\fauna\FA-043-fauna_88.jpg,fauna,1,1e7f79c46c35e7767869b206fdaf2063,Motif Endek Fauna berbasis kupu-kupu sebagai simbol keindahan dan transformasi,kupu-kupu sebagai simbol keindahan dan transformasi,deformasi,pola ulang himpunan,kesatuan ornamen; kontras bentuk dan warna; kesatuan ornamen,"warna coklat, krem, dan emas bernuansa tradisional",mempertahankan karakter tekstur tenun ikat tradisional,memadukan unsur lama dan unsur baru secara kreatif,"Motif Endek Fauna berbasis kupu-kupu sebagai simbol keindahan dan transformasi. Desain kain Endek Bali bertema fauna yang terinspirasi dari kupu-kupu sebagai simbol keindahan dan transformasi. Motif dibuat menggunakan teknik deformasi, yaitu penyederhanaan struktur dan proporsi bentuk asli menjadi bentuk baru yang lebih dekoratif. Tata letak menggunakan pola ulang himpunan, dengan kesatuan ornamen, kontras bentuk dan warna, dan kesatuan ornamen. Pewarnaan memakai warna coklat, krem, dan emas bernuansa tradisional. Desain harus mempertahankan karakter tekstur tenun ikat tradisional, tetap mempertahankan tekstur tenun ikat tradisional, dan memadukan unsur lama dan unsur baru secara kreatif."
fauna/FA-044-fauna_30.jpg,D:\DISERTASI_S3\WIWIK\DATASET_L2\EndekGAN\EndekGAN_Dataset\fauna\FA-044-fauna_30.jpg,fauna,1,acb5168e4f9ff6aa7aa4bd3815068022,Motif Endek Fauna berbasis bentuk fauna yang distilasi menjadi ornamen dekoratif,bentuk fauna yang distilasi menjadi ornamen dekoratif,deformasi,pola tunggal,keseimbangan visual; kontras bentuk dan warna; kesatuan ornamen,"warna biru, hitam, dan putih dengan kontras kuat",mempertahankan karakter tekstur tenun ikat tradisional,digunakan dalam konteks budaya Bali,"Motif Endek Fauna berbasis bentuk fauna yang distilasi menjadi ornamen dekoratif. Desain kain Endek Bali bertema fauna yang terinspirasi dari bentuk fauna yang distilasi menjadi ornamen dekoratif. Motif dibuat menggunakan teknik deformasi, yaitu penyederhanaan struktur dan proporsi bentuk asli menjadi bentuk baru yang lebih dekoratif. Tata letak menggunakan pola tunggal, dengan keseimbangan visual, kontras bentuk dan warna, dan kesatuan ornamen. Pewarnaan memakai warna biru, hitam, dan putih dengan kontras kuat. Desain harus mempertahankan karakter tekstur tenun ikat tradisional, tetap mempertahankan tekstur tenun ikat tradisional, dan digunakan dalam konteks budaya Bali."
fauna/FA-045-fauna_84.jpg,D:\DISERTASI_S3\WIWIK\DATASET_L2\EndekGAN\EndekGAN_Dataset\fauna\FA-045-fauna_84.jpg,fauna,1,c9f8f10e1a7e7fb66fcab07c4124be42,Motif Endek Fauna berbasis ikan atau hewan air sebagai inspirasi alam tropis,ikan atau hewan air sebagai inspirasi alam tropis,deformasi,pola tunggal,irama repetitif; klimaks visual yang jelas; kesatuan ornamen,"warna coklat, krem, dan emas bernuansa tradisional",struktur ornamen tidak terlalu rapat sehingga dapat diendekkan,digunakan dalam konteks budaya Bali,"Motif Endek Fauna berbasis ikan atau hewan air sebagai inspirasi alam tropis. Desain kain Endek Bali bertema fauna yang terinspirasi dari ikan atau hewan air sebagai inspirasi alam tropis. Motif dibuat menggunakan teknik deformasi, yaitu penyederhanaan struktur dan proporsi bentuk asli menjadi bentuk baru yang lebih dekoratif. Tata letak menggunakan pola tunggal, dengan irama repetitif, klimaks visual yang jelas, dan kesatuan ornamen. Pewarnaan memakai warna coklat, krem, dan emas bernuansa tradisional. Desain harus struktur ornamen tidak terlalu rapat sehingga dapat diendekkan, tetap mempertahankan tekstur tenun ikat tradisional, dan digunakan dalam konteks budaya Bali."
fauna/FA-046-fauna_74.jpg,D:\DISERTASI_S3\WIWIK\DATASET_L2\EndekGAN\EndekGAN_Dataset\fauna\FA-046-fauna_74.jpg,fauna,1,ce3d39ee807f8ea8e7ebd278b5577e0c,Motif Endek Fauna berbasis bentuk fauna yang distilasi menjadi ornamen dekoratif,bentuk fauna yang distilasi menjadi ornamen dekoratif,stilasi,pola ulang himpunan,irama repetitif; proporsi seimbang; kesatuan ornamen,"warna coklat, krem, dan emas bernuansa tradisional",struktur ornamen tidak terlalu rapat sehingga dapat diendekkan,"mengutamakan nilai estetika, fungsi, dan identitas lokal Endek Bali","Motif Endek Fauna berbasis bentuk fauna yang distilasi menjadi ornamen dekoratif. Desain kain Endek Bali bertema fauna yang terinspirasi dari bentuk fauna yang distilasi menjadi ornamen dekoratif. Motif dibuat menggunakan teknik stilasi, yaitu penggayaan bentuk asli menjadi ornamen dekoratif dengan tetap mempertahankan ciri utama objek sumber. Tata letak menggunakan pola ulang himpunan, dengan irama repetitif, proporsi seimbang, dan kesatuan ornamen. Pewarnaan memakai warna coklat, krem, dan emas bernuansa tradisional. Desain harus struktur ornamen tidak terlalu rapat sehingga dapat diendekkan, tetap mempertahankan tekstur tenun ikat tradisional, dan mengutamakan nilai estetika, fungsi, dan identitas lokal Endek Bali."
fauna/FA-047-fauna_89.jpg,D:\DISERTASI_S3\WIWIK\DATASET_L2\EndekGAN\EndekGAN_Dataset\fauna\FA-047-fauna_89.jpg,fauna,1,6e7508af8a6f0d1ac90cfdb32cc84f7b,Motif Endek Fauna berbasis burung sebagai simbol harmoni alam,burung sebagai simbol harmoni alam,deformasi,pola acak terkontrol,proporsi seimbang; proporsi seimbang; kesatuan ornamen,"warna biru, hitam, dan putih dengan kontras kuat","mempertimbangkan jarak antar ikatan minimal 0,5 cm agar warna celupan dapat masuk",menjaga kesakralan dan kepantasan motif,"Motif Endek Fauna berbasis burung sebagai simbol harmoni alam. Desain kain Endek Bali bertema fauna yang terinspirasi dari burung sebagai simbol harmoni alam. Motif dibuat menggunakan teknik deformasi, yaitu penyederhanaan struktur dan proporsi bentuk asli menjadi bentuk baru yang lebih dekoratif. Tata letak menggunakan pola acak terkontrol, dengan proporsi seimbang, proporsi seimbang, dan kesatuan ornamen. Pewarnaan memakai warna biru, hitam, dan putih dengan kontras kuat. Desain harus mempertimbangkan jarak antar ikatan minimal 0,5 cm agar warna celupan dapat masuk, tetap mempertahankan tekstur tenun ikat tradisional, dan menjaga kesakralan dan kepantasan motif."
fauna/FA-048-fauna_87.jpg,D:\DISERTASI_S3\WIWIK\DATASET_L2\EndekGAN\EndekGAN_Dataset\fauna\FA-048-fauna_87.jpg,fauna,1,478e791540a1d09acebcd202de834d1d,Motif Endek Fauna berbasis ikan atau hewan air sebagai inspirasi alam tropis,ikan atau hewan air sebagai inspirasi alam tropis,stilasi,pola acak terkontrol,klimaks visual yang jelas; proporsi seimbang; kesatuan ornamen,warna merah dan emas yang kontras,motif tetap terbaca pada skala benang,menjaga kesakralan dan kepantasan motif,"Motif Endek Fauna berbasis ikan atau hewan air sebagai inspirasi alam tropis. Desain kain Endek Bali bertema fauna yang terinspirasi dari ikan atau hewan air sebagai inspirasi alam tropis. Motif dibuat menggunakan teknik stilasi, yaitu penggayaan bentuk asli menjadi ornamen dekoratif dengan tetap mempertahankan ciri utama objek sumber. Tata letak menggunakan pola acak terkontrol, dengan klimaks visual yang jelas, proporsi seimbang, dan kesatuan ornamen. Pewarnaan memakai warna merah dan emas yang kontras. Desain harus motif tetap terbaca pada skala benang, tetap mempertahankan tekstur tenun ikat tradisional, dan menjaga kesakralan dan kepantasan motif."
fauna/FA-049-fauna_56.jpg,D:\DISERTASI_S3\WIWIK\DATASET_L2\EndekGAN\EndekGAN_Dataset\fauna\FA-049-fauna_56.jpg,fauna,1,a97bcfe3c442a222f7b4d525a48734c3,Motif Endek Fauna berbasis kupu-kupu sebagai simbol keindahan dan transformasi,kupu-kupu sebagai simbol keindahan dan transformasi,distorsi,pola tunggal,kontras bentuk dan warna; keseimbangan visual; kesatuan ornamen,"warna coklat, krem, dan emas bernuansa tradisional","mempertimbangkan jarak antar ikatan minimal 0,5 cm agar warna celupan dapat masuk",memadukan unsur lama dan unsur baru secara kreatif,"Motif Endek Fauna berbasis kupu-kupu sebagai simbol keindahan dan transformasi. Desain kain Endek Bali bertema fauna yang terinspirasi dari kupu-kupu sebagai simbol keindahan dan transformasi. Motif dibuat menggunakan teknik distorsi, yaitu perubahan bentuk dengan penekanan atau pelebaran proporsi untuk menghasilkan karakter visual yang lebih ekspresif. Tata letak menggunakan pola tunggal, dengan kontras bentuk dan warna, keseimbangan visual, dan kesatuan ornamen. Pewarnaan memakai warna coklat, krem, dan emas bernuansa tradisional. Desain harus mempertimbangkan jarak antar ikatan minimal 0,5 cm agar warna celupan dapat masuk, tetap mempertahankan tekstur tenun ikat tradisional, dan memadukan unsur lama dan unsur baru secara kreatif."
fauna/FA-050-fauna_94.jpg,D:\DISERTASI_S3\WIWIK\DATASET_L2\EndekGAN\EndekGAN_Dataset\fauna\FA-050-fauna_94.jpg,fauna,1,f5cfe334d51dfabc22fe0b21b7ea4ae0,Motif Endek Fauna berbasis kupu-kupu sebagai simbol keindahan dan transformasi,kupu-kupu sebagai simbol keindahan dan transformasi,deformasi,pola tunggal,klimaks visual yang jelas; irama repetitif; kesatuan ornamen,"warna coklat, krem, dan emas bernuansa tradisional",layak diterapkan pada proses ikat tenun Endek,digunakan dalam konteks budaya Bali,"Motif Endek Fauna berbasis kupu-kupu sebagai simbol keindahan dan transformasi. Desain kain Endek Bali bertema fauna yang terinspirasi dari kupu-kupu sebagai simbol keindahan dan transformasi. Motif dibuat menggunakan teknik deformasi, yaitu penyederhanaan struktur dan proporsi bentuk asli menjadi bentuk baru yang lebih dekoratif. Tata letak menggunakan pola tunggal, dengan klimaks visual yang jelas, irama repetitif, dan kesatuan ornamen. Pewarnaan memakai warna coklat, krem, dan emas bernuansa tradisional. Desain harus layak diterapkan pada proses ikat tenun Endek, tetap mempertahankan tekstur tenun ikat tradisional, dan digunakan dalam konteks budaya Bali."
fauna/FA-052-fauna_57.jpg,D:\DISERTASI_S3\WIWIK\DATASET_L2\EndekGAN\EndekGAN_Dataset\fauna\FA-052-fauna_57.jpg,fauna,1,ffdcb5e160571b1631c8da0ba5567de4,Motif Endek Fauna berbasis burung sebagai simbol harmoni alam,burung sebagai simbol harmoni alam,deformasi,pola tunggal,klimaks visual yang jelas; keseimbangan visual; kesatuan ornamen,warna hijau dan kuning yang harmonis,motif tetap terbaca pada skala benang,digunakan dalam konteks budaya Bali,"Motif Endek Fauna berbasis burung sebagai simbol harmoni alam. Desain kain Endek Bali bertema fauna yang terinspirasi dari burung sebagai simbol harmoni alam. Motif dibuat menggunakan teknik deformasi, yaitu penyederhanaan struktur dan proporsi bentuk asli menjadi bentuk baru yang lebih dekoratif. Tata letak menggunakan pola tunggal, dengan klimaks visual yang jelas, keseimbangan visual, dan kesatuan ornamen. Pewarnaan memakai warna hijau dan kuning yang harmonis. Desain harus motif tetap terbaca pada skala benang, tetap mempertahankan tekstur tenun ikat tradisional, dan digunakan dalam konteks budaya Bali."
fauna/FA-053-fauna_53.jpg,D:\DISERTASI_S3\WIWIK\DATASET_L2\EndekGAN\EndekGAN_Dataset\fauna\FA-053-fauna_53.jpg,fauna,1,29c11c85929a29a45fec3e2892534475,Motif Endek Fauna berbasis ikan atau hewan air sebagai inspirasi alam tropis,ikan atau hewan air sebagai inspirasi alam tropis,stilasi,pola acak terkontrol,irama repetitif; kesatuan ornamen; kesatuan ornamen,warna cerah khas kain upacara Bali,mempertahankan karakter tekstur tenun ikat tradisional,menjaga kesakralan dan kepantasan motif,"Motif Endek Fauna berbasis ikan atau hewan air sebagai inspirasi alam tropis. Desain kain Endek Bali bertema fauna yang terinspirasi dari ikan atau hewan air sebagai inspirasi alam tropis. Motif dibuat menggunakan teknik stilasi, yaitu penggayaan bentuk asli menjadi ornamen dekoratif dengan tetap mempertahankan ciri utama objek sumber. Tata letak menggunakan pola acak terkontrol, dengan irama repetitif, kesatuan ornamen, dan kesatuan ornamen. Pewarnaan memakai warna cerah khas kain upacara Bali. Desain harus mempertahankan karakter tekstur tenun ikat tradisional, tetap mempertahankan tekstur tenun ikat tradisional, dan menjaga kesakralan dan kepantasan motif."
fauna/FA-054-fauna_17.jpg,D:\DISERTASI_S3\WIWIK\DATASET_L2\EndekGAN\EndekGAN_Dataset\fauna\FA-054-fauna_17.jpg,fauna,1,d3caa5ade283a74b4229ef58ae481f8c,Motif Endek Fauna berbasis bentuk fauna yang distilasi menjadi ornamen dekoratif,bentuk fauna yang distilasi menjadi ornamen dekoratif,distorsi,pola acak terkontrol,kontras bentuk dan warna; keseimbangan visual; kesatuan ornamen,"warna coklat, krem, dan emas bernuansa tradisional",mempertahankan karakter tekstur tenun ikat tradisional,digunakan dalam konteks budaya Bali,"Motif Endek Fauna berbasis bentuk fauna yang distilasi menjadi ornamen dekoratif. Desain kain Endek Bali bertema fauna yang terinspirasi dari bentuk fauna yang distilasi menjadi ornamen dekoratif. Motif dibuat menggunakan teknik distorsi, yaitu perubahan bentuk dengan penekanan atau pelebaran proporsi untuk menghasilkan karakter visual yang lebih ekspresif. Tata letak menggunakan pola acak terkontrol, dengan kontras bentuk dan warna, keseimbangan visual, dan kesatuan ornamen. Pewarnaan memakai warna coklat, krem, dan emas bernuansa tradisional. Desain harus mempertahankan karakter tekstur tenun ikat tradisional, tetap mempertahankan tekstur tenun ikat tradisional, dan digunakan dalam konteks budaya Bali."
fauna/FA-055-fauna_66.jpg,D:\DISERTASI_S3\WIWIK\DATASET_L2\EndekGAN\EndekGAN_Dataset\fauna\FA-055-fauna_66.jpg,fauna,1,bff307b41f60dbd2f6ccf04b0e7a7664,Motif Endek Fauna berbasis burung sebagai simbol harmoni alam,burung sebagai simbol harmoni alam,distorsi,pola ulang menyeluruh,proporsi seimbang; irama repetitif; kesatuan ornamen,warna cerah khas kain upacara Bali,struktur ornamen tidak terlalu rapat sehingga dapat diendekkan,digunakan dalam konteks budaya Bali,"Motif Endek Fauna berbasis burung sebagai simbol harmoni alam. Desain kain Endek Bali bertema fauna yang terinspirasi dari burung sebagai simbol harmoni alam. Motif dibuat menggunakan teknik distorsi, yaitu perubahan bentuk dengan penekanan atau pelebaran proporsi untuk menghasilkan karakter visual yang lebih ekspresif. Tata letak menggunakan pola ulang menyeluruh, dengan proporsi seimbang, irama repetitif, dan kesatuan ornamen. Pewarnaan memakai warna cerah khas kain upacara Bali. Desain harus struktur ornamen tidak terlalu rapat sehingga dapat diendekkan, tetap mempertahankan tekstur tenun ikat tradisional, dan digunakan dalam konteks budaya Bali."
fauna/FA-056-fauna_65.jpg,D:\DISERTASI_S3\WIWIK\DATASET_L2\EndekGAN\EndekGAN_Dataset\fauna\FA-056-fauna_65.jpg,fauna,1,f4889b743bdc4eb8bc24d65cbd9b47b0,Motif Endek Fauna berbasis ikan atau hewan air sebagai inspirasi alam tropis,ikan atau hewan air sebagai inspirasi alam tropis,stilasi,pola ulang himpunan,kontras bentuk dan warna; klimaks visual yang jelas; kesatuan ornamen,warna merah dan emas yang kontras,mempertahankan karakter tekstur tenun ikat tradisional,digunakan dalam konteks budaya Bali,"Motif Endek Fauna berbasis ikan atau hewan air sebagai inspirasi alam tropis. Desain kain Endek Bali bertema fauna yang terinspirasi dari ikan atau hewan air sebagai inspirasi alam tropis. Motif dibuat menggunakan teknik stilasi, yaitu penggayaan bentuk asli menjadi ornamen dekoratif dengan tetap mempertahankan ciri utama objek sumber. Tata letak menggunakan pola ulang himpunan, dengan kontras bentuk dan warna, klimaks visual yang jelas, dan kesatuan ornamen. Pewarnaan memakai warna merah dan emas yang kontras. Desain harus mempertahankan karakter tekstur tenun ikat tradisional, tetap mempertahankan tekstur tenun ikat tradisional, dan digunakan dalam konteks budaya Bali."
fauna/FA-057-fauna_52.jpg,D:\DISERTASI_S3\WIWIK\DATASET_L2\EndekGAN\EndekGAN_Dataset\fauna\FA-057-fauna_52.jpg,fauna,1,9f81a1022e59d2ac041066b87933cf7b,Motif Endek Fauna berbasis burung sebagai simbol harmoni alam,burung sebagai simbol harmoni alam,distorsi,pola ulang himpunan,klimaks visual yang jelas; kesatuan ornamen; kesatuan ornamen,warna hijau dan kuning yang harmonis,layak diterapkan pada proses ikat tenun Endek,memadukan unsur lama dan unsur baru secara kreatif,"Motif Endek Fauna berbasis burung sebagai simbol harmoni alam. Desain kain Endek Bali bertema fauna yang terinspirasi dari burung sebagai simbol harmoni alam. Motif dibuat menggunakan teknik distorsi, yaitu perubahan bentuk dengan penekanan atau pelebaran proporsi untuk menghasilkan karakter visual yang lebih ekspresif. Tata letak menggunakan pola ulang himpunan, dengan klimaks visual yang jelas, kesatuan ornamen, dan kesatuan ornamen. Pewarnaan memakai warna hijau dan kuning yang harmonis. Desain harus layak diterapkan pada proses ikat tenun Endek, tetap mempertahankan tekstur tenun ikat tradisional, dan memadukan unsur lama dan unsur baru secara kreatif."
fauna/FA-058-fauna_8.jpg,D:\DISERTASI_S3\WIWIK\DATASET_L2\EndekGAN\EndekGAN_Dataset\fauna\FA-058-fauna_8.jpg,fauna,1,6539a43fd1bbd20a05ba4e12e32450a1,Motif Endek Fauna berbasis kupu-kupu sebagai simbol keindahan dan transformasi,kupu-kupu sebagai simbol keindahan dan transformasi,deformasi,pola ulang himpunan,kontras bentuk dan warna; irama repetitif; kesatuan ornamen,warna cerah khas kain upacara Bali,motif tetap terbaca pada skala benang,digunakan dalam konteks budaya Bali,"Motif Endek Fauna berbasis kupu-kupu sebagai simbol keindahan dan transformasi. Desain kain Endek Bali bertema fauna yang terinspirasi dari kupu-kupu sebagai simbol keindahan dan transformasi. Motif dibuat menggunakan teknik deformasi, yaitu penyederhanaan struktur dan proporsi bentuk asli menjadi bentuk baru yang lebih dekoratif. Tata letak menggunakan pola ulang himpunan, dengan kontras bentuk dan warna, irama repetitif, dan kesatuan ornamen. Pewarnaan memakai warna cerah khas kain upacara Bali. Desain harus motif tetap terbaca pada skala benang, tetap mempertahankan tekstur tenun ikat tradisional, dan digunakan dalam konteks budaya Bali."
fauna/FA-059-fauna_58.jpg,D:\DISERTASI_S3\WIWIK\DATASET_L2\EndekGAN\EndekGAN_Dataset\fauna\FA-059-fauna_58.jpg,fauna,1,fa1413f3627f9095ae3db75960012b87,Motif Endek Fauna berbasis bentuk fauna yang distilasi menjadi ornamen dekoratif,bentuk fauna yang distilasi menjadi ornamen dekoratif,distorsi,pola ulang menyeluruh,kesatuan ornamen; proporsi seimbang; kesatuan ornamen,warna hijau dan kuning yang harmonis,mempertahankan karakter tekstur tenun ikat tradisional,menjaga kesakralan dan kepantasan motif,"Motif Endek Fauna berbasis bentuk fauna yang distilasi menjadi ornamen dekoratif. Desain kain Endek Bali bertema fauna yang terinspirasi dari bentuk fauna yang distilasi menjadi ornamen dekoratif. Motif dibuat menggunakan teknik distorsi, yaitu perubahan bentuk dengan penekanan atau pelebaran proporsi untuk menghasilkan karakter visual yang lebih ekspresif. Tata letak menggunakan pola ulang menyeluruh, dengan kesatuan ornamen, proporsi seimbang, dan kesatuan ornamen. Pewarnaan memakai warna hijau dan kuning yang harmonis. Desain harus mempertahankan karakter tekstur tenun ikat tradisional, tetap mempertahankan tekstur tenun ikat tradisional, dan menjaga kesakralan dan kepantasan motif."
dekoratif/D-001-dekoratif_33.jpg,D:\DISERTASI_S3\WIWIK\DATASET_L2\EndekGAN\EndekGAN_Dataset\dekoratif\D-001-dekoratif_33.jpg,dekoratif,2,4e0e382bf290ec5707f20983a526c303,Motif Endek Dekoratif berbasis kombinasi unsur lama dan unsur baru dalam ragam hias Endek,kombinasi unsur lama dan unsur baru dalam ragam hias Endek,stilasi,pola ulang menyeluruh,klimaks visual yang jelas; irama repetitif; kesatuan ornamen,"warna coklat, krem, dan emas bernuansa tradisional",layak diterapkan pada proses ikat tenun Endek,"mengutamakan nilai estetika, fungsi, dan identitas lokal Endek Bali","Motif Endek Dekoratif berbasis kombinasi unsur lama dan unsur baru dalam ragam hias Endek. Desain kain Endek Bali bertema dekoratif yang terinspirasi dari kombinasi unsur lama dan unsur baru dalam ragam hias Endek. Motif dibuat menggunakan teknik stilasi, yaitu penggayaan bentuk asli menjadi ornamen dekoratif dengan tetap mempertahankan ciri utama objek sumber. Tata letak menggunakan pola ulang menyeluruh, dengan klimaks visual yang jelas, irama repetitif, dan kesatuan ornamen. Pewarnaan memakai warna coklat, krem, dan emas bernuansa tradisional. Desain harus layak diterapkan pada proses ikat tenun Endek, tetap mempertahankan tekstur tenun ikat tradisional, dan mengutamakan nilai estetika, fungsi, dan identitas lokal Endek Bali."
dekoratif/D-002-dekoratif_17.jpg,D:\DISERTASI_S3\WIWIK\DATASET_L2\EndekGAN\EndekGAN_Dataset\dekoratif\D-002-dekoratif_17.jpg,dekoratif,2,4b15dcf8cce66654321f06fc6229c3d2,Motif Endek Dekoratif berbasis ornamen tradisional Bali dengan unsur hias klasik,ornamen tradisional Bali dengan unsur hias klasik,stilasi,pola ulang menyeluruh,proporsi seimbang; proporsi seimbang; kesatuan ornamen,"warna biru, hitam, dan putih dengan kontras kuat",motif tetap terbaca pada skala benang,"mengutamakan nilai estetika, fungsi, dan identitas lokal Endek Bali","Motif Endek Dekoratif berbasis ornamen tradisional Bali dengan unsur hias klasik. Desain kain Endek Bali bertema dekoratif yang terinspirasi dari ornamen tradisional Bali dengan unsur hias klasik. Motif dibuat menggunakan teknik stilasi, yaitu penggayaan bentuk asli menjadi ornamen dekoratif dengan tetap mempertahankan ciri utama objek sumber. Tata letak menggunakan pola ulang menyeluruh, dengan proporsi seimbang, proporsi seimbang, dan kesatuan ornamen. Pewarnaan memakai warna biru, hitam, dan putih dengan kontras kuat. Desain harus motif tetap terbaca pada skala benang, tetap mempertahankan tekstur tenun ikat tradisional, dan mengutamakan nilai estetika, fungsi, dan identitas lokal Endek Bali."
dekoratif/D-003-dekoratif_258.jpg,D:\DISERTASI_S3\WIWIK\DATASET_L2\EndekGAN\EndekGAN_Dataset\dekoratif\D-003-dekoratif_258.jpg,dekoratif,2,9c6a881b45340408fb4f33872e35a671,Motif Endek Dekoratif berbasis kombinasi unsur lama dan unsur baru dalam ragam hias Endek,kombinasi unsur lama dan unsur baru dalam ragam hias Endek,deformasi,pola ulang himpunan,proporsi seimbang; kesatuan ornamen; kesatuan ornamen,"warna biru, hitam, dan putih dengan kontras kuat",struktur ornamen tidak terlalu rapat sehingga dapat diendekkan,menjaga kesakralan dan kepantasan motif,"Motif Endek Dekoratif berbasis kombinasi unsur lama dan unsur baru dalam ragam hias Endek. Desain kain Endek Bali bertema dekoratif yang terinspirasi dari kombinasi unsur lama dan unsur baru dalam ragam hias Endek. Motif dibuat menggunakan teknik deformasi, yaitu penyederhanaan struktur dan proporsi bentuk asli menjadi bentuk baru yang lebih dekoratif. Tata letak menggunakan pola ulang himpunan, dengan proporsi seimbang, kesatuan ornamen, dan kesatuan ornamen. Pewarnaan memakai warna biru, hitam, dan putih dengan kontras kuat. Desain harus struktur ornamen tidak terlalu rapat sehingga dapat diendekkan, tetap mempertahankan tekstur tenun ikat tradisional, dan menjaga kesakralan dan kepantasan motif."
dekoratif/D-004-dekoratif_256.jpg,D:\DISERTASI_S3\WIWIK\DATASET_L2\EndekGAN\EndekGAN_Dataset\dekoratif\D-004-dekoratif_256.jpg,dekoratif,2,a2c6b7008dc948be115f03740b7938b3,"Motif Endek Dekoratif berbasis paduan garis, titik, sulur, dan ornamen pinggir","paduan garis, titik, sulur, dan ornamen pinggir",distorsi,pola acak terkontrol,kontras bentuk dan warna; kontras bentuk dan warna; kesatuan ornamen,"warna coklat, krem, dan emas bernuansa tradisional",struktur ornamen tidak terlalu rapat sehingga dapat diendekkan,digunakan dalam konteks budaya Bali,"Motif Endek Dekoratif berbasis paduan garis, titik, sulur, dan ornamen pinggir. Desain kain Endek Bali bertema dekoratif yang terinspirasi dari paduan garis, titik, sulur, dan ornamen pinggir. Motif dibuat menggunakan teknik distorsi, yaitu perubahan bentuk dengan penekanan atau pelebaran proporsi untuk menghasilkan karakter visual yang lebih ekspresif. Tata letak menggunakan pola acak terkontrol, dengan kontras bentuk dan warna, kontras bentuk dan warna, dan kesatuan ornamen. Pewarnaan memakai warna coklat, krem, dan emas bernuansa tradisional. Desain harus struktur ornamen tidak terlalu rapat sehingga dapat diendekkan, tetap mempertahankan tekstur tenun ikat tradisional, dan digunakan dalam konteks budaya Bali."
dekoratif/D-005-dekoratif_251.jpg,D:\DISERTASI_S3\WIWIK\DATASET_L2\EndekGAN\EndekGAN_Dataset\dekoratif\D-005-dekoratif_251.jpg,dekoratif,2,059d4195666c686ee66af98c7e94a60d,Motif Endek Dekoratif berbasis hiasan dekoratif dengan komposisi simetris,hiasan dekoratif dengan komposisi simetris,deformasi,pola ulang menyeluruh,klimaks visual yang jelas; kesatuan ornamen; kesatuan ornamen,warna hijau dan kuning yang harmonis,mempertahankan karakter tekstur tenun ikat tradisional,"mengutamakan nilai estetika, fungsi, dan identitas lokal Endek Bali","Motif Endek Dekoratif berbasis hiasan dekoratif dengan komposisi simetris. Desain kain Endek Bali bertema dekoratif yang terinspirasi dari hiasan dekoratif dengan komposisi simetris. Motif dibuat menggunakan teknik deformasi, yaitu penyederhanaan struktur dan proporsi bentuk asli menjadi bentuk baru yang lebih dekoratif. Tata letak menggunakan pola ulang menyeluruh, dengan klimaks visual yang jelas, kesatuan ornamen, dan kesatuan ornamen. Pewarnaan memakai warna hijau dan kuning yang harmonis. Desain harus mempertahankan karakter tekstur tenun ikat tradisional, tetap mempertahankan tekstur tenun ikat tradisional, dan mengutamakan nilai estetika, fungsi, dan identitas lokal Endek Bali."
dekoratif/D-006-dekoratif_259.jpg,D:\DISERTASI_S3\WIWIK\DATASET_L2\EndekGAN\EndekGAN_Dataset\dekoratif\D-006-dekoratif_259.jpg,dekoratif,2,9122e54657c3228ca02ba2f44182d068,Motif Endek Dekoratif berbasis kombinasi unsur lama dan unsur baru dalam ragam hias Endek,kombinasi unsur lama dan unsur baru dalam ragam hias Endek,distorsi,pola acak terkontrol,keseimbangan visual; klimaks visual yang jelas; kesatuan ornamen,warna cerah khas kain upacara Bali,motif tetap terbaca pada skala benang,digunakan dalam konteks budaya Bali,"Motif Endek Dekoratif berbasis kombinasi unsur lama dan unsur baru dalam ragam hias Endek. Desain kain Endek Bali bertema dekoratif yang terinspirasi dari kombinasi unsur lama dan unsur baru dalam ragam hias Endek. Motif dibuat menggunakan teknik distorsi, yaitu perubahan bentuk dengan penekanan atau pelebaran proporsi untuk menghasilkan karakter visual yang lebih ekspresif. Tata letak menggunakan pola acak terkontrol, dengan keseimbangan visual, klimaks visual yang jelas, dan kesatuan ornamen. Pewarnaan memakai warna cerah khas kain upacara Bali. Desain harus motif tetap terbaca pada skala benang, tetap mempertahankan tekstur tenun ikat tradisional, dan digunakan dalam konteks budaya Bali."
dekoratif/D-007-dekoratif_270.jpg,D:\DISERTASI_S3\WIWIK\DATASET_L2\EndekGAN\EndekGAN_Dataset\dekoratif\D-007-dekoratif_270.jpg,dekoratif,2,8416541c75a77738366ddd4894cc0656,Motif Endek Dekoratif berbasis ornamen tradisional Bali dengan unsur hias klasik,ornamen tradisional Bali dengan unsur hias klasik,deformasi,pola ulang menyeluruh,kesatuan ornamen; kontras bentuk dan warna; kesatuan ornamen,warna cerah khas kain upacara Bali,mempertahankan karakter tekstur tenun ikat tradisional,memadukan unsur lama dan unsur baru secara kreatif,"Motif Endek Dekoratif berbasis ornamen tradisional Bali dengan unsur hias klasik. Desain kain Endek Bali bertema dekoratif yang terinspirasi dari ornamen tradisional Bali dengan unsur hias klasik. Motif dibuat menggunakan teknik deformasi, yaitu penyederhanaan struktur dan proporsi bentuk asli menjadi bentuk baru yang lebih dekoratif. Tata letak menggunakan pola ulang menyeluruh, dengan kesatuan ornamen, kontras bentuk dan warna, dan kesatuan ornamen. Pewarnaan memakai warna cerah khas kain upacara Bali. Desain harus mempertahankan karakter tekstur tenun ikat tradisional, tetap mempertahankan tekstur tenun ikat tradisional, dan memadukan unsur lama dan unsur baru secara kreatif."
dekoratif/D-008-dekoratif_255.jpg,D:\DISERTASI_S3\WIWIK\DATASET_L2\EndekGAN\EndekGAN_Dataset\dekoratif\D-008-dekoratif_255.jpg,dekoratif,2,9a07441573b87be73f8e37226f762dca,Motif Endek Dekoratif berbasis ornamen tradisional Bali dengan unsur hias klasik,ornamen tradisional Bali dengan unsur hias klasik,deformasi,pola tunggal,proporsi seimbang; proporsi seimbang; kesatuan ornamen,warna merah dan emas yang kontras,layak diterapkan pada proses ikat tenun Endek,digunakan dalam konteks budaya Bali,"Motif Endek Dekoratif berbasis ornamen tradisional Bali dengan unsur hias klasik. Desain kain Endek Bali bertema dekoratif yang terinspirasi dari ornamen tradisional Bali dengan unsur hias klasik. Motif dibuat menggunakan teknik deformasi, yaitu penyederhanaan struktur dan proporsi bentuk asli menjadi bentuk baru yang lebih dekoratif. Tata letak menggunakan pola tunggal, dengan proporsi seimbang, proporsi seimbang, dan kesatuan ornamen. Pewarnaan memakai warna merah dan emas yang kontras. Desain harus layak diterapkan pada proses ikat tenun Endek, tetap mempertahankan tekstur tenun ikat tradisional, dan digunakan dalam konteks budaya Bali."
dekoratif/D-009-dekoratif_272.jpg,D:\DISERTASI_S3\WIWIK\DATASET_L2\EndekGAN\EndekGAN_Dataset\dekoratif\D-009-dekoratif_272.jpg,dekoratif,2,f80179a3887bf4620fb0538855fd27b5,Motif Endek Dekoratif berbasis ornamen tradisional Bali dengan unsur hias klasik,ornamen tradisional Bali dengan unsur hias klasik,deformasi,pola ulang menyeluruh,irama repetitif; klimaks visual yang jelas; kesatuan ornamen,warna cerah khas kain upacara Bali,struktur ornamen tidak terlalu rapat sehingga dapat diendekkan,"mengutamakan nilai estetika, fungsi, dan identitas lokal Endek Bali","Motif Endek Dekoratif berbasis ornamen tradisional Bali dengan unsur hias klasik. Desain kain Endek Bali bertema dekoratif yang terinspirasi dari ornamen tradisional Bali dengan unsur hias klasik. Motif dibuat menggunakan teknik deformasi, yaitu penyederhanaan struktur dan proporsi bentuk asli menjadi bentuk baru yang lebih dekoratif. Tata letak menggunakan pola ulang menyeluruh, dengan irama repetitif, klimaks visual yang jelas, dan kesatuan ornamen. Pewarnaan memakai warna cerah khas kain upacara Bali. Desain harus struktur ornamen tidak terlalu rapat sehingga dapat diendekkan, tetap mempertahankan tekstur tenun ikat tradisional, dan mengutamakan nilai estetika, fungsi, dan identitas lokal Endek Bali."
dekoratif/D-010-dekoratif_267.jpg,D:\DISERTASI_S3\WIWIK\DATASET_L2\EndekGAN\EndekGAN_Dataset\dekoratif\D-010-dekoratif_267.jpg,dekoratif,2,5c2d7119e5d83e9c85b61cf610f2f2c2,"Motif Endek Dekoratif berbasis paduan garis, titik, sulur, dan ornamen pinggir","paduan garis, titik, sulur, dan ornamen pinggir",stilasi,pola ulang menyeluruh,klimaks visual yang jelas; kontras bentuk dan warna; kesatuan ornamen,"warna coklat, krem, dan emas bernuansa tradisional",motif tetap terbaca pada skala benang,menjaga kesakralan dan kepantasan motif,"Motif Endek Dekoratif berbasis paduan garis, titik, sulur, dan ornamen pinggir. Desain kain Endek Bali bertema dekoratif yang terinspirasi dari paduan garis, titik, sulur, dan ornamen pinggir. Motif dibuat menggunakan teknik stilasi, yaitu penggayaan bentuk asli menjadi ornamen dekoratif dengan tetap mempertahankan ciri utama objek sumber. Tata letak menggunakan pola ulang menyeluruh, dengan klimaks visual yang jelas, kontras bentuk dan warna, dan kesatuan ornamen. Pewarnaan memakai warna coklat, krem, dan emas bernuansa tradisional. Desain harus motif tetap terbaca pada skala benang, tetap mempertahankan tekstur tenun ikat tradisional, dan menjaga kesakralan dan kepantasan motif."
dekoratif/D-011-dekoratif_247.jpg,D:\DISERTASI_S3\WIWIK\DATASET_L2\EndekGAN\EndekGAN_Dataset\dekoratif\D-011-dekoratif_247.jpg,dekoratif,2,5b8bf095ad5f969bcaed546c5eb0b980,Motif Endek Dekoratif berbasis ornamen tradisional Bali dengan unsur hias klasik,ornamen tradisional Bali dengan unsur hias klasik,stilasi,pola tunggal,kesatuan ornamen; kesatuan ornamen; kesatuan ornamen,warna hijau dan kuning yang harmonis,motif tetap terbaca pada skala benang,digunakan dalam konteks budaya Bali,"Motif Endek Dekoratif berbasis ornamen tradisional Bali dengan unsur hias klasik. Desain kain Endek Bali bertema dekoratif yang terinspirasi dari ornamen tradisional Bali dengan unsur hias klasik. Motif dibuat menggunakan teknik stilasi, yaitu penggayaan bentuk asli menjadi ornamen dekoratif dengan tetap mempertahankan ciri utama objek sumber. Tata letak menggunakan pola tunggal, dengan kesatuan ornamen, kesatuan ornamen, dan kesatuan ornamen. Pewarnaan memakai warna hijau dan kuning yang harmonis. Desain harus motif tetap terbaca pada skala benang, tetap mempertahankan tekstur tenun ikat tradisional, dan digunakan dalam konteks budaya Bali."
dekoratif/D-012-dekoratif_246.jpg,D:\DISERTASI_S3\WIWIK\DATASET_L2\EndekGAN\EndekGAN_Dataset\dekoratif\D-012-dekoratif_246.jpg,dekoratif,2,e2892ad679cb16d40faf0c48eb24acd3,Motif Endek Dekoratif berbasis hiasan dekoratif dengan komposisi simetris,hiasan dekoratif dengan komposisi simetris,stilasi,pola ulang himpunan,irama repetitif; keseimbangan visual; kesatuan ornamen,"warna biru, hitam, dan putih dengan kontras kuat",struktur ornamen tidak terlalu rapat sehingga dapat diendekkan,"mengutamakan nilai estetika, fungsi, dan identitas lokal Endek Bali","Motif Endek Dekoratif berbasis hiasan dekoratif dengan komposisi simetris. Desain kain Endek Bali bertema dekoratif yang terinspirasi dari hiasan dekoratif dengan komposisi simetris. Motif dibuat menggunakan teknik stilasi, yaitu penggayaan bentuk asli menjadi ornamen dekoratif dengan tetap mempertahankan ciri utama objek sumber. Tata letak menggunakan pola ulang himpunan, dengan irama repetitif, keseimbangan visual, dan kesatuan ornamen. Pewarnaan memakai warna biru, hitam, dan putih dengan kontras kuat. Desain harus struktur ornamen tidak terlalu rapat sehingga dapat diendekkan, tetap mempertahankan tekstur tenun ikat tradisional, dan mengutamakan nilai estetika, fungsi, dan identitas lokal Endek Bali."
dekoratif/D-013-dekoratif_271.jpg,D:\DISERTASI_S3\WIWIK\DATASET_L2\EndekGAN\EndekGAN_Dataset\dekoratif\D-013-dekoratif_271.jpg,dekoratif,2,ec86327533b6801e3d889ae5ccb54125,"Motif Endek Dekoratif berbasis paduan garis, titik, sulur, dan ornamen pinggir","paduan garis, titik, sulur, dan ornamen pinggir",deformasi,pola ulang himpunan,irama repetitif; kesatuan ornamen; kesatuan ornamen,warna hijau dan kuning yang harmonis,"mempertimbangkan jarak antar ikatan minimal 0,5 cm agar warna celupan dapat masuk","mengutamakan nilai estetika, fungsi, dan identitas lokal Endek Bali","Motif Endek Dekoratif berbasis paduan garis, titik, sulur, dan ornamen pinggir. Desain kain Endek Bali bertema dekoratif yang terinspirasi dari paduan garis, titik, sulur, dan ornamen pinggir. Motif dibuat menggunakan teknik deformasi, yaitu penyederhanaan struktur dan proporsi bentuk asli menjadi bentuk baru yang lebih dekoratif. Tata letak menggunakan pola ulang himpunan, dengan irama repetitif, kesatuan ornamen, dan kesatuan ornamen. Pewarnaan memakai warna hijau dan kuning yang harmonis. Desain harus mempertimbangkan jarak antar ikatan minimal 0,5 cm agar warna celupan dapat masuk, tetap mempertahankan tekstur tenun ikat tradisional, dan mengutamakan nilai estetika, fungsi, dan identitas lokal Endek Bali."
dekoratif/D-014-dekoratif_260.jpg,D:\DISERTASI_S3\WIWIK\DATASET_L2\EndekGAN\EndekGAN_Dataset\dekoratif\D-014-dekoratif_260.jpg,dekoratif,2,bb7f10c950ed44608087752cfca82e6d,Motif Endek Dekoratif berbasis ornamen tradisional Bali dengan unsur hias klasik,ornamen tradisional Bali dengan unsur hias klasik,deformasi,pola tunggal,irama repetitif; kontras bentuk dan warna; kesatuan ornamen,warna hijau dan kuning yang harmonis,mempertahankan karakter tekstur tenun ikat tradisional,digunakan dalam konteks budaya Bali,"Motif Endek Dekoratif berbasis ornamen tradisional Bali dengan unsur hias klasik. Desain kain Endek Bali bertema dekoratif yang terinspirasi dari ornamen tradisional Bali dengan unsur hias klasik. Motif dibuat menggunakan teknik deformasi, yaitu penyederhanaan struktur dan proporsi bentuk asli menjadi bentuk baru yang lebih dekoratif. Tata letak menggunakan pola tunggal, dengan irama repetitif, kontras bentuk dan warna, dan kesatuan ornamen. Pewarnaan memakai warna hijau dan kuning yang harmonis. Desain harus mempertahankan karakter tekstur tenun ikat tradisional, tetap mempertahankan tekstur tenun ikat tradisional, dan digunakan dalam konteks budaya Bali."
dekoratif/D-015-dekoratif_253.jpg,D:\DISERTASI_S3\WIWIK\DATASET_L2\EndekGAN\EndekGAN_Dataset\dekoratif\D-015-dekoratif_253.jpg,dekoratif,2,88933d5b70d4e4796600134ae8d17b5c,Motif Endek Dekoratif berbasis kombinasi unsur lama dan unsur baru dalam ragam hias Endek,kombinasi unsur lama dan unsur baru dalam ragam hias Endek,deformasi,pola ulang himpunan,keseimbangan visual; proporsi seimbang; kesatuan ornamen,"warna biru, hitam, dan putih dengan kontras kuat",layak diterapkan pada proses ikat tenun Endek,memadukan unsur lama dan unsur baru secara kreatif,"Motif Endek Dekoratif berbasis kombinasi unsur lama dan unsur baru dalam ragam hias Endek. Desain kain Endek Bali bertema dekoratif yang terinspirasi dari kombinasi unsur lama dan unsur baru dalam ragam hias Endek. Motif dibuat menggunakan teknik deformasi, yaitu penyederhanaan struktur dan proporsi bentuk asli menjadi bentuk baru yang lebih dekoratif. Tata letak menggunakan pola ulang himpunan, dengan keseimbangan visual, proporsi seimbang, dan kesatuan ornamen. Pewarnaan memakai warna biru, hitam, dan putih dengan kontras kuat. Desain harus layak diterapkan pada proses ikat tenun Endek, tetap mempertahankan tekstur tenun ikat tradisional, dan memadukan unsur lama dan unsur baru secara kreatif."
dekoratif/D-016-dekoratif_250.jpg,D:\DISERTASI_S3\WIWIK\DATASET_L2\EndekGAN\EndekGAN_Dataset\dekoratif\D-016-dekoratif_250.jpg,dekoratif,2,df574ebd63b57833bc35baa3958956e0,"Motif Endek Dekoratif berbasis paduan garis, titik, sulur, dan ornamen pinggir","paduan garis, titik, sulur, dan ornamen pinggir",deformasi,pola ulang menyeluruh,klimaks visual yang jelas; klimaks visual yang jelas; kesatuan ornamen,warna hijau dan kuning yang harmonis,"mempertimbangkan jarak antar ikatan minimal 0,5 cm agar warna celupan dapat masuk",memadukan unsur lama dan unsur baru secara kreatif,"Motif Endek Dekoratif berbasis paduan garis, titik, sulur, dan ornamen pinggir. Desain kain Endek Bali bertema dekoratif yang terinspirasi dari paduan garis, titik, sulur, dan ornamen pinggir. Motif dibuat menggunakan teknik deformasi, yaitu penyederhanaan struktur dan proporsi bentuk asli menjadi bentuk baru yang lebih dekoratif. Tata letak menggunakan pola ulang menyeluruh, dengan klimaks visual yang jelas, klimaks visual yang jelas, dan kesatuan ornamen. Pewarnaan memakai warna hijau dan kuning yang harmonis. Desain harus mempertimbangkan jarak antar ikatan minimal 0,5 cm agar warna celupan dapat masuk, tetap mempertahankan tekstur tenun ikat tradisional, dan memadukan unsur lama dan unsur baru secara kreatif."
dekoratif/D-017-dekoratif_249.jpg,D:\DISERTASI_S3\WIWIK\DATASET_L2\EndekGAN\EndekGAN_Dataset\dekoratif\D-017-dekoratif_249.jpg,dekoratif,2,97b89f57735bcf3c859d1da38fad9b39,Motif Endek Dekoratif berbasis ornamen tradisional Bali dengan unsur hias klasik,ornamen tradisional Bali dengan unsur hias klasik,deformasi,pola ulang menyeluruh,keseimbangan visual; keseimbangan visual; kesatuan ornamen,warna merah dan emas yang kontras,struktur ornamen tidak terlalu rapat sehingga dapat diendekkan,"mengutamakan nilai estetika, fungsi, dan identitas lokal Endek Bali","Motif Endek Dekoratif berbasis ornamen tradisional Bali dengan unsur hias klasik. Desain kain Endek Bali bertema dekoratif yang terinspirasi dari ornamen tradisional Bali dengan unsur hias klasik. Motif dibuat menggunakan teknik deformasi, yaitu penyederhanaan struktur dan proporsi bentuk asli menjadi bentuk baru yang lebih dekoratif. Tata letak menggunakan pola ulang menyeluruh, dengan keseimbangan visual, keseimbangan visual, dan kesatuan ornamen. Pewarnaan memakai warna merah dan emas yang kontras. Desain harus struktur ornamen tidak terlalu rapat sehingga dapat diendekkan, tetap mempertahankan tekstur tenun ikat tradisional, dan mengutamakan nilai estetika, fungsi, dan identitas lokal Endek Bali."
dekoratif/D-018-dekoratif_254.jpg,D:\DISERTASI_S3\WIWIK\DATASET_L2\EndekGAN\EndekGAN_Dataset\dekoratif\D-018-dekoratif_254.jpg,dekoratif,2,8545bb0689912d8c98cae9f000d2876f,Motif Endek Dekoratif berbasis kombinasi unsur lama dan unsur baru dalam ragam hias Endek,kombinasi unsur lama dan unsur baru dalam ragam hias Endek,stilasi,pola acak terkontrol,kontras bentuk dan warna; klimaks visual yang jelas; kesatuan ornamen,"warna coklat, krem, dan emas bernuansa tradisional",struktur ornamen tidak terlalu rapat sehingga dapat diendekkan,memadukan unsur lama dan unsur baru secara kreatif,"Motif Endek Dekoratif berbasis kombinasi unsur lama dan unsur baru dalam ragam hias Endek. Desain kain Endek Bali bertema dekoratif yang terinspirasi dari kombinasi unsur lama dan unsur baru dalam ragam hias Endek. Motif dibuat menggunakan teknik stilasi, yaitu penggayaan bentuk asli menjadi ornamen dekoratif dengan tetap mempertahankan ciri utama objek sumber. Tata letak menggunakan pola acak terkontrol, dengan kontras bentuk dan warna, klimaks visual yang jelas, dan kesatuan ornamen. Pewarnaan memakai warna coklat, krem, dan emas bernuansa tradisional. Desain harus struktur ornamen tidak terlalu rapat sehingga dapat diendekkan, tetap mempertahankan tekstur tenun ikat tradisional, dan memadukan unsur lama dan unsur baru secara kreatif."
dekoratif/D-019-dekoratif_233.jpg,D:\DISERTASI_S3\WIWIK\DATASET_L2\EndekGAN\EndekGAN_Dataset\dekoratif\D-019-dekoratif_233.jpg,dekoratif,2,7e167adae6b028df3626ee43ba647950,Motif Endek Dekoratif berbasis hiasan dekoratif dengan komposisi simetris,hiasan dekoratif dengan komposisi simetris,stilasi,pola ulang himpunan,klimaks visual yang jelas; klimaks visual yang jelas; kesatuan ornamen,"warna biru, hitam, dan putih dengan kontras kuat",mempertahankan karakter tekstur tenun ikat tradisional,"mengutamakan nilai estetika, fungsi, dan identitas lokal Endek Bali","Motif Endek Dekoratif berbasis hiasan dekoratif dengan komposisi simetris. Desain kain Endek Bali bertema dekoratif yang terinspirasi dari hiasan dekoratif dengan komposisi simetris. Motif dibuat menggunakan teknik stilasi, yaitu penggayaan bentuk asli menjadi ornamen dekoratif dengan tetap mempertahankan ciri utama objek sumber. Tata letak menggunakan pola ulang himpunan, dengan klimaks visual yang jelas, klimaks visual yang jelas, dan kesatuan ornamen. Pewarnaan memakai warna biru, hitam, dan putih dengan kontras kuat. Desain harus mempertahankan karakter tekstur tenun ikat tradisional, tetap mempertahankan tekstur tenun ikat tradisional, dan mengutamakan nilai estetika, fungsi, dan identitas lokal Endek Bali."
dekoratif/D-020-dekoratif_156.jpg,D:\DISERTASI_S3\WIWIK\DATASET_L2\EndekGAN\EndekGAN_Dataset\dekoratif\D-020-dekoratif_156.jpg,dekoratif,2,649af84d9908348036cd14aed52093cc,Motif Endek Dekoratif berbasis kombinasi unsur lama dan unsur baru dalam ragam hias Endek,kombinasi unsur lama dan unsur baru dalam ragam hias Endek,deformasi,pola ulang menyeluruh,irama repetitif; kontras bentuk dan warna; kesatuan ornamen,"warna coklat, krem, dan emas bernuansa tradisional",mempertahankan karakter tekstur tenun ikat tradisional,memadukan unsur lama dan unsur baru secara kreatif,"Motif Endek Dekoratif berbasis kombinasi unsur lama dan unsur baru dalam ragam hias Endek. Desain kain Endek Bali bertema dekoratif yang terinspirasi dari kombinasi unsur lama dan unsur baru dalam ragam hias Endek. Motif dibuat menggunakan teknik deformasi, yaitu penyederhanaan struktur dan proporsi bentuk asli menjadi bentuk baru yang lebih dekoratif. Tata letak menggunakan pola ulang menyeluruh, dengan irama repetitif, kontras bentuk dan warna, dan kesatuan ornamen. Pewarnaan memakai warna coklat, krem, dan emas bernuansa tradisional. Desain harus mempertahankan karakter tekstur tenun ikat tradisional, tetap mempertahankan tekstur tenun ikat tradisional, dan memadukan unsur lama dan unsur baru secara kreatif."
dekoratif/D-021-dekoratif_165.jpg,D:\DISERTASI_S3\WIWIK\DATASET_L2\EndekGAN\EndekGAN_Dataset\dekoratif\D-021-dekoratif_165.jpg,dekoratif,2,e40b27ae4abe7b4fa5acd97306997147,Motif Endek Dekoratif berbasis ornamen tradisional Bali dengan unsur hias klasik,ornamen tradisional Bali dengan unsur hias klasik,stilasi,pola ulang menyeluruh,keseimbangan visual; kesatuan ornamen; kesatuan ornamen,warna merah dan emas yang kontras,motif tetap terbaca pada skala benang,memadukan unsur lama dan unsur baru secara kreatif,"Motif Endek Dekoratif berbasis ornamen tradisional Bali dengan unsur hias klasik. Desain kain Endek Bali bertema dekoratif yang terinspirasi dari ornamen tradisional Bali dengan unsur hias klasik. Motif dibuat menggunakan teknik stilasi, yaitu penggayaan bentuk asli menjadi ornamen dekoratif dengan tetap mempertahankan ciri utama objek sumber. Tata letak menggunakan pola ulang menyeluruh, dengan keseimbangan visual, kesatuan ornamen, dan kesatuan ornamen. Pewarnaan memakai warna merah dan emas yang kontras. Desain harus motif tetap terbaca pada skala benang, tetap mempertahankan tekstur tenun ikat tradisional, dan memadukan unsur lama dan unsur baru secara kreatif."
dekoratif/D-022-dekoratif_228.jpg,D:\DISERTASI_S3\WIWIK\DATASET_L2\EndekGAN\EndekGAN_Dataset\dekoratif\D-022-dekoratif_228.jpg,dekoratif,2,43326f7c8ae685114c74c7091d8ddfcb,Motif Endek Dekoratif berbasis ornamen tradisional Bali dengan unsur hias klasik,ornamen tradisional Bali dengan unsur hias klasik,deformasi,pola ulang himpunan,kontras bentuk dan warna; kontras bentuk dan warna; kesatuan ornamen,warna hijau dan kuning yang harmonis,struktur ornamen tidak terlalu rapat sehingga dapat diendekkan,digunakan dalam konteks budaya Bali,"Motif Endek Dekoratif berbasis ornamen tradisional Bali dengan unsur hias klasik. Desain kain Endek Bali bertema dekoratif yang terinspirasi dari ornamen tradisional Bali dengan unsur hias klasik. Motif dibuat menggunakan teknik deformasi, yaitu penyederhanaan struktur dan proporsi bentuk asli menjadi bentuk baru yang lebih dekoratif. Tata letak menggunakan pola ulang himpunan, dengan kontras bentuk dan warna, kontras bentuk dan warna, dan kesatuan ornamen. Pewarnaan memakai warna hijau dan kuning yang harmonis. Desain harus struktur ornamen tidak terlalu rapat sehingga dapat diendekkan, tetap mempertahankan tekstur tenun ikat tradisional, dan digunakan dalam konteks budaya Bali."
dekoratif/D-023-dekoratif_243.jpg,D:\DISERTASI_S3\WIWIK\DATASET_L2\EndekGAN\EndekGAN_Dataset\dekoratif\D-023-dekoratif_243.jpg,dekoratif,2,dec52b7fda6bc99e99841c9e11727fcb,Motif Endek Dekoratif berbasis ornamen tradisional Bali dengan unsur hias klasik,ornamen tradisional Bali dengan unsur hias klasik,distorsi,pola ulang menyeluruh,klimaks visual yang jelas; proporsi seimbang; kesatuan ornamen,warna merah dan emas yang kontras,struktur ornamen tidak terlalu rapat sehingga dapat diendekkan,menjaga kesakralan dan kepantasan motif,"Motif Endek Dekoratif berbasis ornamen tradisional Bali dengan unsur hias klasik. Desain kain Endek Bali bertema dekoratif yang terinspirasi dari ornamen tradisional Bali dengan unsur hias klasik. Motif dibuat menggunakan teknik distorsi, yaitu perubahan bentuk dengan penekanan atau pelebaran proporsi untuk menghasilkan karakter visual yang lebih ekspresif. Tata letak menggunakan pola ulang menyeluruh, dengan klimaks visual yang jelas, proporsi seimbang, dan kesatuan ornamen. Pewarnaan memakai warna merah dan emas yang kontras. Desain harus struktur ornamen tidak terlalu rapat sehingga dapat diendekkan, tetap mempertahankan tekstur tenun ikat tradisional, dan menjaga kesakralan dan kepantasan motif."
dekoratif/D-024-dekoratif_175.jpg,D:\DISERTASI_S3\WIWIK\DATASET_L2\EndekGAN\EndekGAN_Dataset\dekoratif\D-024-dekoratif_175.jpg,dekoratif,2,b5fd47778d01b63f22ed7dddd02bccab,Motif Endek Dekoratif berbasis ornamen tradisional Bali dengan unsur hias klasik,ornamen tradisional Bali dengan unsur hias klasik,deformasi,pola acak terkontrol,irama repetitif; proporsi seimbang; kesatuan ornamen,warna cerah khas kain upacara Bali,motif tetap terbaca pada skala benang,menjaga kesakralan dan kepantasan motif,"Motif Endek Dekoratif berbasis ornamen tradisional Bali dengan unsur hias klasik. Desain kain Endek Bali bertema dekoratif yang terinspirasi dari ornamen tradisional Bali dengan unsur hias klasik. Motif dibuat menggunakan teknik deformasi, yaitu penyederhanaan struktur dan proporsi bentuk asli menjadi bentuk baru yang lebih dekoratif. Tata letak menggunakan pola acak terkontrol, dengan irama repetitif, proporsi seimbang, dan kesatuan ornamen. Pewarnaan memakai warna cerah khas kain upacara Bali. Desain harus motif tetap terbaca pada skala benang, tetap mempertahankan tekstur tenun ikat tradisional, dan menjaga kesakralan dan kepantasan motif."
dekoratif/D-025-dekoratif_221.jpg,D:\DISERTASI_S3\WIWIK\DATASET_L2\EndekGAN\EndekGAN_Dataset\dekoratif\D-025-dekoratif_221.jpg,dekoratif,2,ccb1cd72c3450db0bad8ecf1f9fb9b65,Motif Endek Dekoratif berbasis ornamen tradisional Bali dengan unsur hias klasik,ornamen tradisional Bali dengan unsur hias klasik,stilasi,pola ulang menyeluruh,klimaks visual yang jelas; klimaks visual yang jelas; kesatuan ornamen,"warna coklat, krem, dan emas bernuansa tradisional",motif tetap terbaca pada skala benang,"mengutamakan nilai estetika, fungsi, dan identitas lokal Endek Bali","Motif Endek Dekoratif berbasis ornamen tradisional Bali dengan unsur hias klasik. Desain kain Endek Bali bertema dekoratif yang terinspirasi dari ornamen tradisional Bali dengan unsur hias klasik. Motif dibuat menggunakan teknik stilasi, yaitu penggayaan bentuk asli menjadi ornamen dekoratif dengan tetap mempertahankan ciri utama objek sumber. Tata letak menggunakan pola ulang menyeluruh, dengan klimaks visual yang jelas, klimaks visual yang jelas, dan kesatuan ornamen. Pewarnaan memakai warna coklat, krem, dan emas bernuansa tradisional. Desain harus motif tetap terbaca pada skala benang, tetap mempertahankan tekstur tenun ikat tradisional, dan mengutamakan nilai estetika, fungsi, dan identitas lokal Endek Bali."
dekoratif/D-026-dekoratif_232.jpg,D:\DISERTASI_S3\WIWIK\DATASET_L2\EndekGAN\EndekGAN_Dataset\dekoratif\D-026-dekoratif_232.jpg,dekoratif,2,6f1fc5a61ac679ed869f30149c572582,Motif Endek Dekoratif berbasis ornamen tradisional Bali dengan unsur hias klasik,ornamen tradisional Bali dengan unsur hias klasik,deformasi,pola ulang menyeluruh,irama repetitif; keseimbangan visual; kesatuan ornamen,"warna coklat, krem, dan emas bernuansa tradisional",motif tetap terbaca pada skala benang,memadukan unsur lama dan unsur baru secara kreatif,"Motif Endek Dekoratif berbasis ornamen tradisional Bali dengan unsur hias klasik. Desain kain Endek Bali bertema dekoratif yang terinspirasi dari ornamen tradisional Bali dengan unsur hias klasik. Motif dibuat menggunakan teknik deformasi, yaitu penyederhanaan struktur dan proporsi bentuk asli menjadi bentuk baru yang lebih dekoratif. Tata letak menggunakan pola ulang menyeluruh, dengan irama repetitif, keseimbangan visual, dan kesatuan ornamen. Pewarnaan memakai warna coklat, krem, dan emas bernuansa tradisional. Desain harus motif tetap terbaca pada skala benang, tetap mempertahankan tekstur tenun ikat tradisional, dan memadukan unsur lama dan unsur baru secara kreatif."
dekoratif/D-027-dekoratif_213.jpg,D:\DISERTASI_S3\WIWIK\DATASET_L2\EndekGAN\EndekGAN_Dataset\dekoratif\D-027-dekoratif_213.jpg,dekoratif,2,baac0489215141cebf47e73216e6c092,Motif Endek Dekoratif berbasis hiasan dekoratif dengan komposisi simetris,hiasan dekoratif dengan komposisi simetris,distorsi,pola tunggal,kontras bentuk dan warna; kesatuan ornamen; kesatuan ornamen,warna hijau dan kuning yang harmonis,struktur ornamen tidak terlalu rapat sehingga dapat diendekkan,digunakan dalam konteks budaya Bali,"Motif Endek Dekoratif berbasis hiasan dekoratif dengan komposisi simetris. Desain kain Endek Bali bertema dekoratif yang terinspirasi dari hiasan dekoratif dengan komposisi simetris. Motif dibuat menggunakan teknik distorsi, yaitu perubahan bentuk dengan penekanan atau pelebaran proporsi untuk menghasilkan karakter visual yang lebih ekspresif. Tata letak menggunakan pola tunggal, dengan kontras bentuk dan warna, kesatuan ornamen, dan kesatuan ornamen. Pewarnaan memakai warna hijau dan kuning yang harmonis. Desain harus struktur ornamen tidak terlalu rapat sehingga dapat diendekkan, tetap mempertahankan tekstur tenun ikat tradisional, dan digunakan dalam konteks budaya Bali."
dekoratif/D-028-dekoratif_178.jpg,D:\DISERTASI_S3\WIWIK\DATASET_L2\EndekGAN\EndekGAN_Dataset\dekoratif\D-028-dekoratif_178.jpg,dekoratif,2,2be2df35e55af9ce9c2c9b38e584e737,Motif Endek Dekoratif berbasis ornamen tradisional Bali dengan unsur hias klasik,ornamen tradisional Bali dengan unsur hias klasik,stilasi,pola ulang himpunan,kontras bentuk dan warna; kontras bentuk dan warna; kesatuan ornamen,warna merah dan emas yang kontras,"mempertimbangkan jarak antar ikatan minimal 0,5 cm agar warna celupan dapat masuk",memadukan unsur lama dan unsur baru secara kreatif,"Motif Endek Dekoratif berbasis ornamen tradisional Bali dengan unsur hias klasik. Desain kain Endek Bali bertema dekoratif yang terinspirasi dari ornamen tradisional Bali dengan unsur hias klasik. Motif dibuat menggunakan teknik stilasi, yaitu penggayaan bentuk asli menjadi ornamen dekoratif dengan tetap mempertahankan ciri utama objek sumber. Tata letak menggunakan pola ulang himpunan, dengan kontras bentuk dan warna, kontras bentuk dan warna, dan kesatuan ornamen. Pewarnaan memakai warna merah dan emas yang kontras. Desain harus mempertimbangkan jarak antar ikatan minimal 0,5 cm agar warna celupan dapat masuk, tetap mempertahankan tekstur tenun ikat tradisional, dan memadukan unsur lama dan unsur baru secara kreatif."
dekoratif/D-029-dekoratif_209.jpg,D:\DISERTASI_S3\WIWIK\DATASET_L2\EndekGAN\EndekGAN_Dataset\dekoratif\D-029-dekoratif_209.jpg,dekoratif,2,eb24d2bd64f3f4b8c4a193d7551bc545,Motif Endek Dekoratif berbasis kombinasi unsur lama dan unsur baru dalam ragam hias Endek,kombinasi unsur lama dan unsur baru dalam ragam hias Endek,stilasi,pola tunggal,kesatuan ornamen; keseimbangan visual; kesatuan ornamen,warna cerah khas kain upacara Bali,mempertahankan karakter tekstur tenun ikat tradisional,memadukan unsur lama dan unsur baru secara kreatif,"Motif Endek Dekoratif berbasis kombinasi unsur lama dan unsur baru dalam ragam hias Endek. Desain kain Endek Bali bertema dekoratif yang terinspirasi dari kombinasi unsur lama dan unsur baru dalam ragam hias Endek. Motif dibuat menggunakan teknik stilasi, yaitu penggayaan bentuk asli menjadi ornamen dekoratif dengan tetap mempertahankan ciri utama objek sumber. Tata letak menggunakan pola tunggal, dengan kesatuan ornamen, keseimbangan visual, dan kesatuan ornamen. Pewarnaan memakai warna cerah khas kain upacara Bali. Desain harus mempertahankan karakter tekstur tenun ikat tradisional, tetap mempertahankan tekstur tenun ikat tradisional, dan memadukan unsur lama dan unsur baru secara kreatif."
dekoratif/D-030-dekoratif_238.jpg,D:\DISERTASI_S3\WIWIK\DATASET_L2\EndekGAN\EndekGAN_Dataset\dekoratif\D-030-dekoratif_238.jpg,dekoratif,2,1c68605deb6eea03272abd79f5169df3,Motif Endek Dekoratif berbasis hiasan dekoratif dengan komposisi simetris,hiasan dekoratif dengan komposisi simetris,deformasi,pola ulang himpunan,klimaks visual yang jelas; klimaks visual yang jelas; kesatuan ornamen,"warna coklat, krem, dan emas bernuansa tradisional",layak diterapkan pada proses ikat tenun Endek,"mengutamakan nilai estetika, fungsi, dan identitas lokal Endek Bali","Motif Endek Dekoratif berbasis hiasan dekoratif dengan komposisi simetris. Desain kain Endek Bali bertema dekoratif yang terinspirasi dari hiasan dekoratif dengan komposisi simetris. Motif dibuat menggunakan teknik deformasi, yaitu penyederhanaan struktur dan proporsi bentuk asli menjadi bentuk baru yang lebih dekoratif. Tata letak menggunakan pola ulang himpunan, dengan klimaks visual yang jelas, klimaks visual yang jelas, dan kesatuan ornamen. Pewarnaan memakai warna coklat, krem, dan emas bernuansa tradisional. Desain harus layak diterapkan pada proses ikat tenun Endek, tetap mempertahankan tekstur tenun ikat tradisional, dan mengutamakan nilai estetika, fungsi, dan identitas lokal Endek Bali."
dekoratif/D-031-dekoratif_225.jpg,D:\DISERTASI_S3\WIWIK\DATASET_L2\EndekGAN\EndekGAN_Dataset\dekoratif\D-031-dekoratif_225.jpg,dekoratif,2,b83855f389f0d173e5e31ad341fd8e02,Motif Endek Dekoratif berbasis kombinasi unsur lama dan unsur baru dalam ragam hias Endek,kombinasi unsur lama dan unsur baru dalam ragam hias Endek,deformasi,pola ulang menyeluruh,proporsi seimbang; proporsi seimbang; kesatuan ornamen,warna hijau dan kuning yang harmonis,motif tetap terbaca pada skala benang,"mengutamakan nilai estetika, fungsi, dan identitas lokal Endek Bali","Motif Endek Dekoratif berbasis kombinasi unsur lama dan unsur baru dalam ragam hias Endek. Desain kain Endek Bali bertema dekoratif yang terinspirasi dari kombinasi unsur lama dan unsur baru dalam ragam hias Endek. Motif dibuat menggunakan teknik deformasi, yaitu penyederhanaan struktur dan proporsi bentuk asli menjadi bentuk baru yang lebih dekoratif. Tata letak menggunakan pola ulang menyeluruh, dengan proporsi seimbang, proporsi seimbang, dan kesatuan ornamen. Pewarnaan memakai warna hijau dan kuning yang harmonis. Desain harus motif tetap terbaca pada skala benang, tetap mempertahankan tekstur tenun ikat tradisional, dan mengutamakan nilai estetika, fungsi, dan identitas lokal Endek Bali."
dekoratif/D-032-dekoratif_240.jpg,D:\DISERTASI_S3\WIWIK\DATASET_L2\EndekGAN\EndekGAN_Dataset\dekoratif\D-032-dekoratif_240.jpg,dekoratif,2,1b6102607769650bed7fff00261f9803,Motif Endek Dekoratif berbasis kombinasi unsur lama dan unsur baru dalam ragam hias Endek,kombinasi unsur lama dan unsur baru dalam ragam hias Endek,stilasi,pola acak terkontrol,kesatuan ornamen; kontras bentuk dan warna; kesatuan ornamen,"warna biru, hitam, dan putih dengan kontras kuat",motif tetap terbaca pada skala benang,menjaga kesakralan dan kepantasan motif,"Motif Endek Dekoratif berbasis kombinasi unsur lama dan unsur baru dalam ragam hias Endek. Desain kain Endek Bali bertema dekoratif yang terinspirasi dari kombinasi unsur lama dan unsur baru dalam ragam hias Endek. Motif dibuat menggunakan teknik stilasi, yaitu penggayaan bentuk asli menjadi ornamen dekoratif dengan tetap mempertahankan ciri utama objek sumber. Tata letak menggunakan pola acak terkontrol, dengan kesatuan ornamen, kontras bentuk dan warna, dan kesatuan ornamen. Pewarnaan memakai warna biru, hitam, dan putih dengan kontras kuat. Desain harus motif tetap terbaca pada skala benang, tetap mempertahankan tekstur tenun ikat tradisional, dan menjaga kesakralan dan kepantasan motif."
dekoratif/D-033-dekoratif_215.jpg,D:\DISERTASI_S3\WIWIK\DATASET_L2\EndekGAN\EndekGAN_Dataset\dekoratif\D-033-dekoratif_215.jpg,dekoratif,2,a2ba22d6951427abdae43f277061ca58,Motif Endek Dekoratif berbasis ornamen tradisional Bali dengan unsur hias klasik,ornamen tradisional Bali dengan unsur hias klasik,deformasi,pola ulang himpunan,proporsi seimbang; klimaks visual yang jelas; kesatuan ornamen,"warna biru, hitam, dan putih dengan kontras kuat",mempertahankan karakter tekstur tenun ikat tradisional,menjaga kesakralan dan kepantasan motif,"Motif Endek Dekoratif berbasis ornamen tradisional Bali dengan unsur hias klasik. Desain kain Endek Bali bertema dekoratif yang terinspirasi dari ornamen tradisional Bali dengan unsur hias klasik. Motif dibuat menggunakan teknik deformasi, yaitu penyederhanaan struktur dan proporsi bentuk asli menjadi bentuk baru yang lebih dekoratif. Tata letak menggunakan pola ulang himpunan, dengan proporsi seimbang, klimaks visual yang jelas, dan kesatuan ornamen. Pewarnaan memakai warna biru, hitam, dan putih dengan kontras kuat. Desain harus mempertahankan karakter tekstur tenun ikat tradisional, tetap mempertahankan tekstur tenun ikat tradisional, dan menjaga kesakralan dan kepantasan motif."
dekoratif/D-034-dekoratif_236.jpg,D:\DISERTASI_S3\WIWIK\DATASET_L2\EndekGAN\EndekGAN_Dataset\dekoratif\D-034-dekoratif_236.jpg,dekoratif,2,7236daa3d6ee7c53bb18ae0c3b57ee9c,Motif Endek Dekoratif berbasis hiasan dekoratif dengan komposisi simetris,hiasan dekoratif dengan komposisi simetris,distorsi,pola acak terkontrol,keseimbangan visual; irama repetitif; kesatuan ornamen,warna hijau dan kuning yang harmonis,"mempertimbangkan jarak antar ikatan minimal 0,5 cm agar warna celupan dapat masuk",digunakan dalam konteks budaya Bali,"Motif Endek Dekoratif berbasis hiasan dekoratif dengan komposisi simetris. Desain kain Endek Bali bertema dekoratif yang terinspirasi dari hiasan dekoratif dengan komposisi simetris. Motif dibuat menggunakan teknik distorsi, yaitu perubahan bentuk dengan penekanan atau pelebaran proporsi untuk menghasilkan karakter visual yang lebih ekspresif. Tata letak menggunakan pola acak terkontrol, dengan keseimbangan visual, irama repetitif, dan kesatuan ornamen. Pewarnaan memakai warna hijau dan kuning yang harmonis. Desain harus mempertimbangkan jarak antar ikatan minimal 0,5 cm agar warna celupan dapat masuk, tetap mempertahankan tekstur tenun ikat tradisional, dan digunakan dalam konteks budaya Bali."
dekoratif/D-035-dekoratif_234.jpg,D:\DISERTASI_S3\WIWIK\DATASET_L2\EndekGAN\EndekGAN_Dataset\dekoratif\D-035-dekoratif_234.jpg,dekoratif,2,4886436a6d3dcee0c678f7404fc0377f,Motif Endek Dekoratif berbasis ornamen tradisional Bali dengan unsur hias klasik,ornamen tradisional Bali dengan unsur hias klasik,distorsi,pola ulang menyeluruh,klimaks visual yang jelas; klimaks visual yang jelas; kesatuan ornamen,warna hijau dan kuning yang harmonis,mempertahankan karakter tekstur tenun ikat tradisional,"mengutamakan nilai estetika, fungsi, dan identitas lokal Endek Bali","Motif Endek Dekoratif berbasis ornamen tradisional Bali dengan unsur hias klasik. Desain kain Endek Bali bertema dekoratif yang terinspirasi dari ornamen tradisional Bali dengan unsur hias klasik. Motif dibuat menggunakan teknik distorsi, yaitu perubahan bentuk dengan penekanan atau pelebaran proporsi untuk menghasilkan karakter visual yang lebih ekspresif. Tata letak menggunakan pola ulang menyeluruh, dengan klimaks visual yang jelas, klimaks visual yang jelas, dan kesatuan ornamen. Pewarnaan memakai warna hijau dan kuning yang harmonis. Desain harus mempertahankan karakter tekstur tenun ikat tradisional, tetap mempertahankan tekstur tenun ikat tradisional, dan mengutamakan nilai estetika, fungsi, dan identitas lokal Endek Bali."
dekoratif/D-036-dekoratif_242.jpg,D:\DISERTASI_S3\WIWIK\DATASET_L2\EndekGAN\EndekGAN_Dataset\dekoratif\D-036-dekoratif_242.jpg,dekoratif,2,8614a7271dd430a5f73f9e65968dacd9,Motif Endek Dekoratif berbasis ornamen tradisional Bali dengan unsur hias klasik,ornamen tradisional Bali dengan unsur hias klasik,distorsi,pola ulang menyeluruh,irama repetitif; klimaks visual yang jelas; kesatuan ornamen,warna merah dan emas yang kontras,layak diterapkan pada proses ikat tenun Endek,digunakan dalam konteks budaya Bali,"Motif Endek Dekoratif berbasis ornamen tradisional Bali dengan unsur hias klasik. Desain kain Endek Bali bertema dekoratif yang terinspirasi dari ornamen tradisional Bali dengan unsur hias klasik. Motif dibuat menggunakan teknik distorsi, yaitu perubahan bentuk dengan penekanan atau pelebaran proporsi untuk menghasilkan karakter visual yang lebih ekspresif. Tata letak menggunakan pola ulang menyeluruh, dengan irama repetitif, klimaks visual yang jelas, dan kesatuan ornamen. Pewarnaan memakai warna merah dan emas yang kontras. Desain harus layak diterapkan pada proses ikat tenun Endek, tetap mempertahankan tekstur tenun ikat tradisional, dan digunakan dalam konteks budaya Bali."
dekoratif/D-037-dekoratif_224.jpg,D:\DISERTASI_S3\WIWIK\DATASET_L2\EndekGAN\EndekGAN_Dataset\dekoratif\D-037-dekoratif_224.jpg,dekoratif,2,fe7f43bacdc3a05d150b433e3fc9c63d,Motif Endek Dekoratif berbasis kombinasi unsur lama dan unsur baru dalam ragam hias Endek,kombinasi unsur lama dan unsur baru dalam ragam hias Endek,deformasi,pola tunggal,kesatuan ornamen; proporsi seimbang; kesatuan ornamen,"warna coklat, krem, dan emas bernuansa tradisional","mempertimbangkan jarak antar ikatan minimal 0,5 cm agar warna celupan dapat masuk",menjaga kesakralan dan kepantasan motif,"Motif Endek Dekoratif berbasis kombinasi unsur lama dan unsur baru dalam ragam hias Endek. Desain kain Endek Bali bertema dekoratif yang terinspirasi dari kombinasi unsur lama dan unsur baru dalam ragam hias Endek. Motif dibuat menggunakan teknik deformasi, yaitu penyederhanaan struktur dan proporsi bentuk asli menjadi bentuk baru yang lebih dekoratif. Tata letak menggunakan pola tunggal, dengan kesatuan ornamen, proporsi seimbang, dan kesatuan ornamen. Pewarnaan memakai warna coklat, krem, dan emas bernuansa tradisional. Desain harus mempertimbangkan jarak antar ikatan minimal 0,5 cm agar warna celupan dapat masuk, tetap mempertahankan tekstur tenun ikat tradisional, dan menjaga kesakralan dan kepantasan motif."
dekoratif/D-038-dekoratif_149.jpg,D:\DISERTASI_S3\WIWIK\DATASET_L2\EndekGAN\EndekGAN_Dataset\dekoratif\D-038-dekoratif_149.jpg,dekoratif,2,a7c9462b881784e52ffc8df3cdf10216,Motif Endek Dekoratif berbasis hiasan dekoratif dengan komposisi simetris,hiasan dekoratif dengan komposisi simetris,stilasi,pola acak terkontrol,irama repetitif; kesatuan ornamen; kesatuan ornamen,"warna biru, hitam, dan putih dengan kontras kuat",motif tetap terbaca pada skala benang,memadukan unsur lama dan unsur baru secara kreatif,"Motif Endek Dekoratif berbasis hiasan dekoratif dengan komposisi simetris. Desain kain Endek Bali bertema dekoratif yang terinspirasi dari hiasan dekoratif dengan komposisi simetris. Motif dibuat menggunakan teknik stilasi, yaitu penggayaan bentuk asli menjadi ornamen dekoratif dengan tetap mempertahankan ciri utama objek sumber. Tata letak menggunakan pola acak terkontrol, dengan irama repetitif, kesatuan ornamen, dan kesatuan ornamen. Pewarnaan memakai warna biru, hitam, dan putih dengan kontras kuat. Desain harus motif tetap terbaca pada skala benang, tetap mempertahankan tekstur tenun ikat tradisional, dan memadukan unsur lama dan unsur baru secara kreatif."
dekoratif/D-039-dekoratif_226.jpg,D:\DISERTASI_S3\WIWIK\DATASET_L2\EndekGAN\EndekGAN_Dataset\dekoratif\D-039-dekoratif_226.jpg,dekoratif,2,68c82cb7b61fe5dc02254a5d482c20ea,Motif Endek Dekoratif berbasis hiasan dekoratif dengan komposisi simetris,hiasan dekoratif dengan komposisi simetris,deformasi,pola ulang himpunan,kesatuan ornamen; proporsi seimbang; kesatuan ornamen,warna hijau dan kuning yang harmonis,layak diterapkan pada proses ikat tenun Endek,memadukan unsur lama dan unsur baru secara kreatif,"Motif Endek Dekoratif berbasis hiasan dekoratif dengan komposisi simetris. Desain kain Endek Bali bertema dekoratif yang terinspirasi dari hiasan dekoratif dengan komposisi simetris. Motif dibuat menggunakan teknik deformasi, yaitu penyederhanaan struktur dan proporsi bentuk asli menjadi bentuk baru yang lebih dekoratif. Tata letak menggunakan pola ulang himpunan, dengan kesatuan ornamen, proporsi seimbang, dan kesatuan ornamen. Pewarnaan memakai warna hijau dan kuning yang harmonis. Desain harus layak diterapkan pada proses ikat tenun Endek, tetap mempertahankan tekstur tenun ikat tradisional, dan memadukan unsur lama dan unsur baru secara kreatif."
dekoratif/D-040-dekoratif_239.jpg,D:\DISERTASI_S3\WIWIK\DATASET_L2\EndekGAN\EndekGAN_Dataset\dekoratif\D-040-dekoratif_239.jpg,dekoratif,2,0d886227eeb1c9ec1b05b1a27c90b275,"Motif Endek Dekoratif berbasis paduan garis, titik, sulur, dan ornamen pinggir","paduan garis, titik, sulur, dan ornamen pinggir",deformasi,pola ulang menyeluruh,kesatuan ornamen; kesatuan ornamen; kesatuan ornamen,warna hijau dan kuning yang harmonis,"mempertimbangkan jarak antar ikatan minimal 0,5 cm agar warna celupan dapat masuk",digunakan dalam konteks budaya Bali,"Motif Endek Dekoratif berbasis paduan garis, titik, sulur, dan ornamen pinggir. Desain kain Endek Bali bertema dekoratif yang terinspirasi dari paduan garis, titik, sulur, dan ornamen pinggir. Motif dibuat menggunakan teknik deformasi, yaitu penyederhanaan struktur dan proporsi bentuk asli menjadi bentuk baru yang lebih dekoratif. Tata letak menggunakan pola ulang menyeluruh, dengan kesatuan ornamen, kesatuan ornamen, dan kesatuan ornamen. Pewarnaan memakai warna hijau dan kuning yang harmonis. Desain harus mempertimbangkan jarak antar ikatan minimal 0,5 cm agar warna celupan dapat masuk, tetap mempertahankan tekstur tenun ikat tradisional, dan digunakan dalam konteks budaya Bali."
dekoratif/D-041-dekoratif_231.jpg,D:\DISERTASI_S3\WIWIK\DATASET_L2\EndekGAN\EndekGAN_Dataset\dekoratif\D-041-dekoratif_231.jpg,dekoratif,2,ed0188f0a5f2f5580ab28ca8c501184a,Motif Endek Dekoratif berbasis ornamen tradisional Bali dengan unsur hias klasik,ornamen tradisional Bali dengan unsur hias klasik,distorsi,pola acak terkontrol,keseimbangan visual; kesatuan ornamen; kesatuan ornamen,warna merah dan emas yang kontras,motif tetap terbaca pada skala benang,"mengutamakan nilai estetika, fungsi, dan identitas lokal Endek Bali","Motif Endek Dekoratif berbasis ornamen tradisional Bali dengan unsur hias klasik. Desain kain Endek Bali bertema dekoratif yang terinspirasi dari ornamen tradisional Bali dengan unsur hias klasik. Motif dibuat menggunakan teknik distorsi, yaitu perubahan bentuk dengan penekanan atau pelebaran proporsi untuk menghasilkan karakter visual yang lebih ekspresif. Tata letak menggunakan pola acak terkontrol, dengan keseimbangan visual, kesatuan ornamen, dan kesatuan ornamen. Pewarnaan memakai warna merah dan emas yang kontras. Desain harus motif tetap terbaca pada skala benang, tetap mempertahankan tekstur tenun ikat tradisional, dan mengutamakan nilai estetika, fungsi, dan identitas lokal Endek Bali."
dekoratif/D-042-dekoratif_218.jpg,D:\DISERTASI_S3\WIWIK\DATASET_L2\EndekGAN\EndekGAN_Dataset\dekoratif\D-042-dekoratif_218.jpg,dekoratif,2,6fb6660128b81276bb4381788e217a54,Motif Endek Dekoratif berbasis kombinasi unsur lama dan unsur baru dalam ragam hias Endek,kombinasi unsur lama dan unsur baru dalam ragam hias Endek,stilasi,pola ulang himpunan,proporsi seimbang; kontras bentuk dan warna; kesatuan ornamen,warna merah dan emas yang kontras,motif tetap terbaca pada skala benang,menjaga kesakralan dan kepantasan motif,"Motif Endek Dekoratif berbasis kombinasi unsur lama dan unsur baru dalam ragam hias Endek. Desain kain Endek Bali bertema dekoratif yang terinspirasi dari kombinasi unsur lama dan unsur baru dalam ragam hias Endek. Motif dibuat menggunakan teknik stilasi, yaitu penggayaan bentuk asli menjadi ornamen dekoratif dengan tetap mempertahankan ciri utama objek sumber. Tata letak menggunakan pola ulang himpunan, dengan proporsi seimbang, kontras bentuk dan warna, dan kesatuan ornamen. Pewarnaan memakai warna merah dan emas yang kontras. Desain harus motif tetap terbaca pada skala benang, tetap mempertahankan tekstur tenun ikat tradisional, dan menjaga kesakralan dan kepantasan motif."
dekoratif/D-043-dekoratif_182.jpg,D:\DISERTASI_S3\WIWIK\DATASET_L2\EndekGAN\EndekGAN_Dataset\dekoratif\D-043-dekoratif_182.jpg,dekoratif,2,9dec3d2ecc7706fe556359392f758eac,Motif Endek Dekoratif berbasis kombinasi unsur lama dan unsur baru dalam ragam hias Endek,kombinasi unsur lama dan unsur baru dalam ragam hias Endek,stilasi,pola acak terkontrol,klimaks visual yang jelas; keseimbangan visual; kesatuan ornamen,"warna biru, hitam, dan putih dengan kontras kuat",mempertahankan karakter tekstur tenun ikat tradisional,memadukan unsur lama dan unsur baru secara kreatif,"Motif Endek Dekoratif berbasis kombinasi unsur lama dan unsur baru dalam ragam hias Endek. Desain kain Endek Bali bertema dekoratif yang terinspirasi dari kombinasi unsur lama dan unsur baru dalam ragam hias Endek. Motif dibuat menggunakan teknik stilasi, yaitu penggayaan bentuk asli menjadi ornamen dekoratif dengan tetap mempertahankan ciri utama objek sumber. Tata letak menggunakan pola acak terkontrol, dengan klimaks visual yang jelas, keseimbangan visual, dan kesatuan ornamen. Pewarnaan memakai warna biru, hitam, dan putih dengan kontras kuat. Desain harus mempertahankan karakter tekstur tenun ikat tradisional, tetap mempertahankan tekstur tenun ikat tradisional, dan memadukan unsur lama dan unsur baru secara kreatif."
dekoratif/D-044-dekoratif_220.jpg,D:\DISERTASI_S3\WIWIK\DATASET_L2\EndekGAN\EndekGAN_Dataset\dekoratif\D-044-dekoratif_220.jpg,dekoratif,2,31aed10502928c1fff2c9732b09ce92e,Motif Endek Dekoratif berbasis hiasan dekoratif dengan komposisi simetris,hiasan dekoratif dengan komposisi simetris,stilasi,pola ulang himpunan,kesatuan ornamen; irama repetitif; kesatuan ornamen,"warna biru, hitam, dan putih dengan kontras kuat",mempertahankan karakter tekstur tenun ikat tradisional,memadukan unsur lama dan unsur baru secara kreatif,"Motif Endek Dekoratif berbasis hiasan dekoratif dengan komposisi simetris. Desain kain Endek Bali bertema dekoratif yang terinspirasi dari hiasan dekoratif dengan komposisi simetris. Motif dibuat menggunakan teknik stilasi, yaitu penggayaan bentuk asli menjadi ornamen dekoratif dengan tetap mempertahankan ciri utama objek sumber. Tata letak menggunakan pola ulang himpunan, dengan kesatuan ornamen, irama repetitif, dan kesatuan ornamen. Pewarnaan memakai warna biru, hitam, dan putih dengan kontras kuat. Desain harus mempertahankan karakter tekstur tenun ikat tradisional, tetap mempertahankan tekstur tenun ikat tradisional, dan memadukan unsur lama dan unsur baru secara kreatif."
dekoratif/D-045-dekoratif_241.jpg,D:\DISERTASI_S3\WIWIK\DATASET_L2\EndekGAN\EndekGAN_Dataset\dekoratif\D-045-dekoratif_241.jpg,dekoratif,2,f5ddf729e77d882a521427993cdc8568,"Motif Endek Dekoratif berbasis paduan garis, titik, sulur, dan ornamen pinggir","paduan garis, titik, sulur, dan ornamen pinggir",distorsi,pola tunggal,irama repetitif; kontras bentuk dan warna; kesatuan ornamen,"warna coklat, krem, dan emas bernuansa tradisional",motif tetap terbaca pada skala benang,menjaga kesakralan dan kepantasan motif,"Motif Endek Dekoratif berbasis paduan garis, titik, sulur, dan ornamen pinggir. Desain kain Endek Bali bertema dekoratif yang terinspirasi dari paduan garis, titik, sulur, dan ornamen pinggir. Motif dibuat menggunakan teknik distorsi, yaitu perubahan bentuk dengan penekanan atau pelebaran proporsi untuk menghasilkan karakter visual yang lebih ekspresif. Tata letak menggunakan pola tunggal, dengan irama repetitif, kontras bentuk dan warna, dan kesatuan ornamen. Pewarnaan memakai warna coklat, krem, dan emas bernuansa tradisional. Desain harus motif tetap terbaca pada skala benang, tetap mempertahankan tekstur tenun ikat tradisional, dan menjaga kesakralan dan kepantasan motif."
dekoratif/D-046-dekoratif_211.jpg,D:\DISERTASI_S3\WIWIK\DATASET_L2\EndekGAN\EndekGAN_Dataset\dekoratif\D-046-dekoratif_211.jpg,dekoratif,2,f9091ebd24b61fba79ef00e8b56e2200,Motif Endek Dekoratif berbasis ornamen tradisional Bali dengan unsur hias klasik,ornamen tradisional Bali dengan unsur hias klasik,distorsi,pola ulang menyeluruh,irama repetitif; proporsi seimbang; kesatuan ornamen,warna merah dan emas yang kontras,motif tetap terbaca pada skala benang,menjaga kesakralan dan kepantasan motif,"Motif Endek Dekoratif berbasis ornamen tradisional Bali dengan unsur hias klasik. Desain kain Endek Bali bertema dekoratif yang terinspirasi dari ornamen tradisional Bali dengan unsur hias klasik. Motif dibuat menggunakan teknik distorsi, yaitu perubahan bentuk dengan penekanan atau pelebaran proporsi untuk menghasilkan karakter visual yang lebih ekspresif. Tata letak menggunakan pola ulang menyeluruh, dengan irama repetitif, proporsi seimbang, dan kesatuan ornamen. Pewarnaan memakai warna merah dan emas yang kontras. Desain harus motif tetap terbaca pada skala benang, tetap mempertahankan tekstur tenun ikat tradisional, dan menjaga kesakralan dan kepantasan motif."
dekoratif/D-047-dekoratif_223.jpg,D:\DISERTASI_S3\WIWIK\DATASET_L2\EndekGAN\EndekGAN_Dataset\dekoratif\D-047-dekoratif_223.jpg,dekoratif,2,71f004997de02a846145ef440b4d160a,Motif Endek Dekoratif berbasis kombinasi unsur lama dan unsur baru dalam ragam hias Endek,kombinasi unsur lama dan unsur baru dalam ragam hias Endek,deformasi,pola ulang himpunan,kesatuan ornamen; irama repetitif; kesatuan ornamen,"warna coklat, krem, dan emas bernuansa tradisional",struktur ornamen tidak terlalu rapat sehingga dapat diendekkan,"mengutamakan nilai estetika, fungsi, dan identitas lokal Endek Bali","Motif Endek Dekoratif berbasis kombinasi unsur lama dan unsur baru dalam ragam hias Endek. Desain kain Endek Bali bertema dekoratif yang terinspirasi dari kombinasi unsur lama dan unsur baru dalam ragam hias Endek. Motif dibuat menggunakan teknik deformasi, yaitu penyederhanaan struktur dan proporsi bentuk asli menjadi bentuk baru yang lebih dekoratif. Tata letak menggunakan pola ulang himpunan, dengan kesatuan ornamen, irama repetitif, dan kesatuan ornamen. Pewarnaan memakai warna coklat, krem, dan emas bernuansa tradisional. Desain harus struktur ornamen tidak terlalu rapat sehingga dapat diendekkan, tetap mempertahankan tekstur tenun ikat tradisional, dan mengutamakan nilai estetika, fungsi, dan identitas lokal Endek Bali."
dekoratif/D-048-dekoratif_81.jpg,D:\DISERTASI_S3\WIWIK\DATASET_L2\EndekGAN\EndekGAN_Dataset\dekoratif\D-048-dekoratif_81.jpg,dekoratif,2,869956a1ee79a7b5c9644d7639e3fee4,Motif Endek Dekoratif berbasis ornamen tradisional Bali dengan unsur hias klasik,ornamen tradisional Bali dengan unsur hias klasik,stilasi,pola acak terkontrol,irama repetitif; kontras bentuk dan warna; kesatuan ornamen,warna cerah khas kain upacara Bali,struktur ornamen tidak terlalu rapat sehingga dapat diendekkan,"mengutamakan nilai estetika, fungsi, dan identitas lokal Endek Bali","Motif Endek Dekoratif berbasis ornamen tradisional Bali dengan unsur hias klasik. Desain kain Endek Bali bertema dekoratif yang terinspirasi dari ornamen tradisional Bali dengan unsur hias klasik. Motif dibuat menggunakan teknik stilasi, yaitu penggayaan bentuk asli menjadi ornamen dekoratif dengan tetap mempertahankan ciri utama objek sumber. Tata letak menggunakan pola acak terkontrol, dengan irama repetitif, kontras bentuk dan warna, dan kesatuan ornamen. Pewarnaan memakai warna cerah khas kain upacara Bali. Desain harus struktur ornamen tidak terlalu rapat sehingga dapat diendekkan, tetap mempertahankan tekstur tenun ikat tradisional, dan mengutamakan nilai estetika, fungsi, dan identitas lokal Endek Bali."
dekoratif/D-049-dekoratif_106.jpg,D:\DISERTASI_S3\WIWIK\DATASET_L2\EndekGAN\EndekGAN_Dataset\dekoratif\D-049-dekoratif_106.jpg,dekoratif,2,e5dc5c800affacbd9d1d3e8536dd37b8,Motif Endek Dekoratif berbasis ornamen tradisional Bali dengan unsur hias klasik,ornamen tradisional Bali dengan unsur hias klasik,distorsi,pola tunggal,kesatuan ornamen; irama repetitif; kesatuan ornamen,warna merah dan emas yang kontras,layak diterapkan pada proses ikat tenun Endek,digunakan dalam konteks budaya Bali,"Motif Endek Dekoratif berbasis ornamen tradisional Bali dengan unsur hias klasik. Desain kain Endek Bali bertema dekoratif yang terinspirasi dari ornamen tradisional Bali dengan unsur hias klasik. Motif dibuat menggunakan teknik distorsi, yaitu perubahan bentuk dengan penekanan atau pelebaran proporsi untuk menghasilkan karakter visual yang lebih ekspresif. Tata letak menggunakan pola tunggal, dengan kesatuan ornamen, irama repetitif, dan kesatuan ornamen. Pewarnaan memakai warna merah dan emas yang kontras. Desain harus layak diterapkan pada proses ikat tenun Endek, tetap mempertahankan tekstur tenun ikat tradisional, dan digunakan dalam konteks budaya Bali."
dekoratif/D-050-dekoratif_93.jpg,D:\DISERTASI_S3\WIWIK\DATASET_L2\EndekGAN\EndekGAN_Dataset\dekoratif\D-050-dekoratif_93.jpg,dekoratif,2,d0221f93b2eefb82333c76a29bd485ac,Motif Endek Dekoratif berbasis kombinasi unsur lama dan unsur baru dalam ragam hias Endek,kombinasi unsur lama dan unsur baru dalam ragam hias Endek,deformasi,pola acak terkontrol,kesatuan ornamen; keseimbangan visual; kesatuan ornamen,warna merah dan emas yang kontras,layak diterapkan pada proses ikat tenun Endek,memadukan unsur lama dan unsur baru secara kreatif,"Motif Endek Dekoratif berbasis kombinasi unsur lama dan unsur baru dalam ragam hias Endek. Desain kain Endek Bali bertema dekoratif yang terinspirasi dari kombinasi unsur lama dan unsur baru dalam ragam hias Endek. Motif dibuat menggunakan teknik deformasi, yaitu penyederhanaan struktur dan proporsi bentuk asli menjadi bentuk baru yang lebih dekoratif. Tata letak menggunakan pola acak terkontrol, dengan kesatuan ornamen, keseimbangan visual, dan kesatuan ornamen. Pewarnaan memakai warna merah dan emas yang kontras. Desain harus layak diterapkan pada proses ikat tenun Endek, tetap mempertahankan tekstur tenun ikat tradisional, dan memadukan unsur lama dan unsur baru secara kreatif."
dekoratif/D-051-dekoratif_125.jpg,D:\DISERTASI_S3\WIWIK\DATASET_L2\EndekGAN\EndekGAN_Dataset\dekoratif\D-051-dekoratif_125.jpg,dekoratif,2,344cbd8af8682572f487a0d1e7268eae,Motif Endek Dekoratif berbasis kombinasi unsur lama dan unsur baru dalam ragam hias Endek,kombinasi unsur lama dan unsur baru dalam ragam hias Endek,distorsi,pola ulang himpunan,keseimbangan visual; irama repetitif; kesatuan ornamen,"warna biru, hitam, dan putih dengan kontras kuat",motif tetap terbaca pada skala benang,digunakan dalam konteks budaya Bali,"Motif Endek Dekoratif berbasis kombinasi unsur lama dan unsur baru dalam ragam hias Endek. Desain kain Endek Bali bertema dekoratif yang terinspirasi dari kombinasi unsur lama dan unsur baru dalam ragam hias Endek. Motif dibuat menggunakan teknik distorsi, yaitu perubahan bentuk dengan penekanan atau pelebaran proporsi untuk menghasilkan karakter visual yang lebih ekspresif. Tata letak menggunakan pola ulang himpunan, dengan keseimbangan visual, irama repetitif, dan kesatuan ornamen. Pewarnaan memakai warna biru, hitam, dan putih dengan kontras kuat. Desain harus motif tetap terbaca pada skala benang, tetap mempertahankan tekstur tenun ikat tradisional, dan digunakan dalam konteks budaya Bali."
dekoratif/D-052-dekoratif_114.jpg,D:\DISERTASI_S3\WIWIK\DATASET_L2\EndekGAN\EndekGAN_Dataset\dekoratif\D-052-dekoratif_114.jpg,dekoratif,2,c5c8dce2397d77468c225e03e22548bf,"Motif Endek Dekoratif berbasis paduan garis, titik, sulur, dan ornamen pinggir","paduan garis, titik, sulur, dan ornamen pinggir",distorsi,pola ulang himpunan,irama repetitif; irama repetitif; kesatuan ornamen,"warna biru, hitam, dan putih dengan kontras kuat",motif tetap terbaca pada skala benang,"mengutamakan nilai estetika, fungsi, dan identitas lokal Endek Bali","Motif Endek Dekoratif berbasis paduan garis, titik, sulur, dan ornamen pinggir. Desain kain Endek Bali bertema dekoratif yang terinspirasi dari paduan garis, titik, sulur, dan ornamen pinggir. Motif dibuat menggunakan teknik distorsi, yaitu perubahan bentuk dengan penekanan atau pelebaran proporsi untuk menghasilkan karakter visual yang lebih ekspresif. Tata letak menggunakan pola ulang himpunan, dengan irama repetitif, irama repetitif, dan kesatuan ornamen. Pewarnaan memakai warna biru, hitam, dan putih dengan kontras kuat. Desain harus motif tetap terbaca pada skala benang, tetap mempertahankan tekstur tenun ikat tradisional, dan mengutamakan nilai estetika, fungsi, dan identitas lokal Endek Bali."
dekoratif/D-053-dekoratif_147.jpg,D:\DISERTASI_S3\WIWIK\DATASET_L2\EndekGAN\EndekGAN_Dataset\dekoratif\D-053-dekoratif_147.jpg,dekoratif,2,3102d5014bf7b25da9c30b93189735f0,Motif Endek Dekoratif berbasis ornamen tradisional Bali dengan unsur hias klasik,ornamen tradisional Bali dengan unsur hias klasik,distorsi,pola acak terkontrol,kontras bentuk dan warna; proporsi seimbang; kesatuan ornamen,"warna coklat, krem, dan emas bernuansa tradisional",layak diterapkan pada proses ikat tenun Endek,digunakan dalam konteks budaya Bali,"Motif Endek Dekoratif berbasis ornamen tradisional Bali dengan unsur hias klasik. Desain kain Endek Bali bertema dekoratif yang terinspirasi dari ornamen tradisional Bali dengan unsur hias klasik. Motif dibuat menggunakan teknik distorsi, yaitu perubahan bentuk dengan penekanan atau pelebaran proporsi untuk menghasilkan karakter visual yang lebih ekspresif. Tata letak menggunakan pola acak terkontrol, dengan kontras bentuk dan warna, proporsi seimbang, dan kesatuan ornamen. Pewarnaan memakai warna coklat, krem, dan emas bernuansa tradisional. Desain harus layak diterapkan pada proses ikat tenun Endek, tetap mempertahankan tekstur tenun ikat tradisional, dan digunakan dalam konteks budaya Bali."
dekoratif/D-054-dekoratif_109.jpg,D:\DISERTASI_S3\WIWIK\DATASET_L2\EndekGAN\EndekGAN_Dataset\dekoratif\D-054-dekoratif_109.jpg,dekoratif,2,98a40766f14c40da90b0ce2e630182c9,Motif Endek Dekoratif berbasis ornamen tradisional Bali dengan unsur hias klasik,ornamen tradisional Bali dengan unsur hias klasik,stilasi,pola ulang himpunan,kesatuan ornamen; kontras bentuk dan warna; kesatuan ornamen,"warna biru, hitam, dan putih dengan kontras kuat","mempertimbangkan jarak antar ikatan minimal 0,5 cm agar warna celupan dapat masuk",memadukan unsur lama dan unsur baru secara kreatif,"Motif Endek Dekoratif berbasis ornamen tradisional Bali dengan unsur hias klasik. Desain kain Endek Bali bertema dekoratif yang terinspirasi dari ornamen tradisional Bali dengan unsur hias klasik. Motif dibuat menggunakan teknik stilasi, yaitu penggayaan bentuk asli menjadi ornamen dekoratif dengan tetap mempertahankan ciri utama objek sumber. Tata letak menggunakan pola ulang himpunan, dengan kesatuan ornamen, kontras bentuk dan warna, dan kesatuan ornamen. Pewarnaan memakai warna biru, hitam, dan putih dengan kontras kuat. Desain harus mempertimbangkan jarak antar ikatan minimal 0,5 cm agar warna celupan dapat masuk, tetap mempertahankan tekstur tenun ikat tradisional, dan memadukan unsur lama dan unsur baru secara kreatif."
dekoratif/D-055-dekoratif_96.jpg,D:\DISERTASI_S3\WIWIK\DATASET_L2\EndekGAN\EndekGAN_Dataset\dekoratif\D-055-dekoratif_96.jpg,dekoratif,2,a63a63281d9e022469818c6f7db50cad,Motif Endek Dekoratif berbasis hiasan dekoratif dengan komposisi simetris,hiasan dekoratif dengan komposisi simetris,deformasi,pola acak terkontrol,keseimbangan visual; kontras bentuk dan warna; kesatuan ornamen,warna merah dan emas yang kontras,struktur ornamen tidak terlalu rapat sehingga dapat diendekkan,memadukan unsur lama dan unsur baru secara kreatif,"Motif Endek Dekoratif berbasis hiasan dekoratif dengan komposisi simetris. Desain kain Endek Bali bertema dekoratif yang terinspirasi dari hiasan dekoratif dengan komposisi simetris. Motif dibuat menggunakan teknik deformasi, yaitu penyederhanaan struktur dan proporsi bentuk asli menjadi bentuk baru yang lebih dekoratif. Tata letak menggunakan pola acak terkontrol, dengan keseimbangan visual, kontras bentuk dan warna, dan kesatuan ornamen. Pewarnaan memakai warna merah dan emas yang kontras. Desain harus struktur ornamen tidak terlalu rapat sehingga dapat diendekkan, tetap mempertahankan tekstur tenun ikat tradisional, dan memadukan unsur lama dan unsur baru secara kreatif."
dekoratif/D-056-dekoratif_83.jpg,D:\DISERTASI_S3\WIWIK\DATASET_L2\EndekGAN\EndekGAN_Dataset\dekoratif\D-056-dekoratif_83.jpg,dekoratif,2,566d8e8f8c7b719d2408b95712092813,"Motif Endek Dekoratif berbasis paduan garis, titik, sulur, dan ornamen pinggir","paduan garis, titik, sulur, dan ornamen pinggir",stilasi,pola acak terkontrol,proporsi seimbang; irama repetitif; kesatuan ornamen,warna cerah khas kain upacara Bali,struktur ornamen tidak terlalu rapat sehingga dapat diendekkan,digunakan dalam konteks budaya Bali,"Motif Endek Dekoratif berbasis paduan garis, titik, sulur, dan ornamen pinggir. Desain kain Endek Bali bertema dekoratif yang terinspirasi dari paduan garis, titik, sulur, dan ornamen pinggir. Motif dibuat menggunakan teknik stilasi, yaitu penggayaan bentuk asli menjadi ornamen dekoratif dengan tetap mempertahankan ciri utama objek sumber. Tata letak menggunakan pola acak terkontrol, dengan proporsi seimbang, irama repetitif, dan kesatuan ornamen. Pewarnaan memakai warna cerah khas kain upacara Bali. Desain harus struktur ornamen tidak terlalu rapat sehingga dapat diendekkan, tetap mempertahankan tekstur tenun ikat tradisional, dan digunakan dalam konteks budaya Bali."
dekoratif/D-057-dekoratif_110.jpg,D:\DISERTASI_S3\WIWIK\DATASET_L2\EndekGAN\EndekGAN_Dataset\dekoratif\D-057-dekoratif_110.jpg,dekoratif,2,af2946d0919b00541c5c8afbdbf04914,Motif Endek Dekoratif berbasis kombinasi unsur lama dan unsur baru dalam ragam hias Endek,kombinasi unsur lama dan unsur baru dalam ragam hias Endek,deformasi,pola ulang menyeluruh,irama repetitif; klimaks visual yang jelas; kesatuan ornamen,warna cerah khas kain upacara Bali,layak diterapkan pada proses ikat tenun Endek,menjaga kesakralan dan kepantasan motif,"Motif Endek Dekoratif berbasis kombinasi unsur lama dan unsur baru dalam ragam hias Endek. Desain kain Endek Bali bertema dekoratif yang terinspirasi dari kombinasi unsur lama dan unsur baru dalam ragam hias Endek. Motif dibuat menggunakan teknik deformasi, yaitu penyederhanaan struktur dan proporsi bentuk asli menjadi bentuk baru yang lebih dekoratif. Tata letak menggunakan pola ulang menyeluruh, dengan irama repetitif, klimaks visual yang jelas, dan kesatuan ornamen. Pewarnaan memakai warna cerah khas kain upacara Bali. Desain harus layak diterapkan pada proses ikat tenun Endek, tetap mempertahankan tekstur tenun ikat tradisional, dan menjaga kesakralan dan kepantasan motif."
dekoratif/D-058-dekoratif_70.jpg,D:\DISERTASI_S3\WIWIK\DATASET_L2\EndekGAN\EndekGAN_Dataset\dekoratif\D-058-dekoratif_70.jpg,dekoratif,2,b1e373ad4eb5d776cbf0c1c3182213cc,Motif Endek Dekoratif berbasis hiasan dekoratif dengan komposisi simetris,hiasan dekoratif dengan komposisi simetris,distorsi,pola ulang menyeluruh,keseimbangan visual; keseimbangan visual; kesatuan ornamen,warna hijau dan kuning yang harmonis,layak diterapkan pada proses ikat tenun Endek,digunakan dalam konteks budaya Bali,"Motif Endek Dekoratif berbasis hiasan dekoratif dengan komposisi simetris. Desain kain Endek Bali bertema dekoratif yang terinspirasi dari hiasan dekoratif dengan komposisi simetris. Motif dibuat menggunakan teknik distorsi, yaitu perubahan bentuk dengan penekanan atau pelebaran proporsi untuk menghasilkan karakter visual yang lebih ekspresif. Tata letak menggunakan pola ulang menyeluruh, dengan keseimbangan visual, keseimbangan visual, dan kesatuan ornamen. Pewarnaan memakai warna hijau dan kuning yang harmonis. Desain harus layak diterapkan pada proses ikat tenun Endek, tetap mempertahankan tekstur tenun ikat tradisional, dan digunakan dalam konteks budaya Bali."
dekoratif/D-059-dekoratif_112.jpg,D:\DISERTASI_S3\WIWIK\DATASET_L2\EndekGAN\EndekGAN_Dataset\dekoratif\D-059-dekoratif_112.jpg,dekoratif,2,3fb9f1f1c7ca705acdbb9be61a51a561,"Motif Endek Dekoratif berbasis paduan garis, titik, sulur, dan ornamen pinggir","paduan garis, titik, sulur, dan ornamen pinggir",stilasi,pola acak terkontrol,irama repetitif; keseimbangan visual; kesatuan ornamen,warna hijau dan kuning yang harmonis,struktur ornamen tidak terlalu rapat sehingga dapat diendekkan,"mengutamakan nilai estetika, fungsi, dan identitas lokal Endek Bali","Motif Endek Dekoratif berbasis paduan garis, titik, sulur, dan ornamen pinggir. Desain kain Endek Bali bertema dekoratif yang terinspirasi dari paduan garis, titik, sulur, dan ornamen pinggir. Motif dibuat menggunakan teknik stilasi, yaitu penggayaan bentuk asli menjadi ornamen dekoratif dengan tetap mempertahankan ciri utama objek sumber. Tata letak menggunakan pola acak terkontrol, dengan irama repetitif, keseimbangan visual, dan kesatuan ornamen. Pewarnaan memakai warna hijau dan kuning yang harmonis. Desain harus struktur ornamen tidak terlalu rapat sehingga dapat diendekkan, tetap mempertahankan tekstur tenun ikat tradisional, dan mengutamakan nilai estetika, fungsi, dan identitas lokal Endek Bali."
dekoratif/D-060-dekoratif_119.jpg,D:\DISERTASI_S3\WIWIK\DATASET_L2\EndekGAN\EndekGAN_Dataset\dekoratif\D-060-dekoratif_119.jpg,dekoratif,2,b9da10a74c8a57762f08fee7f47e274c,"Motif Endek Dekoratif berbasis paduan garis, titik, sulur, dan ornamen pinggir","paduan garis, titik, sulur, dan ornamen pinggir",stilasi,pola tunggal,klimaks visual yang jelas; keseimbangan visual; kesatuan ornamen,"warna coklat, krem, dan emas bernuansa tradisional","mempertimbangkan jarak antar ikatan minimal 0,5 cm agar warna celupan dapat masuk",menjaga kesakralan dan kepantasan motif,"Motif Endek Dekoratif berbasis paduan garis, titik, sulur, dan ornamen pinggir. Desain kain Endek Bali bertema dekoratif yang terinspirasi dari paduan garis, titik, sulur, dan ornamen pinggir. Motif dibuat menggunakan teknik stilasi, yaitu penggayaan bentuk asli menjadi ornamen dekoratif dengan tetap mempertahankan ciri utama objek sumber. Tata letak menggunakan pola tunggal, dengan klimaks visual yang jelas, keseimbangan visual, dan kesatuan ornamen. Pewarnaan memakai warna coklat, krem, dan emas bernuansa tradisional. Desain harus mempertimbangkan jarak antar ikatan minimal 0,5 cm agar warna celupan dapat masuk, tetap mempertahankan tekstur tenun ikat tradisional, dan menjaga kesakralan dan kepantasan motif."
dekoratif/D-061-dekoratif_67.jpg,D:\DISERTASI_S3\WIWIK\DATASET_L2\EndekGAN\EndekGAN_Dataset\dekoratif\D-061-dekoratif_67.jpg,dekoratif,2,9225c359906a35314acc15a326c3c7e6,Motif Endek Dekoratif berbasis ornamen tradisional Bali dengan unsur hias klasik,ornamen tradisional Bali dengan unsur hias klasik,deformasi,pola ulang menyeluruh,proporsi seimbang; keseimbangan visual; kesatuan ornamen,warna cerah khas kain upacara Bali,struktur ornamen tidak terlalu rapat sehingga dapat diendekkan,memadukan unsur lama dan unsur baru secara kreatif,"Motif Endek Dekoratif berbasis ornamen tradisional Bali dengan unsur hias klasik. Desain kain Endek Bali bertema dekoratif yang terinspirasi dari ornamen tradisional Bali dengan unsur hias klasik. Motif dibuat menggunakan teknik deformasi, yaitu penyederhanaan struktur dan proporsi bentuk asli menjadi bentuk baru yang lebih dekoratif. Tata letak menggunakan pola ulang menyeluruh, dengan proporsi seimbang, keseimbangan visual, dan kesatuan ornamen. Pewarnaan memakai warna cerah khas kain upacara Bali. Desain harus struktur ornamen tidak terlalu rapat sehingga dapat diendekkan, tetap mempertahankan tekstur tenun ikat tradisional, dan memadukan unsur lama dan unsur baru secara kreatif."
dekoratif/D-062-dekoratif_84.jpg,D:\DISERTASI_S3\WIWIK\DATASET_L2\EndekGAN\EndekGAN_Dataset\dekoratif\D-062-dekoratif_84.jpg,dekoratif,2,d932090a0775a9cfd1ef23a6ae349513,Motif Endek Dekoratif berbasis ornamen tradisional Bali dengan unsur hias klasik,ornamen tradisional Bali dengan unsur hias klasik,deformasi,pola acak terkontrol,kontras bentuk dan warna; kontras bentuk dan warna; kesatuan ornamen,"warna coklat, krem, dan emas bernuansa tradisional",mempertahankan karakter tekstur tenun ikat tradisional,"mengutamakan nilai estetika, fungsi, dan identitas lokal Endek Bali","Motif Endek Dekoratif berbasis ornamen tradisional Bali dengan unsur hias klasik. Desain kain Endek Bali bertema dekoratif yang terinspirasi dari ornamen tradisional Bali dengan unsur hias klasik. Motif dibuat menggunakan teknik deformasi, yaitu penyederhanaan struktur dan proporsi bentuk asli menjadi bentuk baru yang lebih dekoratif. Tata letak menggunakan pola acak terkontrol, dengan kontras bentuk dan warna, kontras bentuk dan warna, dan kesatuan ornamen. Pewarnaan memakai warna coklat, krem, dan emas bernuansa tradisional. Desain harus mempertahankan karakter tekstur tenun ikat tradisional, tetap mempertahankan tekstur tenun ikat tradisional, dan mengutamakan nilai estetika, fungsi, dan identitas lokal Endek Bali."
dekoratif/D-063-dekoratif_132.jpg,D:\DISERTASI_S3\WIWIK\DATASET_L2\EndekGAN\EndekGAN_Dataset\dekoratif\D-063-dekoratif_132.jpg,dekoratif,2,7a190e07556523913bf000d8a24f81aa,Motif Endek Dekoratif berbasis ornamen tradisional Bali dengan unsur hias klasik,ornamen tradisional Bali dengan unsur hias klasik,stilasi,pola acak terkontrol,kontras bentuk dan warna; kesatuan ornamen; kesatuan ornamen,"warna coklat, krem, dan emas bernuansa tradisional",struktur ornamen tidak terlalu rapat sehingga dapat diendekkan,"mengutamakan nilai estetika, fungsi, dan identitas lokal Endek Bali","Motif Endek Dekoratif berbasis ornamen tradisional Bali dengan unsur hias klasik. Desain kain Endek Bali bertema dekoratif yang terinspirasi dari ornamen tradisional Bali dengan unsur hias klasik. Motif dibuat menggunakan teknik stilasi, yaitu penggayaan bentuk asli menjadi ornamen dekoratif dengan tetap mempertahankan ciri utama objek sumber. Tata letak menggunakan pola acak terkontrol, dengan kontras bentuk dan warna, kesatuan ornamen, dan kesatuan ornamen. Pewarnaan memakai warna coklat, krem, dan emas bernuansa tradisional. Desain harus struktur ornamen tidak terlalu rapat sehingga dapat diendekkan, tetap mempertahankan tekstur tenun ikat tradisional, dan mengutamakan nilai estetika, fungsi, dan identitas lokal Endek Bali."
dekoratif/D-064-dekoratif_151.jpg,D:\DISERTASI_S3\WIWIK\DATASET_L2\EndekGAN\EndekGAN_Dataset\dekoratif\D-064-dekoratif_151.jpg,dekoratif,2,f9fe5a00a53f030ac8133a3b403dfe54,Motif Endek Dekoratif berbasis hiasan dekoratif dengan komposisi simetris,hiasan dekoratif dengan komposisi simetris,stilasi,pola ulang himpunan,klimaks visual yang jelas; kesatuan ornamen; kesatuan ornamen,warna merah dan emas yang kontras,motif tetap terbaca pada skala benang,menjaga kesakralan dan kepantasan motif,"Motif Endek Dekoratif berbasis hiasan dekoratif dengan komposisi simetris. Desain kain Endek Bali bertema dekoratif yang terinspirasi dari hiasan dekoratif dengan komposisi simetris. Motif dibuat menggunakan teknik stilasi, yaitu penggayaan bentuk asli menjadi ornamen dekoratif dengan tetap mempertahankan ciri utama objek sumber. Tata letak menggunakan pola ulang himpunan, dengan klimaks visual yang jelas, kesatuan ornamen, dan kesatuan ornamen. Pewarnaan memakai warna merah dan emas yang kontras. Desain harus motif tetap terbaca pada skala benang, tetap mempertahankan tekstur tenun ikat tradisional, dan menjaga kesakralan dan kepantasan motif."
dekoratif/D-065-dekoratif_73.jpg,D:\DISERTASI_S3\WIWIK\DATASET_L2\EndekGAN\EndekGAN_Dataset\dekoratif\D-065-dekoratif_73.jpg,dekoratif,2,46aa11a1c61f9c3c6e5085f5dbb260ce,"Motif Endek Dekoratif berbasis paduan garis, titik, sulur, dan ornamen pinggir","paduan garis, titik, sulur, dan ornamen pinggir",stilasi,pola acak terkontrol,proporsi seimbang; kontras bentuk dan warna; kesatuan ornamen,"warna coklat, krem, dan emas bernuansa tradisional",struktur ornamen tidak terlalu rapat sehingga dapat diendekkan,"mengutamakan nilai estetika, fungsi, dan identitas lokal Endek Bali","Motif Endek Dekoratif berbasis paduan garis, titik, sulur, dan ornamen pinggir. Desain kain Endek Bali bertema dekoratif yang terinspirasi dari paduan garis, titik, sulur, dan ornamen pinggir. Motif dibuat menggunakan teknik stilasi, yaitu penggayaan bentuk asli menjadi ornamen dekoratif dengan tetap mempertahankan ciri utama objek sumber. Tata letak menggunakan pola acak terkontrol, dengan proporsi seimbang, kontras bentuk dan warna, dan kesatuan ornamen. Pewarnaan memakai warna coklat, krem, dan emas bernuansa tradisional. Desain harus struktur ornamen tidak terlalu rapat sehingga dapat diendekkan, tetap mempertahankan tekstur tenun ikat tradisional, dan mengutamakan nilai estetika, fungsi, dan identitas lokal Endek Bali."
dekoratif/D-066-dekoratif_142.jpg,D:\DISERTASI_S3\WIWIK\DATASET_L2\EndekGAN\EndekGAN_Dataset\dekoratif\D-066-dekoratif_142.jpg,dekoratif,2,eea9319ec44a31c7932dcd8879ac8de3,Motif Endek Dekoratif berbasis hiasan dekoratif dengan komposisi simetris,hiasan dekoratif dengan komposisi simetris,deformasi,pola ulang menyeluruh,keseimbangan visual; klimaks visual yang jelas; kesatuan ornamen,"warna biru, hitam, dan putih dengan kontras kuat","mempertimbangkan jarak antar ikatan minimal 0,5 cm agar warna celupan dapat masuk","mengutamakan nilai estetika, fungsi, dan identitas lokal Endek Bali","Motif Endek Dekoratif berbasis hiasan dekoratif dengan komposisi simetris. Desain kain Endek Bali bertema dekoratif yang terinspirasi dari hiasan dekoratif dengan komposisi simetris. Motif dibuat menggunakan teknik deformasi, yaitu penyederhanaan struktur dan proporsi bentuk asli menjadi bentuk baru yang lebih dekoratif. Tata letak menggunakan pola ulang menyeluruh, dengan keseimbangan visual, klimaks visual yang jelas, dan kesatuan ornamen. Pewarnaan memakai warna biru, hitam, dan putih dengan kontras kuat. Desain harus mempertimbangkan jarak antar ikatan minimal 0,5 cm agar warna celupan dapat masuk, tetap mempertahankan tekstur tenun ikat tradisional, dan mengutamakan nilai estetika, fungsi, dan identitas lokal Endek Bali."
dekoratif/D-067-dekoratif_135.jpg,D:\DISERTASI_S3\WIWIK\DATASET_L2\EndekGAN\EndekGAN_Dataset\dekoratif\D-067-dekoratif_135.jpg,dekoratif,2,85004f82429609151c56170411d67c16,"Motif Endek Dekoratif berbasis paduan garis, titik, sulur, dan ornamen pinggir","paduan garis, titik, sulur, dan ornamen pinggir",distorsi,pola tunggal,klimaks visual yang jelas; kesatuan ornamen; kesatuan ornamen,warna cerah khas kain upacara Bali,struktur ornamen tidak terlalu rapat sehingga dapat diendekkan,memadukan unsur lama dan unsur baru secara kreatif,"Motif Endek Dekoratif berbasis paduan garis, titik, sulur, dan ornamen pinggir. Desain kain Endek Bali bertema dekoratif yang terinspirasi dari paduan garis, titik, sulur, dan ornamen pinggir. Motif dibuat menggunakan teknik distorsi, yaitu perubahan bentuk dengan penekanan atau pelebaran proporsi untuk menghasilkan karakter visual yang lebih ekspresif. Tata letak menggunakan pola tunggal, dengan klimaks visual yang jelas, kesatuan ornamen, dan kesatuan ornamen. Pewarnaan memakai warna cerah khas kain upacara Bali. Desain harus struktur ornamen tidak terlalu rapat sehingga dapat diendekkan, tetap mempertahankan tekstur tenun ikat tradisional, dan memadukan unsur lama dan unsur baru secara kreatif."
dekoratif/D-068-dekoratif_128.jpg,D:\DISERTASI_S3\WIWIK\DATASET_L2\EndekGAN\EndekGAN_Dataset\dekoratif\D-068-dekoratif_128.jpg,dekoratif,2,7632d976d3891b420c2e144345fb958a,"Motif Endek Dekoratif berbasis paduan garis, titik, sulur, dan ornamen pinggir","paduan garis, titik, sulur, dan ornamen pinggir",deformasi,pola ulang menyeluruh,kontras bentuk dan warna; keseimbangan visual; kesatuan ornamen,warna hijau dan kuning yang harmonis,mempertahankan karakter tekstur tenun ikat tradisional,memadukan unsur lama dan unsur baru secara kreatif,"Motif Endek Dekoratif berbasis paduan garis, titik, sulur, dan ornamen pinggir. Desain kain Endek Bali bertema dekoratif yang terinspirasi dari paduan garis, titik, sulur, dan ornamen pinggir. Motif dibuat menggunakan teknik deformasi, yaitu penyederhanaan struktur dan proporsi bentuk asli menjadi bentuk baru yang lebih dekoratif. Tata letak menggunakan pola ulang menyeluruh, dengan kontras bentuk dan warna, keseimbangan visual, dan kesatuan ornamen. Pewarnaan memakai warna hijau dan kuning yang harmonis. Desain harus mempertahankan karakter tekstur tenun ikat tradisional, tetap mempertahankan tekstur tenun ikat tradisional, dan memadukan unsur lama dan unsur baru secara kreatif."
dekoratif/D-069-dekoratif_80.jpg,D:\DISERTASI_S3\WIWIK\DATASET_L2\EndekGAN\EndekGAN_Dataset\dekoratif\D-069-dekoratif_80.jpg,dekoratif,2,9f23352263a6d5ee09280064dd4deb65,"Motif Endek Dekoratif berbasis paduan garis, titik, sulur, dan ornamen pinggir","paduan garis, titik, sulur, dan ornamen pinggir",stilasi,pola tunggal,kesatuan ornamen; keseimbangan visual; kesatuan ornamen,"warna biru, hitam, dan putih dengan kontras kuat",struktur ornamen tidak terlalu rapat sehingga dapat diendekkan,digunakan dalam konteks budaya Bali,"Motif Endek Dekoratif berbasis paduan garis, titik, sulur, dan ornamen pinggir. Desain kain Endek Bali bertema dekoratif yang terinspirasi dari paduan garis, titik, sulur, dan ornamen pinggir. Motif dibuat menggunakan teknik stilasi, yaitu penggayaan bentuk asli menjadi ornamen dekoratif dengan tetap mempertahankan ciri utama objek sumber. Tata letak menggunakan pola tunggal, dengan kesatuan ornamen, keseimbangan visual, dan kesatuan ornamen. Pewarnaan memakai warna biru, hitam, dan putih dengan kontras kuat. Desain harus struktur ornamen tidak terlalu rapat sehingga dapat diendekkan, tetap mempertahankan tekstur tenun ikat tradisional, dan digunakan dalam konteks budaya Bali."
dekoratif/D-070-dekoratif_91.jpg,D:\DISERTASI_S3\WIWIK\DATASET_L2\EndekGAN\EndekGAN_Dataset\dekoratif\D-070-dekoratif_91.jpg,dekoratif,2,ce7e8bac446630723493a4e0e8050de8,Motif Endek Dekoratif berbasis ornamen tradisional Bali dengan unsur hias klasik,ornamen tradisional Bali dengan unsur hias klasik,stilasi,pola ulang himpunan,keseimbangan visual; klimaks visual yang jelas; kesatuan ornamen,warna cerah khas kain upacara Bali,mempertahankan karakter tekstur tenun ikat tradisional,memadukan unsur lama dan unsur baru secara kreatif,"Motif Endek Dekoratif berbasis ornamen tradisional Bali dengan unsur hias klasik. Desain kain Endek Bali bertema dekoratif yang terinspirasi dari ornamen tradisional Bali dengan unsur hias klasik. Motif dibuat menggunakan teknik stilasi, yaitu penggayaan bentuk asli menjadi ornamen dekoratif dengan tetap mempertahankan ciri utama objek sumber. Tata letak menggunakan pola ulang himpunan, dengan keseimbangan visual, klimaks visual yang jelas, dan kesatuan ornamen. Pewarnaan memakai warna cerah khas kain upacara Bali. Desain harus mempertahankan karakter tekstur tenun ikat tradisional, tetap mempertahankan tekstur tenun ikat tradisional, dan memadukan unsur lama dan unsur baru secara kreatif."
dekoratif/D-071-dekoratif_103.jpg,D:\DISERTASI_S3\WIWIK\DATASET_L2\EndekGAN\EndekGAN_Dataset\dekoratif\D-071-dekoratif_103.jpg,dekoratif,2,f4fda933ddf2c919a1c051e080e70eff,Motif Endek Dekoratif berbasis ornamen tradisional Bali dengan unsur hias klasik,ornamen tradisional Bali dengan unsur hias klasik,distorsi,pola ulang himpunan,klimaks visual yang jelas; kontras bentuk dan warna; kesatuan ornamen,warna merah dan emas yang kontras,layak diterapkan pada proses ikat tenun Endek,"mengutamakan nilai estetika, fungsi, dan identitas lokal Endek Bali","Motif Endek Dekoratif berbasis ornamen tradisional Bali dengan unsur hias klasik. Desain kain Endek Bali bertema dekoratif yang terinspirasi dari ornamen tradisional Bali dengan unsur hias klasik. Motif dibuat menggunakan teknik distorsi, yaitu perubahan bentuk dengan penekanan atau pelebaran proporsi untuk menghasilkan karakter visual yang lebih ekspresif. Tata letak menggunakan pola ulang himpunan, dengan klimaks visual yang jelas, kontras bentuk dan warna, dan kesatuan ornamen. Pewarnaan memakai warna merah dan emas yang kontras. Desain harus layak diterapkan pada proses ikat tenun Endek, tetap mempertahankan tekstur tenun ikat tradisional, dan mengutamakan nilai estetika, fungsi, dan identitas lokal Endek Bali."
dekoratif/D-072-dekoratif_75.jpg,D:\DISERTASI_S3\WIWIK\DATASET_L2\EndekGAN\EndekGAN_Dataset\dekoratif\D-072-dekoratif_75.jpg,dekoratif,2,6918e5c56ec873bfedacdd8d7eba2184,Motif Endek Dekoratif berbasis kombinasi unsur lama dan unsur baru dalam ragam hias Endek,kombinasi unsur lama dan unsur baru dalam ragam hias Endek,deformasi,pola tunggal,kontras bentuk dan warna; kesatuan ornamen; kesatuan ornamen,warna cerah khas kain upacara Bali,"mempertimbangkan jarak antar ikatan minimal 0,5 cm agar warna celupan dapat masuk",menjaga kesakralan dan kepantasan motif,"Motif Endek Dekoratif berbasis kombinasi unsur lama dan unsur baru dalam ragam hias Endek. Desain kain Endek Bali bertema dekoratif yang terinspirasi dari kombinasi unsur lama dan unsur baru dalam ragam hias Endek. Motif dibuat menggunakan teknik deformasi, yaitu penyederhanaan struktur dan proporsi bentuk asli menjadi bentuk baru yang lebih dekoratif. Tata letak menggunakan pola tunggal, dengan kontras bentuk dan warna, kesatuan ornamen, dan kesatuan ornamen. Pewarnaan memakai warna cerah khas kain upacara Bali. Desain harus mempertimbangkan jarak antar ikatan minimal 0,5 cm agar warna celupan dapat masuk, tetap mempertahankan tekstur tenun ikat tradisional, dan menjaga kesakralan dan kepantasan motif."
dekoratif/D-073-dekoratif_150.jpg,D:\DISERTASI_S3\WIWIK\DATASET_L2\EndekGAN\EndekGAN_Dataset\dekoratif\D-073-dekoratif_150.jpg,dekoratif,2,bcad78eb62c801ab6b950fd919f5c4ca,Motif Endek Dekoratif berbasis hiasan dekoratif dengan komposisi simetris,hiasan dekoratif dengan komposisi simetris,distorsi,pola acak terkontrol,irama repetitif; klimaks visual yang jelas; kesatuan ornamen,warna cerah khas kain upacara Bali,"mempertimbangkan jarak antar ikatan minimal 0,5 cm agar warna celupan dapat masuk","mengutamakan nilai estetika, fungsi, dan identitas lokal Endek Bali","Motif Endek Dekoratif berbasis hiasan dekoratif dengan komposisi simetris. Desain kain Endek Bali bertema dekoratif yang terinspirasi dari hiasan dekoratif dengan komposisi simetris. Motif dibuat menggunakan teknik distorsi, yaitu perubahan bentuk dengan penekanan atau pelebaran proporsi untuk menghasilkan karakter visual yang lebih ekspresif. Tata letak menggunakan pola acak terkontrol, dengan irama repetitif, klimaks visual yang jelas, dan kesatuan ornamen. Pewarnaan memakai warna cerah khas kain upacara Bali. Desain harus mempertimbangkan jarak antar ikatan minimal 0,5 cm agar warna celupan dapat masuk, tetap mempertahankan tekstur tenun ikat tradisional, dan mengutamakan nilai estetika, fungsi, dan identitas lokal Endek Bali."
dekoratif/D-074-dekoratif_107.jpg,D:\DISERTASI_S3\WIWIK\DATASET_L2\EndekGAN\EndekGAN_Dataset\dekoratif\D-074-dekoratif_107.jpg,dekoratif,2,5f94ab50606a26fe844abd46cbd60f22,Motif Endek Dekoratif berbasis hiasan dekoratif dengan komposisi simetris,hiasan dekoratif dengan komposisi simetris,deformasi,pola ulang himpunan,klimaks visual yang jelas; proporsi seimbang; kesatuan ornamen,warna hijau dan kuning yang harmonis,mempertahankan karakter tekstur tenun ikat tradisional,digunakan dalam konteks budaya Bali,"Motif Endek Dekoratif berbasis hiasan dekoratif dengan komposisi simetris. Desain kain Endek Bali bertema dekoratif yang terinspirasi dari hiasan dekoratif dengan komposisi simetris. Motif dibuat menggunakan teknik deformasi, yaitu penyederhanaan struktur dan proporsi bentuk asli menjadi bentuk baru yang lebih dekoratif. Tata letak menggunakan pola ulang himpunan, dengan klimaks visual yang jelas, proporsi seimbang, dan kesatuan ornamen. Pewarnaan memakai warna hijau dan kuning yang harmonis. Desain harus mempertahankan karakter tekstur tenun ikat tradisional, tetap mempertahankan tekstur tenun ikat tradisional, dan digunakan dalam konteks budaya Bali."
dekoratif/D-075-dekoratif_88.jpg,D:\DISERTASI_S3\WIWIK\DATASET_L2\EndekGAN\EndekGAN_Dataset\dekoratif\D-075-dekoratif_88.jpg,dekoratif,2,72917282314c976a3b0d006869fa7a65,"Motif Endek Dekoratif berbasis paduan garis, titik, sulur, dan ornamen pinggir","paduan garis, titik, sulur, dan ornamen pinggir",deformasi,pola acak terkontrol,irama repetitif; klimaks visual yang jelas; kesatuan ornamen,warna hijau dan kuning yang harmonis,"mempertimbangkan jarak antar ikatan minimal 0,5 cm agar warna celupan dapat masuk",digunakan dalam konteks budaya Bali,"Motif Endek Dekoratif berbasis paduan garis, titik, sulur, dan ornamen pinggir. Desain kain Endek Bali bertema dekoratif yang terinspirasi dari paduan garis, titik, sulur, dan ornamen pinggir. Motif dibuat menggunakan teknik deformasi, yaitu penyederhanaan struktur dan proporsi bentuk asli menjadi bentuk baru yang lebih dekoratif. Tata letak menggunakan pola acak terkontrol, dengan irama repetitif, klimaks visual yang jelas, dan kesatuan ornamen. Pewarnaan memakai warna hijau dan kuning yang harmonis. Desain harus mempertimbangkan jarak antar ikatan minimal 0,5 cm agar warna celupan dapat masuk, tetap mempertahankan tekstur tenun ikat tradisional, dan digunakan dalam konteks budaya Bali."
dekoratif/D-076-dekoratif_82.jpg,D:\DISERTASI_S3\WIWIK\DATASET_L2\EndekGAN\EndekGAN_Dataset\dekoratif\D-076-dekoratif_82.jpg,dekoratif,2,eaa809a9cc019a2e470f5c08332b22cf,Motif Endek Dekoratif berbasis hiasan dekoratif dengan komposisi simetris,hiasan dekoratif dengan komposisi simetris,deformasi,pola tunggal,kesatuan ornamen; proporsi seimbang; kesatuan ornamen,"warna coklat, krem, dan emas bernuansa tradisional",struktur ornamen tidak terlalu rapat sehingga dapat diendekkan,"mengutamakan nilai estetika, fungsi, dan identitas lokal Endek Bali","Motif Endek Dekoratif berbasis hiasan dekoratif dengan komposisi simetris. Desain kain Endek Bali bertema dekoratif yang terinspirasi dari hiasan dekoratif dengan komposisi simetris. Motif dibuat menggunakan teknik deformasi, yaitu penyederhanaan struktur dan proporsi bentuk asli menjadi bentuk baru yang lebih dekoratif. Tata letak menggunakan pola tunggal, dengan kesatuan ornamen, proporsi seimbang, dan kesatuan ornamen. Pewarnaan memakai warna coklat, krem, dan emas bernuansa tradisional. Desain harus struktur ornamen tidak terlalu rapat sehingga dapat diendekkan, tetap mempertahankan tekstur tenun ikat tradisional, dan mengutamakan nilai estetika, fungsi, dan identitas lokal Endek Bali."
dekoratif/D-077-dekoratif_130.jpg,D:\DISERTASI_S3\WIWIK\DATASET_L2\EndekGAN\EndekGAN_Dataset\dekoratif\D-077-dekoratif_130.jpg,dekoratif,2,c86234fc019dffc1ffcf04e5a83e80b4,"Motif Endek Dekoratif berbasis paduan garis, titik, sulur, dan ornamen pinggir","paduan garis, titik, sulur, dan ornamen pinggir",stilasi,pola ulang menyeluruh,keseimbangan visual; kontras bentuk dan warna; kesatuan ornamen,"warna biru, hitam, dan putih dengan kontras kuat",motif tetap terbaca pada skala benang,memadukan unsur lama dan unsur baru secara kreatif,"Motif Endek Dekoratif berbasis paduan garis, titik, sulur, dan ornamen pinggir. Desain kain Endek Bali bertema dekoratif yang terinspirasi dari paduan garis, titik, sulur, dan ornamen pinggir. Motif dibuat menggunakan teknik stilasi, yaitu penggayaan bentuk asli menjadi ornamen dekoratif dengan tetap mempertahankan ciri utama objek sumber. Tata letak menggunakan pola ulang menyeluruh, dengan keseimbangan visual, kontras bentuk dan warna, dan kesatuan ornamen. Pewarnaan memakai warna biru, hitam, dan putih dengan kontras kuat. Desain harus motif tetap terbaca pada skala benang, tetap mempertahankan tekstur tenun ikat tradisional, dan memadukan unsur lama dan unsur baru secara kreatif."
dekoratif/D-078-dekoratif_141.jpg,D:\DISERTASI_S3\WIWIK\DATASET_L2\EndekGAN\EndekGAN_Dataset\dekoratif\D-078-dekoratif_141.jpg,dekoratif,2,748d2b07f7a6accd68cde51b978e72fa,"Motif Endek Dekoratif berbasis paduan garis, titik, sulur, dan ornamen pinggir","paduan garis, titik, sulur, dan ornamen pinggir",distorsi,pola tunggal,irama repetitif; kontras bentuk dan warna; kesatuan ornamen,"warna coklat, krem, dan emas bernuansa tradisional",struktur ornamen tidak terlalu rapat sehingga dapat diendekkan,"mengutamakan nilai estetika, fungsi, dan identitas lokal Endek Bali","Motif Endek Dekoratif berbasis paduan garis, titik, sulur, dan ornamen pinggir. Desain kain Endek Bali bertema dekoratif yang terinspirasi dari paduan garis, titik, sulur, dan ornamen pinggir. Motif dibuat menggunakan teknik distorsi, yaitu perubahan bentuk dengan penekanan atau pelebaran proporsi untuk menghasilkan karakter visual yang lebih ekspresif. Tata letak menggunakan pola tunggal, dengan irama repetitif, kontras bentuk dan warna, dan kesatuan ornamen. Pewarnaan memakai warna coklat, krem, dan emas bernuansa tradisional. Desain harus struktur ornamen tidak terlalu rapat sehingga dapat diendekkan, tetap mempertahankan tekstur tenun ikat tradisional, dan mengutamakan nilai estetika, fungsi, dan identitas lokal Endek Bali."
dekoratif/D-079-dekoratif_137.jpg,D:\DISERTASI_S3\WIWIK\DATASET_L2\EndekGAN\EndekGAN_Dataset\dekoratif\D-079-dekoratif_137.jpg,dekoratif,2,f1a8418a04d6755aedc4b72df92e7b91,Motif Endek Dekoratif berbasis ornamen tradisional Bali dengan unsur hias klasik,ornamen tradisional Bali dengan unsur hias klasik,deformasi,pola tunggal,keseimbangan visual; kontras bentuk dan warna; kesatuan ornamen,"warna biru, hitam, dan putih dengan kontras kuat",layak diterapkan pada proses ikat tenun Endek,"mengutamakan nilai estetika, fungsi, dan identitas lokal Endek Bali","Motif Endek Dekoratif berbasis ornamen tradisional Bali dengan unsur hias klasik. Desain kain Endek Bali bertema dekoratif yang terinspirasi dari ornamen tradisional Bali dengan unsur hias klasik. Motif dibuat menggunakan teknik deformasi, yaitu penyederhanaan struktur dan proporsi bentuk asli menjadi bentuk baru yang lebih dekoratif. Tata letak menggunakan pola tunggal, dengan keseimbangan visual, kontras bentuk dan warna, dan kesatuan ornamen. Pewarnaan memakai warna biru, hitam, dan putih dengan kontras kuat. Desain harus layak diterapkan pada proses ikat tenun Endek, tetap mempertahankan tekstur tenun ikat tradisional, dan mengutamakan nilai estetika, fungsi, dan identitas lokal Endek Bali."
dekoratif/D-080-dekoratif_120.jpg,D:\DISERTASI_S3\WIWIK\DATASET_L2\EndekGAN\EndekGAN_Dataset\dekoratif\D-080-dekoratif_120.jpg,dekoratif,2,d4bb17263ef4307570203bc70445a4b0,Motif Endek Dekoratif berbasis ornamen tradisional Bali dengan unsur hias klasik,ornamen tradisional Bali dengan unsur hias klasik,deformasi,pola tunggal,klimaks visual yang jelas; keseimbangan visual; kesatuan ornamen,warna merah dan emas yang kontras,struktur ornamen tidak terlalu rapat sehingga dapat diendekkan,digunakan dalam konteks budaya Bali,"Motif Endek Dekoratif berbasis ornamen tradisional Bali dengan unsur hias klasik. Desain kain Endek Bali bertema dekoratif yang terinspirasi dari ornamen tradisional Bali dengan unsur hias klasik. Motif dibuat menggunakan teknik deformasi, yaitu penyederhanaan struktur dan proporsi bentuk asli menjadi bentuk baru yang lebih dekoratif. Tata letak menggunakan pola tunggal, dengan klimaks visual yang jelas, keseimbangan visual, dan kesatuan ornamen. Pewarnaan memakai warna merah dan emas yang kontras. Desain harus struktur ornamen tidak terlalu rapat sehingga dapat diendekkan, tetap mempertahankan tekstur tenun ikat tradisional, dan digunakan dalam konteks budaya Bali."
dekoratif/D-081-dekoratif_95.jpg,D:\DISERTASI_S3\WIWIK\DATASET_L2\EndekGAN\EndekGAN_Dataset\dekoratif\D-081-dekoratif_95.jpg,dekoratif,2,40e806c9853abea2816055773dd31c87,"Motif Endek Dekoratif berbasis paduan garis, titik, sulur, dan ornamen pinggir","paduan garis, titik, sulur, dan ornamen pinggir",stilasi,pola ulang himpunan,kontras bentuk dan warna; kontras bentuk dan warna; kesatuan ornamen,warna merah dan emas yang kontras,motif tetap terbaca pada skala benang,digunakan dalam konteks budaya Bali,"Motif Endek Dekoratif berbasis paduan garis, titik, sulur, dan ornamen pinggir. Desain kain Endek Bali bertema dekoratif yang terinspirasi dari paduan garis, titik, sulur, dan ornamen pinggir. Motif dibuat menggunakan teknik stilasi, yaitu penggayaan bentuk asli menjadi ornamen dekoratif dengan tetap mempertahankan ciri utama objek sumber. Tata letak menggunakan pola ulang himpunan, dengan kontras bentuk dan warna, kontras bentuk dan warna, dan kesatuan ornamen. Pewarnaan memakai warna merah dan emas yang kontras. Desain harus motif tetap terbaca pada skala benang, tetap mempertahankan tekstur tenun ikat tradisional, dan digunakan dalam konteks budaya Bali."
dekoratif/D-082-dekoratif_76.jpg,D:\DISERTASI_S3\WIWIK\DATASET_L2\EndekGAN\EndekGAN_Dataset\dekoratif\D-082-dekoratif_76.jpg,dekoratif,2,456a0db86c77d9ee105d5d3826262d16,Motif Endek Dekoratif berbasis hiasan dekoratif dengan komposisi simetris,hiasan dekoratif dengan komposisi simetris,stilasi,pola acak terkontrol,kontras bentuk dan warna; irama repetitif; kesatuan ornamen,warna cerah khas kain upacara Bali,struktur ornamen tidak terlalu rapat sehingga dapat diendekkan,memadukan unsur lama dan unsur baru secara kreatif,"Motif Endek Dekoratif berbasis hiasan dekoratif dengan komposisi simetris. Desain kain Endek Bali bertema dekoratif yang terinspirasi dari hiasan dekoratif dengan komposisi simetris. Motif dibuat menggunakan teknik stilasi, yaitu penggayaan bentuk asli menjadi ornamen dekoratif dengan tetap mempertahankan ciri utama objek sumber. Tata letak menggunakan pola acak terkontrol, dengan kontras bentuk dan warna, irama repetitif, dan kesatuan ornamen. Pewarnaan memakai warna cerah khas kain upacara Bali. Desain harus struktur ornamen tidak terlalu rapat sehingga dapat diendekkan, tetap mempertahankan tekstur tenun ikat tradisional, dan memadukan unsur lama dan unsur baru secara kreatif."
dekoratif/D-083-dekoratif_126.jpg,D:\DISERTASI_S3\WIWIK\DATASET_L2\EndekGAN\EndekGAN_Dataset\dekoratif\D-083-dekoratif_126.jpg,dekoratif,2,9c1ea5bdb5e8898953648f08cb4bbead,Motif Endek Dekoratif berbasis hiasan dekoratif dengan komposisi simetris,hiasan dekoratif dengan komposisi simetris,distorsi,pola acak terkontrol,kesatuan ornamen; keseimbangan visual; kesatuan ornamen,warna merah dan emas yang kontras,motif tetap terbaca pada skala benang,memadukan unsur lama dan unsur baru secara kreatif,"Motif Endek Dekoratif berbasis hiasan dekoratif dengan komposisi simetris. Desain kain Endek Bali bertema dekoratif yang terinspirasi dari hiasan dekoratif dengan komposisi simetris. Motif dibuat menggunakan teknik distorsi, yaitu perubahan bentuk dengan penekanan atau pelebaran proporsi untuk menghasilkan karakter visual yang lebih ekspresif. Tata letak menggunakan pola acak terkontrol, dengan kesatuan ornamen, keseimbangan visual, dan kesatuan ornamen. Pewarnaan memakai warna merah dan emas yang kontras. Desain harus motif tetap terbaca pada skala benang, tetap mempertahankan tekstur tenun ikat tradisional, dan memadukan unsur lama dan unsur baru secara kreatif."
dekoratif/D-084-dekoratif_90.jpg,D:\DISERTASI_S3\WIWIK\DATASET_L2\EndekGAN\EndekGAN_Dataset\dekoratif\D-084-dekoratif_90.jpg,dekoratif,2,e9b703b9851b6e85871066145b334905,Motif Endek Dekoratif berbasis hiasan dekoratif dengan komposisi simetris,hiasan dekoratif dengan komposisi simetris,stilasi,pola ulang menyeluruh,proporsi seimbang; klimaks visual yang jelas; kesatuan ornamen,warna hijau dan kuning yang harmonis,layak diterapkan pada proses ikat tenun Endek,memadukan unsur lama dan unsur baru secara kreatif,"Motif Endek Dekoratif berbasis hiasan dekoratif dengan komposisi simetris. Desain kain Endek Bali bertema dekoratif yang terinspirasi dari hiasan dekoratif dengan komposisi simetris. Motif dibuat menggunakan teknik stilasi, yaitu penggayaan bentuk asli menjadi ornamen dekoratif dengan tetap mempertahankan ciri utama objek sumber. Tata letak menggunakan pola ulang menyeluruh, dengan proporsi seimbang, klimaks visual yang jelas, dan kesatuan ornamen. Pewarnaan memakai warna hijau dan kuning yang harmonis. Desain harus layak diterapkan pada proses ikat tenun Endek, tetap mempertahankan tekstur tenun ikat tradisional, dan memadukan unsur lama dan unsur baru secara kreatif."
dekoratif/D-085-dekoratif_127.jpg,D:\DISERTASI_S3\WIWIK\DATASET_L2\EndekGAN\EndekGAN_Dataset\dekoratif\D-085-dekoratif_127.jpg,dekoratif,2,0bf803d59f677ebed079b5cd3c6995a0,Motif Endek Dekoratif berbasis ornamen tradisional Bali dengan unsur hias klasik,ornamen tradisional Bali dengan unsur hias klasik,stilasi,pola tunggal,kontras bentuk dan warna; keseimbangan visual; kesatuan ornamen,"warna coklat, krem, dan emas bernuansa tradisional","mempertimbangkan jarak antar ikatan minimal 0,5 cm agar warna celupan dapat masuk",menjaga kesakralan dan kepantasan motif,"Motif Endek Dekoratif berbasis ornamen tradisional Bali dengan unsur hias klasik. Desain kain Endek Bali bertema dekoratif yang terinspirasi dari ornamen tradisional Bali dengan unsur hias klasik. Motif dibuat menggunakan teknik stilasi, yaitu penggayaan bentuk asli menjadi ornamen dekoratif dengan tetap mempertahankan ciri utama objek sumber. Tata letak menggunakan pola tunggal, dengan kontras bentuk dan warna, keseimbangan visual, dan kesatuan ornamen. Pewarnaan memakai warna coklat, krem, dan emas bernuansa tradisional. Desain harus mempertimbangkan jarak antar ikatan minimal 0,5 cm agar warna celupan dapat masuk, tetap mempertahankan tekstur tenun ikat tradisional, dan menjaga kesakralan dan kepantasan motif."
dekoratif/D-086-dekoratif_63.jpg,D:\DISERTASI_S3\WIWIK\DATASET_L2\EndekGAN\EndekGAN_Dataset\dekoratif\D-086-dekoratif_63.jpg,dekoratif,2,696f19f5f8212949876a5ac8e7520d54,Motif Endek Dekoratif berbasis hiasan dekoratif dengan komposisi simetris,hiasan dekoratif dengan komposisi simetris,stilasi,pola ulang himpunan,kesatuan ornamen; klimaks visual yang jelas; kesatuan ornamen,warna cerah khas kain upacara Bali,mempertahankan karakter tekstur tenun ikat tradisional,"mengutamakan nilai estetika, fungsi, dan identitas lokal Endek Bali","Motif Endek Dekoratif berbasis hiasan dekoratif dengan komposisi simetris. Desain kain Endek Bali bertema dekoratif yang terinspirasi dari hiasan dekoratif dengan komposisi simetris. Motif dibuat menggunakan teknik stilasi, yaitu penggayaan bentuk asli menjadi ornamen dekoratif dengan tetap mempertahankan ciri utama objek sumber. Tata letak menggunakan pola ulang himpunan, dengan kesatuan ornamen, klimaks visual yang jelas, dan kesatuan ornamen. Pewarnaan memakai warna cerah khas kain upacara Bali. Desain harus mempertahankan karakter tekstur tenun ikat tradisional, tetap mempertahankan tekstur tenun ikat tradisional, dan mengutamakan nilai estetika, fungsi, dan identitas lokal Endek Bali."
dekoratif/D-087-dekoratif_138.jpg,D:\DISERTASI_S3\WIWIK\DATASET_L2\EndekGAN\EndekGAN_Dataset\dekoratif\D-087-dekoratif_138.jpg,dekoratif,2,b7750362f1cad9e25201a4b6cab0474c,"Motif Endek Dekoratif berbasis paduan garis, titik, sulur, dan ornamen pinggir","paduan garis, titik, sulur, dan ornamen pinggir",stilasi,pola ulang himpunan,kontras bentuk dan warna; irama repetitif; kesatuan ornamen,warna hijau dan kuning yang harmonis,"mempertimbangkan jarak antar ikatan minimal 0,5 cm agar warna celupan dapat masuk","mengutamakan nilai estetika, fungsi, dan identitas lokal Endek Bali","Motif Endek Dekoratif berbasis paduan garis, titik, sulur, dan ornamen pinggir. Desain kain Endek Bali bertema dekoratif yang terinspirasi dari paduan garis, titik, sulur, dan ornamen pinggir. Motif dibuat menggunakan teknik stilasi, yaitu penggayaan bentuk asli menjadi ornamen dekoratif dengan tetap mempertahankan ciri utama objek sumber. Tata letak menggunakan pola ulang himpunan, dengan kontras bentuk dan warna, irama repetitif, dan kesatuan ornamen. Pewarnaan memakai warna hijau dan kuning yang harmonis. Desain harus mempertimbangkan jarak antar ikatan minimal 0,5 cm agar warna celupan dapat masuk, tetap mempertahankan tekstur tenun ikat tradisional, dan mengutamakan nilai estetika, fungsi, dan identitas lokal Endek Bali."
dekoratif/D-088-dekoratif_99.jpg,D:\DISERTASI_S3\WIWIK\DATASET_L2\EndekGAN\EndekGAN_Dataset\dekoratif\D-088-dekoratif_99.jpg,dekoratif,2,8744fdac3ac79dc15979a9aed1672d7c,Motif Endek Dekoratif berbasis ornamen tradisional Bali dengan unsur hias klasik,ornamen tradisional Bali dengan unsur hias klasik,distorsi,pola ulang menyeluruh,kesatuan ornamen; proporsi seimbang; kesatuan ornamen,warna cerah khas kain upacara Bali,motif tetap terbaca pada skala benang,memadukan unsur lama dan unsur baru secara kreatif,"Motif Endek Dekoratif berbasis ornamen tradisional Bali dengan unsur hias klasik. Desain kain Endek Bali bertema dekoratif yang terinspirasi dari ornamen tradisional Bali dengan unsur hias klasik. Motif dibuat menggunakan teknik distorsi, yaitu perubahan bentuk dengan penekanan atau pelebaran proporsi untuk menghasilkan karakter visual yang lebih ekspresif. Tata letak menggunakan pola ulang menyeluruh, dengan kesatuan ornamen, proporsi seimbang, dan kesatuan ornamen. Pewarnaan memakai warna cerah khas kain upacara Bali. Desain harus motif tetap terbaca pada skala benang, tetap mempertahankan tekstur tenun ikat tradisional, dan memadukan unsur lama dan unsur baru secara kreatif."
dekoratif/D-089-dekoratif_115.jpg,D:\DISERTASI_S3\WIWIK\DATASET_L2\EndekGAN\EndekGAN_Dataset\dekoratif\D-089-dekoratif_115.jpg,dekoratif,2,ba0af683838cd2954c9a1da80881dccf,Motif Endek Dekoratif berbasis kombinasi unsur lama dan unsur baru dalam ragam hias Endek,kombinasi unsur lama dan unsur baru dalam ragam hias Endek,deformasi,pola ulang himpunan,irama repetitif; irama repetitif; kesatuan ornamen,warna hijau dan kuning yang harmonis,mempertahankan karakter tekstur tenun ikat tradisional,menjaga kesakralan dan kepantasan motif,"Motif Endek Dekoratif berbasis kombinasi unsur lama dan unsur baru dalam ragam hias Endek. Desain kain Endek Bali bertema dekoratif yang terinspirasi dari kombinasi unsur lama dan unsur baru dalam ragam hias Endek. Motif dibuat menggunakan teknik deformasi, yaitu penyederhanaan struktur dan proporsi bentuk asli menjadi bentuk baru yang lebih dekoratif. Tata letak menggunakan pola ulang himpunan, dengan irama repetitif, irama repetitif, dan kesatuan ornamen. Pewarnaan memakai warna hijau dan kuning yang harmonis. Desain harus mempertahankan karakter tekstur tenun ikat tradisional, tetap mempertahankan tekstur tenun ikat tradisional, dan menjaga kesakralan dan kepantasan motif."
dekoratif/D-090-dekoratif_85.jpg,D:\DISERTASI_S3\WIWIK\DATASET_L2\EndekGAN\EndekGAN_Dataset\dekoratif\D-090-dekoratif_85.jpg,dekoratif,2,b155c159fed2ba75b1f4b81e6e0a6cb0,Motif Endek Dekoratif berbasis hiasan dekoratif dengan komposisi simetris,hiasan dekoratif dengan komposisi simetris,deformasi,pola ulang himpunan,keseimbangan visual; proporsi seimbang; kesatuan ornamen,"warna biru, hitam, dan putih dengan kontras kuat","mempertimbangkan jarak antar ikatan minimal 0,5 cm agar warna celupan dapat masuk",menjaga kesakralan dan kepantasan motif,"Motif Endek Dekoratif berbasis hiasan dekoratif dengan komposisi simetris. Desain kain Endek Bali bertema dekoratif yang terinspirasi dari hiasan dekoratif dengan komposisi simetris. Motif dibuat menggunakan teknik deformasi, yaitu penyederhanaan struktur dan proporsi bentuk asli menjadi bentuk baru yang lebih dekoratif. Tata letak menggunakan pola ulang himpunan, dengan keseimbangan visual, proporsi seimbang, dan kesatuan ornamen. Pewarnaan memakai warna biru, hitam, dan putih dengan kontras kuat. Desain harus mempertimbangkan jarak antar ikatan minimal 0,5 cm agar warna celupan dapat masuk, tetap mempertahankan tekstur tenun ikat tradisional, dan menjaga kesakralan dan kepantasan motif."
dekoratif/D-091-dekoratif_46.jpg,D:\DISERTASI_S3\WIWIK\DATASET_L2\EndekGAN\EndekGAN_Dataset\dekoratif\D-091-dekoratif_46.jpg,dekoratif,2,006a75b67a23bf57a8e0361efc0eb45d,Motif Endek Dekoratif berbasis kombinasi unsur lama dan unsur baru dalam ragam hias Endek,kombinasi unsur lama dan unsur baru dalam ragam hias Endek,deformasi,pola ulang himpunan,proporsi seimbang; keseimbangan visual; kesatuan ornamen,"warna biru, hitam, dan putih dengan kontras kuat","mempertimbangkan jarak antar ikatan minimal 0,5 cm agar warna celupan dapat masuk",digunakan dalam konteks budaya Bali,"Motif Endek Dekoratif berbasis kombinasi unsur lama dan unsur baru dalam ragam hias Endek. Desain kain Endek Bali bertema dekoratif yang terinspirasi dari kombinasi unsur lama dan unsur baru dalam ragam hias Endek. Motif dibuat menggunakan teknik deformasi, yaitu penyederhanaan struktur dan proporsi bentuk asli menjadi bentuk baru yang lebih dekoratif. Tata letak menggunakan pola ulang himpunan, dengan proporsi seimbang, keseimbangan visual, dan kesatuan ornamen. Pewarnaan memakai warna biru, hitam, dan putih dengan kontras kuat. Desain harus mempertimbangkan jarak antar ikatan minimal 0,5 cm agar warna celupan dapat masuk, tetap mempertahankan tekstur tenun ikat tradisional, dan digunakan dalam konteks budaya Bali."
dekoratif/D-092-dekoratif_7.jpg,D:\DISERTASI_S3\WIWIK\DATASET_L2\EndekGAN\EndekGAN_Dataset\dekoratif\D-092-dekoratif_7.jpg,dekoratif,2,98af3f00c9eccfbb532b1122529f019d,Motif Endek Dekoratif berbasis ornamen tradisional Bali dengan unsur hias klasik,ornamen tradisional Bali dengan unsur hias klasik,deformasi,pola ulang menyeluruh,irama repetitif; kesatuan ornamen; kesatuan ornamen,"warna biru, hitam, dan putih dengan kontras kuat",mempertahankan karakter tekstur tenun ikat tradisional,"mengutamakan nilai estetika, fungsi, dan identitas lokal Endek Bali","Motif Endek Dekoratif berbasis ornamen tradisional Bali dengan unsur hias klasik. Desain kain Endek Bali bertema dekoratif yang terinspirasi dari ornamen tradisional Bali dengan unsur hias klasik. Motif dibuat menggunakan teknik deformasi, yaitu penyederhanaan struktur dan proporsi bentuk asli menjadi bentuk baru yang lebih dekoratif. Tata letak menggunakan pola ulang menyeluruh, dengan irama repetitif, kesatuan ornamen, dan kesatuan ornamen. Pewarnaan memakai warna biru, hitam, dan putih dengan kontras kuat. Desain harus mempertahankan karakter tekstur tenun ikat tradisional, tetap mempertahankan tekstur tenun ikat tradisional, dan mengutamakan nilai estetika, fungsi, dan identitas lokal Endek Bali."
dekoratif/D-093-dekoratif_35.jpg,D:\DISERTASI_S3\WIWIK\DATASET_L2\EndekGAN\EndekGAN_Dataset\dekoratif\D-093-dekoratif_35.jpg,dekoratif,2,808e4127a541a54d98175e00d77ed0c2,Motif Endek Dekoratif berbasis kombinasi unsur lama dan unsur baru dalam ragam hias Endek,kombinasi unsur lama dan unsur baru dalam ragam hias Endek,distorsi,pola ulang himpunan,kontras bentuk dan warna; irama repetitif; kesatuan ornamen,"warna biru, hitam, dan putih dengan kontras kuat",motif tetap terbaca pada skala benang,memadukan unsur lama dan unsur baru secara kreatif,"Motif Endek Dekoratif berbasis kombinasi unsur lama dan unsur baru dalam ragam hias Endek. Desain kain Endek Bali bertema dekoratif yang terinspirasi dari kombinasi unsur lama dan unsur baru dalam ragam hias Endek. Motif dibuat menggunakan teknik distorsi, yaitu perubahan bentuk dengan penekanan atau pelebaran proporsi untuk menghasilkan karakter visual yang lebih ekspresif. Tata letak menggunakan pola ulang himpunan, dengan kontras bentuk dan warna, irama repetitif, dan kesatuan ornamen. Pewarnaan memakai warna biru, hitam, dan putih dengan kontras kuat. Desain harus motif tetap terbaca pada skala benang, tetap mempertahankan tekstur tenun ikat tradisional, dan memadukan unsur lama dan unsur baru secara kreatif."
dekoratif/D-094-dekoratif_50.jpg,D:\DISERTASI_S3\WIWIK\DATASET_L2\EndekGAN\EndekGAN_Dataset\dekoratif\D-094-dekoratif_50.jpg,dekoratif,2,99c3827dfbf543fe66349668e1759554,Motif Endek Dekoratif berbasis ornamen tradisional Bali dengan unsur hias klasik,ornamen tradisional Bali dengan unsur hias klasik,stilasi,pola ulang himpunan,keseimbangan visual; keseimbangan visual; kesatuan ornamen,warna hijau dan kuning yang harmonis,motif tetap terbaca pada skala benang,digunakan dalam konteks budaya Bali,"Motif Endek Dekoratif berbasis ornamen tradisional Bali dengan unsur hias klasik. Desain kain Endek Bali bertema dekoratif yang terinspirasi dari ornamen tradisional Bali dengan unsur hias klasik. Motif dibuat menggunakan teknik stilasi, yaitu penggayaan bentuk asli menjadi ornamen dekoratif dengan tetap mempertahankan ciri utama objek sumber. Tata letak menggunakan pola ulang himpunan, dengan keseimbangan visual, keseimbangan visual, dan kesatuan ornamen. Pewarnaan memakai warna hijau dan kuning yang harmonis. Desain harus motif tetap terbaca pada skala benang, tetap mempertahankan tekstur tenun ikat tradisional, dan digunakan dalam konteks budaya Bali."
dekoratif/D-095-dekoratif_25.jpg,D:\DISERTASI_S3\WIWIK\DATASET_L2\EndekGAN\EndekGAN_Dataset\dekoratif\D-095-dekoratif_25.jpg,dekoratif,2,59f671953269c191a20fb86ab8e16eb9,Motif Endek Dekoratif berbasis ornamen tradisional Bali dengan unsur hias klasik,ornamen tradisional Bali dengan unsur hias klasik,stilasi,pola ulang himpunan,klimaks visual yang jelas; kesatuan ornamen; kesatuan ornamen,warna hijau dan kuning yang harmonis,layak diterapkan pada proses ikat tenun Endek,"mengutamakan nilai estetika, fungsi, dan identitas lokal Endek Bali","Motif Endek Dekoratif berbasis ornamen tradisional Bali dengan unsur hias klasik. Desain kain Endek Bali bertema dekoratif yang terinspirasi dari ornamen tradisional Bali dengan unsur hias klasik. Motif dibuat menggunakan teknik stilasi, yaitu penggayaan bentuk asli menjadi ornamen dekoratif dengan tetap mempertahankan ciri utama objek sumber. Tata letak menggunakan pola ulang himpunan, dengan klimaks visual yang jelas, kesatuan ornamen, dan kesatuan ornamen. Pewarnaan memakai warna hijau dan kuning yang harmonis. Desain harus layak diterapkan pada proses ikat tenun Endek, tetap mempertahankan tekstur tenun ikat tradisional, dan mengutamakan nilai estetika, fungsi, dan identitas lokal Endek Bali."
dekoratif/D-096-dekoratif_45.jpg,D:\DISERTASI_S3\WIWIK\DATASET_L2\EndekGAN\EndekGAN_Dataset\dekoratif\D-096-dekoratif_45.jpg,dekoratif,2,44bf8627acd71e274e29d9b5f4f2c20b,Motif Endek Dekoratif berbasis ornamen tradisional Bali dengan unsur hias klasik,ornamen tradisional Bali dengan unsur hias klasik,deformasi,pola ulang menyeluruh,irama repetitif; kesatuan ornamen; kesatuan ornamen,"warna biru, hitam, dan putih dengan kontras kuat","mempertimbangkan jarak antar ikatan minimal 0,5 cm agar warna celupan dapat masuk",digunakan dalam konteks budaya Bali,"Motif Endek Dekoratif berbasis ornamen tradisional Bali dengan unsur hias klasik. Desain kain Endek Bali bertema dekoratif yang terinspirasi dari ornamen tradisional Bali dengan unsur hias klasik. Motif dibuat menggunakan teknik deformasi, yaitu penyederhanaan struktur dan proporsi bentuk asli menjadi bentuk baru yang lebih dekoratif. Tata letak menggunakan pola ulang menyeluruh, dengan irama repetitif, kesatuan ornamen, dan kesatuan ornamen. Pewarnaan memakai warna biru, hitam, dan putih dengan kontras kuat. Desain harus mempertimbangkan jarak antar ikatan minimal 0,5 cm agar warna celupan dapat masuk, tetap mempertahankan tekstur tenun ikat tradisional, dan digunakan dalam konteks budaya Bali."
dekoratif/D-097-dekoratif_14.jpg,D:\DISERTASI_S3\WIWIK\DATASET_L2\EndekGAN\EndekGAN_Dataset\dekoratif\D-097-dekoratif_14.jpg,dekoratif,2,0fe576756efa218d760f8605e177fecd,Motif Endek Dekoratif berbasis kombinasi unsur lama dan unsur baru dalam ragam hias Endek,kombinasi unsur lama dan unsur baru dalam ragam hias Endek,stilasi,pola ulang himpunan,proporsi seimbang; irama repetitif; kesatuan ornamen,warna hijau dan kuning yang harmonis,mempertahankan karakter tekstur tenun ikat tradisional,menjaga kesakralan dan kepantasan motif,"Motif Endek Dekoratif berbasis kombinasi unsur lama dan unsur baru dalam ragam hias Endek. Desain kain Endek Bali bertema dekoratif yang terinspirasi dari kombinasi unsur lama dan unsur baru dalam ragam hias Endek. Motif dibuat menggunakan teknik stilasi, yaitu penggayaan bentuk asli menjadi ornamen dekoratif dengan tetap mempertahankan ciri utama objek sumber. Tata letak menggunakan pola ulang himpunan, dengan proporsi seimbang, irama repetitif, dan kesatuan ornamen. Pewarnaan memakai warna hijau dan kuning yang harmonis. Desain harus mempertahankan karakter tekstur tenun ikat tradisional, tetap mempertahankan tekstur tenun ikat tradisional, dan menjaga kesakralan dan kepantasan motif."
dekoratif/D-098-dekoratif_55.jpg,D:\DISERTASI_S3\WIWIK\DATASET_L2\EndekGAN\EndekGAN_Dataset\dekoratif\D-098-dekoratif_55.jpg,dekoratif,2,dffdb1cc12bd62cadc712d7f77ba14a4,"Motif Endek Dekoratif berbasis paduan garis, titik, sulur, dan ornamen pinggir","paduan garis, titik, sulur, dan ornamen pinggir",stilasi,pola tunggal,klimaks visual yang jelas; kesatuan ornamen; kesatuan ornamen,"warna coklat, krem, dan emas bernuansa tradisional",mempertahankan karakter tekstur tenun ikat tradisional,memadukan unsur lama dan unsur baru secara kreatif,"Motif Endek Dekoratif berbasis paduan garis, titik, sulur, dan ornamen pinggir. Desain kain Endek Bali bertema dekoratif yang terinspirasi dari paduan garis, titik, sulur, dan ornamen pinggir. Motif dibuat menggunakan teknik stilasi, yaitu penggayaan bentuk asli menjadi ornamen dekoratif dengan tetap mempertahankan ciri utama objek sumber. Tata letak menggunakan pola tunggal, dengan klimaks visual yang jelas, kesatuan ornamen, dan kesatuan ornamen. Pewarnaan memakai warna coklat, krem, dan emas bernuansa tradisional. Desain harus mempertahankan karakter tekstur tenun ikat tradisional, tetap mempertahankan tekstur tenun ikat tradisional, dan memadukan unsur lama dan unsur baru secara kreatif."
dekoratif/D-099-dekoratif_3.jpg,D:\DISERTASI_S3\WIWIK\DATASET_L2\EndekGAN\EndekGAN_Dataset\dekoratif\D-099-dekoratif_3.jpg,dekoratif,2,cf99ce0776d7df2f684079f289aa2c47,"Motif Endek Dekoratif berbasis paduan garis, titik, sulur, dan ornamen pinggir","paduan garis, titik, sulur, dan ornamen pinggir",deformasi,pola acak terkontrol,irama repetitif; klimaks visual yang jelas; kesatuan ornamen,"warna biru, hitam, dan putih dengan kontras kuat",layak diterapkan pada proses ikat tenun Endek,menjaga kesakralan dan kepantasan motif,"Motif Endek Dekoratif berbasis paduan garis, titik, sulur, dan ornamen pinggir. Desain kain Endek Bali bertema dekoratif yang terinspirasi dari paduan garis, titik, sulur, dan ornamen pinggir. Motif dibuat menggunakan teknik deformasi, yaitu penyederhanaan struktur dan proporsi bentuk asli menjadi bentuk baru yang lebih dekoratif. Tata letak menggunakan pola acak terkontrol, dengan irama repetitif, klimaks visual yang jelas, dan kesatuan ornamen. Pewarnaan memakai warna biru, hitam, dan putih dengan kontras kuat. Desain harus layak diterapkan pada proses ikat tenun Endek, tetap mempertahankan tekstur tenun ikat tradisional, dan menjaga kesakralan dan kepantasan motif."
dekoratif/D-100-dekoratif_51.jpg,D:\DISERTASI_S3\WIWIK\DATASET_L2\EndekGAN\EndekGAN_Dataset\dekoratif\D-100-dekoratif_51.jpg,dekoratif,2,1a1fec223d4ca9690bbdd18d0ee10729,Motif Endek Dekoratif berbasis kombinasi unsur lama dan unsur baru dalam ragam hias Endek,kombinasi unsur lama dan unsur baru dalam ragam hias Endek,deformasi,pola ulang himpunan,irama repetitif; irama repetitif; kesatuan ornamen,warna hijau dan kuning yang harmonis,mempertahankan karakter tekstur tenun ikat tradisional,menjaga kesakralan dan kepantasan motif,"Motif Endek Dekoratif berbasis kombinasi unsur lama dan unsur baru dalam ragam hias Endek. Desain kain Endek Bali bertema dekoratif yang terinspirasi dari kombinasi unsur lama dan unsur baru dalam ragam hias Endek. Motif dibuat menggunakan teknik deformasi, yaitu penyederhanaan struktur dan proporsi bentuk asli menjadi bentuk baru yang lebih dekoratif. Tata letak menggunakan pola ulang himpunan, dengan irama repetitif, irama repetitif, dan kesatuan ornamen. Pewarnaan memakai warna hijau dan kuning yang harmonis. Desain harus mempertahankan karakter tekstur tenun ikat tradisional, tetap mempertahankan tekstur tenun ikat tradisional, dan menjaga kesakralan dan kepantasan motif."
dekoratif/D-101-dekoratif_27.jpg,D:\DISERTASI_S3\WIWIK\DATASET_L2\EndekGAN\EndekGAN_Dataset\dekoratif\D-101-dekoratif_27.jpg,dekoratif,2,0f79bea06e45a5de38d502fcd55bfd52,Motif Endek Dekoratif berbasis kombinasi unsur lama dan unsur baru dalam ragam hias Endek,kombinasi unsur lama dan unsur baru dalam ragam hias Endek,distorsi,pola tunggal,keseimbangan visual; keseimbangan visual; kesatuan ornamen,"warna coklat, krem, dan emas bernuansa tradisional",motif tetap terbaca pada skala benang,digunakan dalam konteks budaya Bali,"Motif Endek Dekoratif berbasis kombinasi unsur lama dan unsur baru dalam ragam hias Endek. Desain kain Endek Bali bertema dekoratif yang terinspirasi dari kombinasi unsur lama dan unsur baru dalam ragam hias Endek. Motif dibuat menggunakan teknik distorsi, yaitu perubahan bentuk dengan penekanan atau pelebaran proporsi untuk menghasilkan karakter visual yang lebih ekspresif. Tata letak menggunakan pola tunggal, dengan keseimbangan visual, keseimbangan visual, dan kesatuan ornamen. Pewarnaan memakai warna coklat, krem, dan emas bernuansa tradisional. Desain harus motif tetap terbaca pada skala benang, tetap mempertahankan tekstur tenun ikat tradisional, dan digunakan dalam konteks budaya Bali."
dekoratif/D-102-dekoratif_34.jpg,D:\DISERTASI_S3\WIWIK\DATASET_L2\EndekGAN\EndekGAN_Dataset\dekoratif\D-102-dekoratif_34.jpg,dekoratif,2,26152c3f8a803e743bd94e5d0ebedb28,Motif Endek Dekoratif berbasis hiasan dekoratif dengan komposisi simetris,hiasan dekoratif dengan komposisi simetris,deformasi,pola ulang himpunan,keseimbangan visual; keseimbangan visual; kesatuan ornamen,warna merah dan emas yang kontras,layak diterapkan pada proses ikat tenun Endek,"mengutamakan nilai estetika, fungsi, dan identitas lokal Endek Bali","Motif Endek Dekoratif berbasis hiasan dekoratif dengan komposisi simetris. Desain kain Endek Bali bertema dekoratif yang terinspirasi dari hiasan dekoratif dengan komposisi simetris. Motif dibuat menggunakan teknik deformasi, yaitu penyederhanaan struktur dan proporsi bentuk asli menjadi bentuk baru yang lebih dekoratif. Tata letak menggunakan pola ulang himpunan, dengan keseimbangan visual, keseimbangan visual, dan kesatuan ornamen. Pewarnaan memakai warna merah dan emas yang kontras. Desain harus layak diterapkan pada proses ikat tenun Endek, tetap mempertahankan tekstur tenun ikat tradisional, dan mengutamakan nilai estetika, fungsi, dan identitas lokal Endek Bali."
dekoratif/D-103-dekoratif_31.jpg,D:\DISERTASI_S3\WIWIK\DATASET_L2\EndekGAN\EndekGAN_Dataset\dekoratif\D-103-dekoratif_31.jpg,dekoratif,2,6684838847a7ed63e418550e882bba33,"Motif Endek Dekoratif berbasis paduan garis, titik, sulur, dan ornamen pinggir","paduan garis, titik, sulur, dan ornamen pinggir",distorsi,pola ulang himpunan,proporsi seimbang; proporsi seimbang; kesatuan ornamen,"warna coklat, krem, dan emas bernuansa tradisional",struktur ornamen tidak terlalu rapat sehingga dapat diendekkan,menjaga kesakralan dan kepantasan motif,"Motif Endek Dekoratif berbasis paduan garis, titik, sulur, dan ornamen pinggir. Desain kain Endek Bali bertema dekoratif yang terinspirasi dari paduan garis, titik, sulur, dan ornamen pinggir. Motif dibuat menggunakan teknik distorsi, yaitu perubahan bentuk dengan penekanan atau pelebaran proporsi untuk menghasilkan karakter visual yang lebih ekspresif. Tata letak menggunakan pola ulang himpunan, dengan proporsi seimbang, proporsi seimbang, dan kesatuan ornamen. Pewarnaan memakai warna coklat, krem, dan emas bernuansa tradisional. Desain harus struktur ornamen tidak terlalu rapat sehingga dapat diendekkan, tetap mempertahankan tekstur tenun ikat tradisional, dan menjaga kesakralan dan kepantasan motif."
dekoratif/D-104-dekoratif_53.jpg,D:\DISERTASI_S3\WIWIK\DATASET_L2\EndekGAN\EndekGAN_Dataset\dekoratif\D-104-dekoratif_53.jpg,dekoratif,2,0069501e918901e9ad50f5abfb8cffb2,Motif Endek Dekoratif berbasis ornamen tradisional Bali dengan unsur hias klasik,ornamen tradisional Bali dengan unsur hias klasik,distorsi,pola ulang himpunan,kontras bentuk dan warna; keseimbangan visual; kesatuan ornamen,"warna biru, hitam, dan putih dengan kontras kuat","mempertimbangkan jarak antar ikatan minimal 0,5 cm agar warna celupan dapat masuk",digunakan dalam konteks budaya Bali,"Motif Endek Dekoratif berbasis ornamen tradisional Bali dengan unsur hias klasik. Desain kain Endek Bali bertema dekoratif yang terinspirasi dari ornamen tradisional Bali dengan unsur hias klasik. Motif dibuat menggunakan teknik distorsi, yaitu perubahan bentuk dengan penekanan atau pelebaran proporsi untuk menghasilkan karakter visual yang lebih ekspresif. Tata letak menggunakan pola ulang himpunan, dengan kontras bentuk dan warna, keseimbangan visual, dan kesatuan ornamen. Pewarnaan memakai warna biru, hitam, dan putih dengan kontras kuat. Desain harus mempertimbangkan jarak antar ikatan minimal 0,5 cm agar warna celupan dapat masuk, tetap mempertahankan tekstur tenun ikat tradisional, dan digunakan dalam konteks budaya Bali."
dekoratif/D-105-dekoratif_8.jpg,D:\DISERTASI_S3\WIWIK\DATASET_L2\EndekGAN\EndekGAN_Dataset\dekoratif\D-105-dekoratif_8.jpg,dekoratif,2,fe44e84bbdacd4173bd10686ec7ef9ff,Motif Endek Dekoratif berbasis hiasan dekoratif dengan komposisi simetris,hiasan dekoratif dengan komposisi simetris,distorsi,pola ulang menyeluruh,keseimbangan visual; irama repetitif; kesatuan ornamen,"warna biru, hitam, dan putih dengan kontras kuat",mempertahankan karakter tekstur tenun ikat tradisional,digunakan dalam konteks budaya Bali,"Motif Endek Dekoratif berbasis hiasan dekoratif dengan komposisi simetris. Desain kain Endek Bali bertema dekoratif yang terinspirasi dari hiasan dekoratif dengan komposisi simetris. Motif dibuat menggunakan teknik distorsi, yaitu perubahan bentuk dengan penekanan atau pelebaran proporsi untuk menghasilkan karakter visual yang lebih ekspresif. Tata letak menggunakan pola ulang menyeluruh, dengan keseimbangan visual, irama repetitif, dan kesatuan ornamen. Pewarnaan memakai warna biru, hitam, dan putih dengan kontras kuat. Desain harus mempertahankan karakter tekstur tenun ikat tradisional, tetap mempertahankan tekstur tenun ikat tradisional, dan digunakan dalam konteks budaya Bali."
dekoratif/D-106-dekoratif_4.jpg,D:\DISERTASI_S3\WIWIK\DATASET_L2\EndekGAN\EndekGAN_Dataset\dekoratif\D-106-dekoratif_4.jpg,dekoratif,2,ac9e59205642564fb92fa0538a0b8962,Motif Endek Dekoratif berbasis hiasan dekoratif dengan komposisi simetris,hiasan dekoratif dengan komposisi simetris,distorsi,pola tunggal,keseimbangan visual; kesatuan ornamen; kesatuan ornamen,warna cerah khas kain upacara Bali,layak diterapkan pada proses ikat tenun Endek,digunakan dalam konteks budaya Bali,"Motif Endek Dekoratif berbasis hiasan dekoratif dengan komposisi simetris. Desain kain Endek Bali bertema dekoratif yang terinspirasi dari hiasan dekoratif dengan komposisi simetris. Motif dibuat menggunakan teknik distorsi, yaitu perubahan bentuk dengan penekanan atau pelebaran proporsi untuk menghasilkan karakter visual yang lebih ekspresif. Tata letak menggunakan pola tunggal, dengan keseimbangan visual, kesatuan ornamen, dan kesatuan ornamen. Pewarnaan memakai warna cerah khas kain upacara Bali. Desain harus layak diterapkan pada proses ikat tenun Endek, tetap mempertahankan tekstur tenun ikat tradisional, dan digunakan dalam konteks budaya Bali."
dekoratif/D-107-dekoratif_39.jpg,D:\DISERTASI_S3\WIWIK\DATASET_L2\EndekGAN\EndekGAN_Dataset\dekoratif\D-107-dekoratif_39.jpg,dekoratif,2,0551ef0dd010270a2116c16361f40e1a,Motif Endek Dekoratif berbasis ornamen tradisional Bali dengan unsur hias klasik,ornamen tradisional Bali dengan unsur hias klasik,distorsi,pola acak terkontrol,irama repetitif; proporsi seimbang; kesatuan ornamen,warna hijau dan kuning yang harmonis,struktur ornamen tidak terlalu rapat sehingga dapat diendekkan,digunakan dalam konteks budaya Bali,"Motif Endek Dekoratif berbasis ornamen tradisional Bali dengan unsur hias klasik. Desain kain Endek Bali bertema dekoratif yang terinspirasi dari ornamen tradisional Bali dengan unsur hias klasik. Motif dibuat menggunakan teknik distorsi, yaitu perubahan bentuk dengan penekanan atau pelebaran proporsi untuk menghasilkan karakter visual yang lebih ekspresif. Tata letak menggunakan pola acak terkontrol, dengan irama repetitif, proporsi seimbang, dan kesatuan ornamen. Pewarnaan memakai warna hijau dan kuning yang harmonis. Desain harus struktur ornamen tidak terlalu rapat sehingga dapat diendekkan, tetap mempertahankan tekstur tenun ikat tradisional, dan digunakan dalam konteks budaya Bali."
dekoratif/D-108-dekoratif_20.jpg,D:\DISERTASI_S3\WIWIK\DATASET_L2\EndekGAN\EndekGAN_Dataset\dekoratif\D-108-dekoratif_20.jpg,dekoratif,2,4bba871439e43f9aba13338309524a2a,Motif Endek Dekoratif berbasis ornamen tradisional Bali dengan unsur hias klasik,ornamen tradisional Bali dengan unsur hias klasik,stilasi,pola ulang menyeluruh,proporsi seimbang; proporsi seimbang; kesatuan ornamen,warna cerah khas kain upacara Bali,layak diterapkan pada proses ikat tenun Endek,"mengutamakan nilai estetika, fungsi, dan identitas lokal Endek Bali","Motif Endek Dekoratif berbasis ornamen tradisional Bali dengan unsur hias klasik. Desain kain Endek Bali bertema dekoratif yang terinspirasi dari ornamen tradisional Bali dengan unsur hias klasik. Motif dibuat menggunakan teknik stilasi, yaitu penggayaan bentuk asli menjadi ornamen dekoratif dengan tetap mempertahankan ciri utama objek sumber. Tata letak menggunakan pola ulang menyeluruh, dengan proporsi seimbang, proporsi seimbang, dan kesatuan ornamen. Pewarnaan memakai warna cerah khas kain upacara Bali. Desain harus layak diterapkan pada proses ikat tenun Endek, tetap mempertahankan tekstur tenun ikat tradisional, dan mengutamakan nilai estetika, fungsi, dan identitas lokal Endek Bali."
dekoratif/D-109-dekoratif_44.jpg,D:\DISERTASI_S3\WIWIK\DATASET_L2\EndekGAN\EndekGAN_Dataset\dekoratif\D-109-dekoratif_44.jpg,dekoratif,2,52d0ed294fc6041f4cd90b439b04b259,Motif Endek Dekoratif berbasis ornamen tradisional Bali dengan unsur hias klasik,ornamen tradisional Bali dengan unsur hias klasik,distorsi,pola ulang menyeluruh,kesatuan ornamen; klimaks visual yang jelas; kesatuan ornamen,warna merah dan emas yang kontras,motif tetap terbaca pada skala benang,menjaga kesakralan dan kepantasan motif,"Motif Endek Dekoratif berbasis ornamen tradisional Bali dengan unsur hias klasik. Desain kain Endek Bali bertema dekoratif yang terinspirasi dari ornamen tradisional Bali dengan unsur hias klasik. Motif dibuat menggunakan teknik distorsi, yaitu perubahan bentuk dengan penekanan atau pelebaran proporsi untuk menghasilkan karakter visual yang lebih ekspresif. Tata letak menggunakan pola ulang menyeluruh, dengan kesatuan ornamen, klimaks visual yang jelas, dan kesatuan ornamen. Pewarnaan memakai warna merah dan emas yang kontras. Desain harus motif tetap terbaca pada skala benang, tetap mempertahankan tekstur tenun ikat tradisional, dan menjaga kesakralan dan kepantasan motif."
dekoratif/D-110-dekoratif_12.jpg,D:\DISERTASI_S3\WIWIK\DATASET_L2\EndekGAN\EndekGAN_Dataset\dekoratif\D-110-dekoratif_12.jpg,dekoratif,2,e68d422d0cfb5c54610fc4b74617f105,Motif Endek Dekoratif berbasis hiasan dekoratif dengan komposisi simetris,hiasan dekoratif dengan komposisi simetris,stilasi,pola ulang himpunan,klimaks visual yang jelas; irama repetitif; kesatuan ornamen,warna hijau dan kuning yang harmonis,layak diterapkan pada proses ikat tenun Endek,digunakan dalam konteks budaya Bali,"Motif Endek Dekoratif berbasis hiasan dekoratif dengan komposisi simetris. Desain kain Endek Bali bertema dekoratif yang terinspirasi dari hiasan dekoratif dengan komposisi simetris. Motif dibuat menggunakan teknik stilasi, yaitu penggayaan bentuk asli menjadi ornamen dekoratif dengan tetap mempertahankan ciri utama objek sumber. Tata letak menggunakan pola ulang himpunan, dengan klimaks visual yang jelas, irama repetitif, dan kesatuan ornamen. Pewarnaan memakai warna hijau dan kuning yang harmonis. Desain harus layak diterapkan pada proses ikat tenun Endek, tetap mempertahankan tekstur tenun ikat tradisional, dan digunakan dalam konteks budaya Bali."
dekoratif/D-111-dekoratif_54.jpg,D:\DISERTASI_S3\WIWIK\DATASET_L2\EndekGAN\EndekGAN_Dataset\dekoratif\D-111-dekoratif_54.jpg,dekoratif,2,a667163e53aeef55b345ca535e310578,Motif Endek Dekoratif berbasis hiasan dekoratif dengan komposisi simetris,hiasan dekoratif dengan komposisi simetris,distorsi,pola ulang himpunan,kontras bentuk dan warna; klimaks visual yang jelas; kesatuan ornamen,"warna coklat, krem, dan emas bernuansa tradisional",motif tetap terbaca pada skala benang,menjaga kesakralan dan kepantasan motif,"Motif Endek Dekoratif berbasis hiasan dekoratif dengan komposisi simetris. Desain kain Endek Bali bertema dekoratif yang terinspirasi dari hiasan dekoratif dengan komposisi simetris. Motif dibuat menggunakan teknik distorsi, yaitu perubahan bentuk dengan penekanan atau pelebaran proporsi untuk menghasilkan karakter visual yang lebih ekspresif. Tata letak menggunakan pola ulang himpunan, dengan kontras bentuk dan warna, klimaks visual yang jelas, dan kesatuan ornamen. Pewarnaan memakai warna coklat, krem, dan emas bernuansa tradisional. Desain harus motif tetap terbaca pada skala benang, tetap mempertahankan tekstur tenun ikat tradisional, dan menjaga kesakralan dan kepantasan motif."
dekoratif/dekoratif_1.jpg,D:\DISERTASI_S3\WIWIK\DATASET_L2\EndekGAN\EndekGAN_Dataset\dekoratif\dekoratif_1.jpg,dekoratif,2,30a4b0f1aae3167ad52902cf59d51e4f,"Motif Endek Dekoratif berbasis paduan garis, titik, sulur, dan ornamen pinggir","paduan garis, titik, sulur, dan ornamen pinggir",distorsi,pola ulang menyeluruh,keseimbangan visual; klimaks visual yang jelas; kesatuan ornamen,warna hijau dan kuning yang harmonis,motif tetap terbaca pada skala benang,memadukan unsur lama dan unsur baru secara kreatif,"Motif Endek Dekoratif berbasis paduan garis, titik, sulur, dan ornamen pinggir. Desain kain Endek Bali bertema dekoratif yang terinspirasi dari paduan garis, titik, sulur, dan ornamen pinggir. Motif dibuat menggunakan teknik distorsi, yaitu perubahan bentuk dengan penekanan atau pelebaran proporsi untuk menghasilkan karakter visual yang lebih ekspresif. Tata letak menggunakan pola ulang menyeluruh, dengan keseimbangan visual, klimaks visual yang jelas, dan kesatuan ornamen. Pewarnaan memakai warna hijau dan kuning yang harmonis. Desain harus motif tetap terbaca pada skala benang, tetap mempertahankan tekstur tenun ikat tradisional, dan memadukan unsur lama dan unsur baru secara kreatif."
geometris/G-001-geometris_83.jpg,D:\DISERTASI_S3\WIWIK\DATASET_L2\EndekGAN\EndekGAN_Dataset\geometris\G-001-geometris_83.jpg,geometris,3,cdfe66ae2e01d260c8e3b18089c3ea1a,Motif Endek Geometris berbasis susunan garis dan bidang berulang,susunan garis dan bidang berulang,stilasi,pola tunggal,proporsi seimbang; kontras bentuk dan warna; kesatuan ornamen,"warna biru, hitam, dan putih dengan kontras kuat",mempertahankan karakter tekstur tenun ikat tradisional,"mengutamakan nilai estetika, fungsi, dan identitas lokal Endek Bali","Motif Endek Geometris berbasis susunan garis dan bidang berulang. Desain kain Endek Bali bertema geometris yang terinspirasi dari susunan garis dan bidang berulang. Motif dibuat menggunakan teknik stilasi, yaitu penggayaan bentuk asli menjadi ornamen dekoratif dengan tetap mempertahankan ciri utama objek sumber. Tata letak menggunakan pola tunggal, dengan proporsi seimbang, kontras bentuk dan warna, dan kesatuan ornamen. Pewarnaan memakai warna biru, hitam, dan putih dengan kontras kuat. Desain harus mempertahankan karakter tekstur tenun ikat tradisional, tetap mempertahankan tekstur tenun ikat tradisional, dan mengutamakan nilai estetika, fungsi, dan identitas lokal Endek Bali."
geometris/G-002-geometris_90.jpg,D:\DISERTASI_S3\WIWIK\DATASET_L2\EndekGAN\EndekGAN_Dataset\geometris\G-002-geometris_90.jpg,geometris,3,9cd11945ca155826a7584fab5bc66cda,Motif Endek Geometris berbasis ornamen geometris berbasis struktur ikat tradisional,ornamen geometris berbasis struktur ikat tradisional,deformasi,pola acak terkontrol,irama repetitif; klimaks visual yang jelas; kesatuan ornamen,warna hijau dan kuning yang harmonis,"mempertimbangkan jarak antar ikatan minimal 0,5 cm agar warna celupan dapat masuk","mengutamakan nilai estetika, fungsi, dan identitas lokal Endek Bali","Motif Endek Geometris berbasis ornamen geometris berbasis struktur ikat tradisional. Desain kain Endek Bali bertema geometris yang terinspirasi dari ornamen geometris berbasis struktur ikat tradisional. Motif dibuat menggunakan teknik deformasi, yaitu penyederhanaan struktur dan proporsi bentuk asli menjadi bentuk baru yang lebih dekoratif. Tata letak menggunakan pola acak terkontrol, dengan irama repetitif, klimaks visual yang jelas, dan kesatuan ornamen. Pewarnaan memakai warna hijau dan kuning yang harmonis. Desain harus mempertimbangkan jarak antar ikatan minimal 0,5 cm agar warna celupan dapat masuk, tetap mempertahankan tekstur tenun ikat tradisional, dan mengutamakan nilai estetika, fungsi, dan identitas lokal Endek Bali."
geometris/G-003-geometris_89.jpg,D:\DISERTASI_S3\WIWIK\DATASET_L2\EndekGAN\EndekGAN_Dataset\geometris\G-003-geometris_89.jpg,geometris,3,34319ff4ffd70e27ec1545540d6955a8,Motif Endek Geometris berbasis susunan garis dan bidang berulang,susunan garis dan bidang berulang,distorsi,pola ulang himpunan,irama repetitif; proporsi seimbang; kesatuan ornamen,warna cerah khas kain upacara Bali,mempertahankan karakter tekstur tenun ikat tradisional,memadukan unsur lama dan unsur baru secara kreatif,"Motif Endek Geometris berbasis susunan garis dan bidang berulang. Desain kain Endek Bali bertema geometris yang terinspirasi dari susunan garis dan bidang berulang. Motif dibuat menggunakan teknik distorsi, yaitu perubahan bentuk dengan penekanan atau pelebaran proporsi untuk menghasilkan karakter visual yang lebih ekspresif. Tata letak menggunakan pola ulang himpunan, dengan irama repetitif, proporsi seimbang, dan kesatuan ornamen. Pewarnaan memakai warna cerah khas kain upacara Bali. Desain harus mempertahankan karakter tekstur tenun ikat tradisional, tetap mempertahankan tekstur tenun ikat tradisional, dan memadukan unsur lama dan unsur baru secara kreatif."
geometris/G-004-geometris_104.jpg,D:\DISERTASI_S3\WIWIK\DATASET_L2\EndekGAN\EndekGAN_Dataset\geometris\G-004-geometris_104.jpg,geometris,3,18fb35cf31d7f1fc6e1e96f3d2375efa,Motif Endek Geometris berbasis ornamen geometris berbasis struktur ikat tradisional,ornamen geometris berbasis struktur ikat tradisional,deformasi,pola ulang himpunan,keseimbangan visual; kesatuan ornamen; kesatuan ornamen,"warna coklat, krem, dan emas bernuansa tradisional",mempertahankan karakter tekstur tenun ikat tradisional,"mengutamakan nilai estetika, fungsi, dan identitas lokal Endek Bali","Motif Endek Geometris berbasis ornamen geometris berbasis struktur ikat tradisional. Desain kain Endek Bali bertema geometris yang terinspirasi dari ornamen geometris berbasis struktur ikat tradisional. Motif dibuat menggunakan teknik deformasi, yaitu penyederhanaan struktur dan proporsi bentuk asli menjadi bentuk baru yang lebih dekoratif. Tata letak menggunakan pola ulang himpunan, dengan keseimbangan visual, kesatuan ornamen, dan kesatuan ornamen. Pewarnaan memakai warna coklat, krem, dan emas bernuansa tradisional. Desain harus mempertahankan karakter tekstur tenun ikat tradisional, tetap mempertahankan tekstur tenun ikat tradisional, dan mengutamakan nilai estetika, fungsi, dan identitas lokal Endek Bali."
geometris/G-005-geometris_94.jpg,D:\DISERTASI_S3\WIWIK\DATASET_L2\EndekGAN\EndekGAN_Dataset\geometris\G-005-geometris_94.jpg,geometris,3,3922e4c9cb62ff16bfc02b4074d6a3c3,Motif Endek Geometris berbasis komposisi geometris ritmis dengan pengulangan teratur,komposisi geometris ritmis dengan pengulangan teratur,stilasi,pola ulang menyeluruh,keseimbangan visual; keseimbangan visual; kesatuan ornamen,warna cerah khas kain upacara Bali,"mempertimbangkan jarak antar ikatan minimal 0,5 cm agar warna celupan dapat masuk",digunakan dalam konteks budaya Bali,"Motif Endek Geometris berbasis komposisi geometris ritmis dengan pengulangan teratur. Desain kain Endek Bali bertema geometris yang terinspirasi dari komposisi geometris ritmis dengan pengulangan teratur. Motif dibuat menggunakan teknik stilasi, yaitu penggayaan bentuk asli menjadi ornamen dekoratif dengan tetap mempertahankan ciri utama objek sumber. Tata letak menggunakan pola ulang menyeluruh, dengan keseimbangan visual, keseimbangan visual, dan kesatuan ornamen. Pewarnaan memakai warna cerah khas kain upacara Bali. Desain harus mempertimbangkan jarak antar ikatan minimal 0,5 cm agar warna celupan dapat masuk, tetap mempertahankan tekstur tenun ikat tradisional, dan digunakan dalam konteks budaya Bali."
geometris/G-006-geometris_98.jpg,D:\DISERTASI_S3\WIWIK\DATASET_L2\EndekGAN\EndekGAN_Dataset\geometris\G-006-geometris_98.jpg,geometris,3,89f2ac486b392cd969b6d7589976cb02,"Motif Endek Geometris berbasis pola segitiga, segi empat, dan bentuk simetris","pola segitiga, segi empat, dan bentuk simetris",stilasi,pola tunggal,klimaks visual yang jelas; keseimbangan visual; kesatuan ornamen,warna merah dan emas yang kontras,struktur ornamen tidak terlalu rapat sehingga dapat diendekkan,menjaga kesakralan dan kepantasan motif,"Motif Endek Geometris berbasis pola segitiga, segi empat, dan bentuk simetris. Desain kain Endek Bali bertema geometris yang terinspirasi dari pola segitiga, segi empat, dan bentuk simetris. Motif dibuat menggunakan teknik stilasi, yaitu penggayaan bentuk asli menjadi ornamen dekoratif dengan tetap mempertahankan ciri utama objek sumber. Tata letak menggunakan pola tunggal, dengan klimaks visual yang jelas, keseimbangan visual, dan kesatuan ornamen. Pewarnaan memakai warna merah dan emas yang kontras. Desain harus struktur ornamen tidak terlalu rapat sehingga dapat diendekkan, tetap mempertahankan tekstur tenun ikat tradisional, dan menjaga kesakralan dan kepantasan motif."
geometris/G-007-geometris_97.jpg,D:\DISERTASI_S3\WIWIK\DATASET_L2\EndekGAN\EndekGAN_Dataset\geometris\G-007-geometris_97.jpg,geometris,3,4095bc51920016478ea4a545e41764db,Motif Endek Geometris berbasis susunan garis dan bidang berulang,susunan garis dan bidang berulang,deformasi,pola acak terkontrol,klimaks visual yang jelas; irama repetitif; kesatuan ornamen,warna hijau dan kuning yang harmonis,"mempertimbangkan jarak antar ikatan minimal 0,5 cm agar warna celupan dapat masuk","mengutamakan nilai estetika, fungsi, dan identitas lokal Endek Bali","Motif Endek Geometris berbasis susunan garis dan bidang berulang. Desain kain Endek Bali bertema geometris yang terinspirasi dari susunan garis dan bidang berulang. Motif dibuat menggunakan teknik deformasi, yaitu penyederhanaan struktur dan proporsi bentuk asli menjadi bentuk baru yang lebih dekoratif. Tata letak menggunakan pola acak terkontrol, dengan klimaks visual yang jelas, irama repetitif, dan kesatuan ornamen. Pewarnaan memakai warna hijau dan kuning yang harmonis. Desain harus mempertimbangkan jarak antar ikatan minimal 0,5 cm agar warna celupan dapat masuk, tetap mempertahankan tekstur tenun ikat tradisional, dan mengutamakan nilai estetika, fungsi, dan identitas lokal Endek Bali."
geometris/G-008-geometris_91.jpg,D:\DISERTASI_S3\WIWIK\DATASET_L2\EndekGAN\EndekGAN_Dataset\geometris\G-008-geometris_91.jpg,geometris,3,7fc31d807c35e136686f1b4e7393b18a,Motif Endek Geometris berbasis komposisi geometris ritmis dengan pengulangan teratur,komposisi geometris ritmis dengan pengulangan teratur,deformasi,pola ulang menyeluruh,klimaks visual yang jelas; keseimbangan visual; kesatuan ornamen,warna hijau dan kuning yang harmonis,layak diterapkan pada proses ikat tenun Endek,memadukan unsur lama dan unsur baru secara kreatif,"Motif Endek Geometris berbasis komposisi geometris ritmis dengan pengulangan teratur. Desain kain Endek Bali bertema geometris yang terinspirasi dari komposisi geometris ritmis dengan pengulangan teratur. Motif dibuat menggunakan teknik deformasi, yaitu penyederhanaan struktur dan proporsi bentuk asli menjadi bentuk baru yang lebih dekoratif. Tata letak menggunakan pola ulang menyeluruh, dengan klimaks visual yang jelas, keseimbangan visual, dan kesatuan ornamen. Pewarnaan memakai warna hijau dan kuning yang harmonis. Desain harus layak diterapkan pada proses ikat tenun Endek, tetap mempertahankan tekstur tenun ikat tradisional, dan memadukan unsur lama dan unsur baru secara kreatif."
geometris/G-009-geometris_88.jpg,D:\DISERTASI_S3\WIWIK\DATASET_L2\EndekGAN\EndekGAN_Dataset\geometris\G-009-geometris_88.jpg,geometris,3,ef1d82371ffbe20e86d9f5ed21c1730d,Motif Endek Geometris berbasis susunan garis dan bidang berulang,susunan garis dan bidang berulang,deformasi,pola tunggal,keseimbangan visual; proporsi seimbang; kesatuan ornamen,warna hijau dan kuning yang harmonis,"mempertimbangkan jarak antar ikatan minimal 0,5 cm agar warna celupan dapat masuk","mengutamakan nilai estetika, fungsi, dan identitas lokal Endek Bali","Motif Endek Geometris berbasis susunan garis dan bidang berulang. Desain kain Endek Bali bertema geometris yang terinspirasi dari susunan garis dan bidang berulang. Motif dibuat menggunakan teknik deformasi, yaitu penyederhanaan struktur dan proporsi bentuk asli menjadi bentuk baru yang lebih dekoratif. Tata letak menggunakan pola tunggal, dengan keseimbangan visual, proporsi seimbang, dan kesatuan ornamen. Pewarnaan memakai warna hijau dan kuning yang harmonis. Desain harus mempertimbangkan jarak antar ikatan minimal 0,5 cm agar warna celupan dapat masuk, tetap mempertahankan tekstur tenun ikat tradisional, dan mengutamakan nilai estetika, fungsi, dan identitas lokal Endek Bali."
geometris/G-010-geometris_106.jpg,D:\DISERTASI_S3\WIWIK\DATASET_L2\EndekGAN\EndekGAN_Dataset\geometris\G-010-geometris_106.jpg,geometris,3,87f5fee22e0a6b0beb76fa787f859cf1,Motif Endek Geometris berbasis susunan garis dan bidang berulang,susunan garis dan bidang berulang,deformasi,pola acak terkontrol,kontras bentuk dan warna; keseimbangan visual; kesatuan ornamen,warna merah dan emas yang kontras,"mempertimbangkan jarak antar ikatan minimal 0,5 cm agar warna celupan dapat masuk",digunakan dalam konteks budaya Bali,"Motif Endek Geometris berbasis susunan garis dan bidang berulang. Desain kain Endek Bali bertema geometris yang terinspirasi dari susunan garis dan bidang berulang. Motif dibuat menggunakan teknik deformasi, yaitu penyederhanaan struktur dan proporsi bentuk asli menjadi bentuk baru yang lebih dekoratif. Tata letak menggunakan pola acak terkontrol, dengan kontras bentuk dan warna, keseimbangan visual, dan kesatuan ornamen. Pewarnaan memakai warna merah dan emas yang kontras. Desain harus mempertimbangkan jarak antar ikatan minimal 0,5 cm agar warna celupan dapat masuk, tetap mempertahankan tekstur tenun ikat tradisional, dan digunakan dalam konteks budaya Bali."
geometris/G-011-geometris_102.jpg,D:\DISERTASI_S3\WIWIK\DATASET_L2\EndekGAN\EndekGAN_Dataset\geometris\G-011-geometris_102.jpg,geometris,3,133b8459b8e6d1b225d419f1af44b22e,Motif Endek Geometris berbasis ornamen geometris berbasis struktur ikat tradisional,ornamen geometris berbasis struktur ikat tradisional,distorsi,pola acak terkontrol,kesatuan ornamen; kontras bentuk dan warna; kesatuan ornamen,"warna biru, hitam, dan putih dengan kontras kuat","mempertimbangkan jarak antar ikatan minimal 0,5 cm agar warna celupan dapat masuk",memadukan unsur lama dan unsur baru secara kreatif,"Motif Endek Geometris berbasis ornamen geometris berbasis struktur ikat tradisional. Desain kain Endek Bali bertema geometris yang terinspirasi dari ornamen geometris berbasis struktur ikat tradisional. Motif dibuat menggunakan teknik distorsi, yaitu perubahan bentuk dengan penekanan atau pelebaran proporsi untuk menghasilkan karakter visual yang lebih ekspresif. Tata letak menggunakan pola acak terkontrol, dengan kesatuan ornamen, kontras bentuk dan warna, dan kesatuan ornamen. Pewarnaan memakai warna biru, hitam, dan putih dengan kontras kuat. Desain harus mempertimbangkan jarak antar ikatan minimal 0,5 cm agar warna celupan dapat masuk, tetap mempertahankan tekstur tenun ikat tradisional, dan memadukan unsur lama dan unsur baru secara kreatif."
geometris/G-012-geometris_84.jpg,D:\DISERTASI_S3\WIWIK\DATASET_L2\EndekGAN\EndekGAN_Dataset\geometris\G-012-geometris_84.jpg,geometris,3,a2c4246f30b29c5c668234c8bdf0b28f,"Motif Endek Geometris berbasis pola segitiga, segi empat, dan bentuk simetris","pola segitiga, segi empat, dan bentuk simetris",stilasi,pola tunggal,klimaks visual yang jelas; proporsi seimbang; kesatuan ornamen,warna cerah khas kain upacara Bali,"mempertimbangkan jarak antar ikatan minimal 0,5 cm agar warna celupan dapat masuk",digunakan dalam konteks budaya Bali,"Motif Endek Geometris berbasis pola segitiga, segi empat, dan bentuk simetris. Desain kain Endek Bali bertema geometris yang terinspirasi dari pola segitiga, segi empat, dan bentuk simetris. Motif dibuat menggunakan teknik stilasi, yaitu penggayaan bentuk asli menjadi ornamen dekoratif dengan tetap mempertahankan ciri utama objek sumber. Tata letak menggunakan pola tunggal, dengan klimaks visual yang jelas, proporsi seimbang, dan kesatuan ornamen. Pewarnaan memakai warna cerah khas kain upacara Bali. Desain harus mempertimbangkan jarak antar ikatan minimal 0,5 cm agar warna celupan dapat masuk, tetap mempertahankan tekstur tenun ikat tradisional, dan digunakan dalam konteks budaya Bali."
geometris/G-013-geometris_96.jpg,D:\DISERTASI_S3\WIWIK\DATASET_L2\EndekGAN\EndekGAN_Dataset\geometris\G-013-geometris_96.jpg,geometris,3,f85cf6a3796b5724862569679648a6af,Motif Endek Geometris berbasis ornamen geometris berbasis struktur ikat tradisional,ornamen geometris berbasis struktur ikat tradisional,deformasi,pola tunggal,keseimbangan visual; klimaks visual yang jelas; kesatuan ornamen,warna merah dan emas yang kontras,"mempertimbangkan jarak antar ikatan minimal 0,5 cm agar warna celupan dapat masuk",menjaga kesakralan dan kepantasan motif,"Motif Endek Geometris berbasis ornamen geometris berbasis struktur ikat tradisional. Desain kain Endek Bali bertema geometris yang terinspirasi dari ornamen geometris berbasis struktur ikat tradisional. Motif dibuat menggunakan teknik deformasi, yaitu penyederhanaan struktur dan proporsi bentuk asli menjadi bentuk baru yang lebih dekoratif. Tata letak menggunakan pola tunggal, dengan keseimbangan visual, klimaks visual yang jelas, dan kesatuan ornamen. Pewarnaan memakai warna merah dan emas yang kontras. Desain harus mempertimbangkan jarak antar ikatan minimal 0,5 cm agar warna celupan dapat masuk, tetap mempertahankan tekstur tenun ikat tradisional, dan menjaga kesakralan dan kepantasan motif."
geometris/G-014-geometris_103.jpg,D:\DISERTASI_S3\WIWIK\DATASET_L2\EndekGAN\EndekGAN_Dataset\geometris\G-014-geometris_103.jpg,geometris,3,fcc29c1de877c089fabe0a22226ea226,Motif Endek Geometris berbasis ornamen geometris berbasis struktur ikat tradisional,ornamen geometris berbasis struktur ikat tradisional,stilasi,pola tunggal,keseimbangan visual; proporsi seimbang; kesatuan ornamen,warna cerah khas kain upacara Bali,struktur ornamen tidak terlalu rapat sehingga dapat diendekkan,menjaga kesakralan dan kepantasan motif,"Motif Endek Geometris berbasis ornamen geometris berbasis struktur ikat tradisional. Desain kain Endek Bali bertema geometris yang terinspirasi dari ornamen geometris berbasis struktur ikat tradisional. Motif dibuat menggunakan teknik stilasi, yaitu penggayaan bentuk asli menjadi ornamen dekoratif dengan tetap mempertahankan ciri utama objek sumber. Tata letak menggunakan pola tunggal, dengan keseimbangan visual, proporsi seimbang, dan kesatuan ornamen. Pewarnaan memakai warna cerah khas kain upacara Bali. Desain harus struktur ornamen tidak terlalu rapat sehingga dapat diendekkan, tetap mempertahankan tekstur tenun ikat tradisional, dan menjaga kesakralan dan kepantasan motif."
geometris/G-015-geometris_95.jpg,D:\DISERTASI_S3\WIWIK\DATASET_L2\EndekGAN\EndekGAN_Dataset\geometris\G-015-geometris_95.jpg,geometris,3,df854e078d470c4ee31467c50a828105,Motif Endek Geometris berbasis komposisi geometris ritmis dengan pengulangan teratur,komposisi geometris ritmis dengan pengulangan teratur,deformasi,pola tunggal,proporsi seimbang; irama repetitif; kesatuan ornamen,warna cerah khas kain upacara Bali,motif tetap terbaca pada skala benang,"mengutamakan nilai estetika, fungsi, dan identitas lokal Endek Bali","Motif Endek Geometris berbasis komposisi geometris ritmis dengan pengulangan teratur. Desain kain Endek Bali bertema geometris yang terinspirasi dari komposisi geometris ritmis dengan pengulangan teratur. Motif dibuat menggunakan teknik deformasi, yaitu penyederhanaan struktur dan proporsi bentuk asli menjadi bentuk baru yang lebih dekoratif. Tata letak menggunakan pola tunggal, dengan proporsi seimbang, irama repetitif, dan kesatuan ornamen. Pewarnaan memakai warna cerah khas kain upacara Bali. Desain harus motif tetap terbaca pada skala benang, tetap mempertahankan tekstur tenun ikat tradisional, dan mengutamakan nilai estetika, fungsi, dan identitas lokal Endek Bali."
geometris/G-016-geometris_105.jpg,D:\DISERTASI_S3\WIWIK\DATASET_L2\EndekGAN\EndekGAN_Dataset\geometris\G-016-geometris_105.jpg,geometris,3,39b7aa4fd85aa2953fe9334a7d51773d,Motif Endek Geometris berbasis ornamen geometris berbasis struktur ikat tradisional,ornamen geometris berbasis struktur ikat tradisional,distorsi,pola ulang himpunan,keseimbangan visual; irama repetitif; kesatuan ornamen,warna merah dan emas yang kontras,layak diterapkan pada proses ikat tenun Endek,menjaga kesakralan dan kepantasan motif,"Motif Endek Geometris berbasis ornamen geometris berbasis struktur ikat tradisional. Desain kain Endek Bali bertema geometris yang terinspirasi dari ornamen geometris berbasis struktur ikat tradisional. Motif dibuat menggunakan teknik distorsi, yaitu perubahan bentuk dengan penekanan atau pelebaran proporsi untuk menghasilkan karakter visual yang lebih ekspresif. Tata letak menggunakan pola ulang himpunan, dengan keseimbangan visual, irama repetitif, dan kesatuan ornamen. Pewarnaan memakai warna merah dan emas yang kontras. Desain harus layak diterapkan pada proses ikat tenun Endek, tetap mempertahankan tekstur tenun ikat tradisional, dan menjaga kesakralan dan kepantasan motif."
geometris/G-017-geometris_79.jpg,D:\DISERTASI_S3\WIWIK\DATASET_L2\EndekGAN\EndekGAN_Dataset\geometris\G-017-geometris_79.jpg,geometris,3,baf18c544b011ccd706635dd85978b16,Motif Endek Geometris berbasis susunan garis dan bidang berulang,susunan garis dan bidang berulang,distorsi,pola ulang himpunan,keseimbangan visual; keseimbangan visual; kesatuan ornamen,warna merah dan emas yang kontras,motif tetap terbaca pada skala benang,menjaga kesakralan dan kepantasan motif,"Motif Endek Geometris berbasis susunan garis dan bidang berulang. Desain kain Endek Bali bertema geometris yang terinspirasi dari susunan garis dan bidang berulang. Motif dibuat menggunakan teknik distorsi, yaitu perubahan bentuk dengan penekanan atau pelebaran proporsi untuk menghasilkan karakter visual yang lebih ekspresif. Tata letak menggunakan pola ulang himpunan, dengan keseimbangan visual, keseimbangan visual, dan kesatuan ornamen. Pewarnaan memakai warna merah dan emas yang kontras. Desain harus motif tetap terbaca pada skala benang, tetap mempertahankan tekstur tenun ikat tradisional, dan menjaga kesakralan dan kepantasan motif."
geometris/G-018-geometris_74.jpg,D:\DISERTASI_S3\WIWIK\DATASET_L2\EndekGAN\EndekGAN_Dataset\geometris\G-018-geometris_74.jpg,geometris,3,eb5aeba8b0c222cb5b1614fdac77d100,Motif Endek Geometris berbasis susunan garis dan bidang berulang,susunan garis dan bidang berulang,stilasi,pola ulang menyeluruh,irama repetitif; kesatuan ornamen; kesatuan ornamen,warna cerah khas kain upacara Bali,motif tetap terbaca pada skala benang,"mengutamakan nilai estetika, fungsi, dan identitas lokal Endek Bali","Motif Endek Geometris berbasis susunan garis dan bidang berulang. Desain kain Endek Bali bertema geometris yang terinspirasi dari susunan garis dan bidang berulang. Motif dibuat menggunakan teknik stilasi, yaitu penggayaan bentuk asli menjadi ornamen dekoratif dengan tetap mempertahankan ciri utama objek sumber. Tata letak menggunakan pola ulang menyeluruh, dengan irama repetitif, kesatuan ornamen, dan kesatuan ornamen. Pewarnaan memakai warna cerah khas kain upacara Bali. Desain harus motif tetap terbaca pada skala benang, tetap mempertahankan tekstur tenun ikat tradisional, dan mengutamakan nilai estetika, fungsi, dan identitas lokal Endek Bali."
geometris/G-019-geometris_77.jpg,D:\DISERTASI_S3\WIWIK\DATASET_L2\EndekGAN\EndekGAN_Dataset\geometris\G-019-geometris_77.jpg,geometris,3,3135f9c92486f7f6738cd2d25dbd6ecc,Motif Endek Geometris berbasis komposisi geometris ritmis dengan pengulangan teratur,komposisi geometris ritmis dengan pengulangan teratur,stilasi,pola ulang menyeluruh,keseimbangan visual; irama repetitif; kesatuan ornamen,warna merah dan emas yang kontras,"mempertimbangkan jarak antar ikatan minimal 0,5 cm agar warna celupan dapat masuk",memadukan unsur lama dan unsur baru secara kreatif,"Motif Endek Geometris berbasis komposisi geometris ritmis dengan pengulangan teratur. Desain kain Endek Bali bertema geometris yang terinspirasi dari komposisi geometris ritmis dengan pengulangan teratur. Motif dibuat menggunakan teknik stilasi, yaitu penggayaan bentuk asli menjadi ornamen dekoratif dengan tetap mempertahankan ciri utama objek sumber. Tata letak menggunakan pola ulang menyeluruh, dengan keseimbangan visual, irama repetitif, dan kesatuan ornamen. Pewarnaan memakai warna merah dan emas yang kontras. Desain harus mempertimbangkan jarak antar ikatan minimal 0,5 cm agar warna celupan dapat masuk, tetap mempertahankan tekstur tenun ikat tradisional, dan memadukan unsur lama dan unsur baru secara kreatif."
geometris/G-020-geometris_78.jpg,D:\DISERTASI_S3\WIWIK\DATASET_L2\EndekGAN\EndekGAN_Dataset\geometris\G-020-geometris_78.jpg,geometris,3,ceaf2e06f1a8bd85e5a132590f035d2d,"Motif Endek Geometris berbasis pola segitiga, segi empat, dan bentuk simetris","pola segitiga, segi empat, dan bentuk simetris",distorsi,pola ulang himpunan,kontras bentuk dan warna; proporsi seimbang; kesatuan ornamen,"warna biru, hitam, dan putih dengan kontras kuat",motif tetap terbaca pada skala benang,"mengutamakan nilai estetika, fungsi, dan identitas lokal Endek Bali","Motif Endek Geometris berbasis pola segitiga, segi empat, dan bentuk simetris. Desain kain Endek Bali bertema geometris yang terinspirasi dari pola segitiga, segi empat, dan bentuk simetris. Motif dibuat menggunakan teknik distorsi, yaitu perubahan bentuk dengan penekanan atau pelebaran proporsi untuk menghasilkan karakter visual yang lebih ekspresif. Tata letak menggunakan pola ulang himpunan, dengan kontras bentuk dan warna, proporsi seimbang, dan kesatuan ornamen. Pewarnaan memakai warna biru, hitam, dan putih dengan kontras kuat. Desain harus motif tetap terbaca pada skala benang, tetap mempertahankan tekstur tenun ikat tradisional, dan mengutamakan nilai estetika, fungsi, dan identitas lokal Endek Bali."
geometris/G-021-geometris_56.jpg,D:\DISERTASI_S3\WIWIK\DATASET_L2\EndekGAN\EndekGAN_Dataset\geometris\G-021-geometris_56.jpg,geometris,3,ed9d81e992afd6d4880adba8c7402299,Motif Endek Geometris berbasis susunan garis dan bidang berulang,susunan garis dan bidang berulang,deformasi,pola tunggal,keseimbangan visual; irama repetitif; kesatuan ornamen,"warna biru, hitam, dan putih dengan kontras kuat",mempertahankan karakter tekstur tenun ikat tradisional,"mengutamakan nilai estetika, fungsi, dan identitas lokal Endek Bali","Motif Endek Geometris berbasis susunan garis dan bidang berulang. Desain kain Endek Bali bertema geometris yang terinspirasi dari susunan garis dan bidang berulang. Motif dibuat menggunakan teknik deformasi, yaitu penyederhanaan struktur dan proporsi bentuk asli menjadi bentuk baru yang lebih dekoratif. Tata letak menggunakan pola tunggal, dengan keseimbangan visual, irama repetitif, dan kesatuan ornamen. Pewarnaan memakai warna biru, hitam, dan putih dengan kontras kuat. Desain harus mempertahankan karakter tekstur tenun ikat tradisional, tetap mempertahankan tekstur tenun ikat tradisional, dan mengutamakan nilai estetika, fungsi, dan identitas lokal Endek Bali."
geometris/G-022-geometris_69.jpg,D:\DISERTASI_S3\WIWIK\DATASET_L2\EndekGAN\EndekGAN_Dataset\geometris\G-022-geometris_69.jpg,geometris,3,40c3a7356e8dada65611fa3c5e9be040,"Motif Endek Geometris berbasis pola segitiga, segi empat, dan bentuk simetris","pola segitiga, segi empat, dan bentuk simetris",stilasi,pola acak terkontrol,keseimbangan visual; kontras bentuk dan warna; kesatuan ornamen,warna hijau dan kuning yang harmonis,mempertahankan karakter tekstur tenun ikat tradisional,digunakan dalam konteks budaya Bali,"Motif Endek Geometris berbasis pola segitiga, segi empat, dan bentuk simetris. Desain kain Endek Bali bertema geometris yang terinspirasi dari pola segitiga, segi empat, dan bentuk simetris. Motif dibuat menggunakan teknik stilasi, yaitu penggayaan bentuk asli menjadi ornamen dekoratif dengan tetap mempertahankan ciri utama objek sumber. Tata letak menggunakan pola acak terkontrol, dengan keseimbangan visual, kontras bentuk dan warna, dan kesatuan ornamen. Pewarnaan memakai warna hijau dan kuning yang harmonis. Desain harus mempertahankan karakter tekstur tenun ikat tradisional, tetap mempertahankan tekstur tenun ikat tradisional, dan digunakan dalam konteks budaya Bali."
geometris/G-023-geometris_67.jpg,D:\DISERTASI_S3\WIWIK\DATASET_L2\EndekGAN\EndekGAN_Dataset\geometris\G-023-geometris_67.jpg,geometris,3,a208450e91634d24cdf7d65eabd7c94c,Motif Endek Geometris berbasis ornamen geometris berbasis struktur ikat tradisional,ornamen geometris berbasis struktur ikat tradisional,distorsi,pola ulang himpunan,irama repetitif; irama repetitif; kesatuan ornamen,"warna coklat, krem, dan emas bernuansa tradisional",layak diterapkan pada proses ikat tenun Endek,menjaga kesakralan dan kepantasan motif,"Motif Endek Geometris berbasis ornamen geometris berbasis struktur ikat tradisional. Desain kain Endek Bali bertema geometris yang terinspirasi dari ornamen geometris berbasis struktur ikat tradisional. Motif dibuat menggunakan teknik distorsi, yaitu perubahan bentuk dengan penekanan atau pelebaran proporsi untuk menghasilkan karakter visual yang lebih ekspresif. Tata letak menggunakan pola ulang himpunan, dengan irama repetitif, irama repetitif, dan kesatuan ornamen. Pewarnaan memakai warna coklat, krem, dan emas bernuansa tradisional. Desain harus layak diterapkan pada proses ikat tenun Endek, tetap mempertahankan tekstur tenun ikat tradisional, dan menjaga kesakralan dan kepantasan motif."
geometris/G-024-geometris_60.jpg,D:\DISERTASI_S3\WIWIK\DATASET_L2\EndekGAN\EndekGAN_Dataset\geometris\G-024-geometris_60.jpg,geometris,3,690463549d1022b700c8e48a7625b8ae,Motif Endek Geometris berbasis komposisi geometris ritmis dengan pengulangan teratur,komposisi geometris ritmis dengan pengulangan teratur,distorsi,pola tunggal,irama repetitif; kontras bentuk dan warna; kesatuan ornamen,"warna coklat, krem, dan emas bernuansa tradisional",mempertahankan karakter tekstur tenun ikat tradisional,"mengutamakan nilai estetika, fungsi, dan identitas lokal Endek Bali","Motif Endek Geometris berbasis komposisi geometris ritmis dengan pengulangan teratur. Desain kain Endek Bali bertema geometris yang terinspirasi dari komposisi geometris ritmis dengan pengulangan teratur. Motif dibuat menggunakan teknik distorsi, yaitu perubahan bentuk dengan penekanan atau pelebaran proporsi untuk menghasilkan karakter visual yang lebih ekspresif. Tata letak menggunakan pola tunggal, dengan irama repetitif, kontras bentuk dan warna, dan kesatuan ornamen. Pewarnaan memakai warna coklat, krem, dan emas bernuansa tradisional. Desain harus mempertahankan karakter tekstur tenun ikat tradisional, tetap mempertahankan tekstur tenun ikat tradisional, dan mengutamakan nilai estetika, fungsi, dan identitas lokal Endek Bali."
geometris/G-025-geometris_68.jpg,D:\DISERTASI_S3\WIWIK\DATASET_L2\EndekGAN\EndekGAN_Dataset\geometris\G-025-geometris_68.jpg,geometris,3,2eeaaa7b5fa477b5e1f2f4f284d78a05,"Motif Endek Geometris berbasis pola segitiga, segi empat, dan bentuk simetris","pola segitiga, segi empat, dan bentuk simetris",distorsi,pola ulang menyeluruh,kesatuan ornamen; kontras bentuk dan warna; kesatuan ornamen,warna merah dan emas yang kontras,struktur ornamen tidak terlalu rapat sehingga dapat diendekkan,digunakan dalam konteks budaya Bali,"Motif Endek Geometris berbasis pola segitiga, segi empat, dan bentuk simetris. Desain kain Endek Bali bertema geometris yang terinspirasi dari pola segitiga, segi empat, dan bentuk simetris. Motif dibuat menggunakan teknik distorsi, yaitu perubahan bentuk dengan penekanan atau pelebaran proporsi untuk menghasilkan karakter visual yang lebih ekspresif. Tata letak menggunakan pola ulang menyeluruh, dengan kesatuan ornamen, kontras bentuk dan warna, dan kesatuan ornamen. Pewarnaan memakai warna merah dan emas yang kontras. Desain harus struktur ornamen tidak terlalu rapat sehingga dapat diendekkan, tetap mempertahankan tekstur tenun ikat tradisional, dan digunakan dalam konteks budaya Bali."
geometris/G-026-geometris_66.jpg,D:\DISERTASI_S3\WIWIK\DATASET_L2\EndekGAN\EndekGAN_Dataset\geometris\G-026-geometris_66.jpg,geometris,3,c31ca251684553f41bece315cede18eb,Motif Endek Geometris berbasis komposisi geometris ritmis dengan pengulangan teratur,komposisi geometris ritmis dengan pengulangan teratur,distorsi,pola acak terkontrol,keseimbangan visual; kesatuan ornamen; kesatuan ornamen,warna hijau dan kuning yang harmonis,mempertahankan karakter tekstur tenun ikat tradisional,menjaga kesakralan dan kepantasan motif,"Motif Endek Geometris berbasis komposisi geometris ritmis dengan pengulangan teratur. Desain kain Endek Bali bertema geometris yang terinspirasi dari komposisi geometris ritmis dengan pengulangan teratur. Motif dibuat menggunakan teknik distorsi, yaitu perubahan bentuk dengan penekanan atau pelebaran proporsi untuk menghasilkan karakter visual yang lebih ekspresif. Tata letak menggunakan pola acak terkontrol, dengan keseimbangan visual, kesatuan ornamen, dan kesatuan ornamen. Pewarnaan memakai warna hijau dan kuning yang harmonis. Desain harus mempertahankan karakter tekstur tenun ikat tradisional, tetap mempertahankan tekstur tenun ikat tradisional, dan menjaga kesakralan dan kepantasan motif."
geometris/G-027-geometris_70.jpg,D:\DISERTASI_S3\WIWIK\DATASET_L2\EndekGAN\EndekGAN_Dataset\geometris\G-027-geometris_70.jpg,geometris,3,304d5bda82acd868dee2137bf831ec67,Motif Endek Geometris berbasis ornamen geometris berbasis struktur ikat tradisional,ornamen geometris berbasis struktur ikat tradisional,distorsi,pola tunggal,klimaks visual yang jelas; irama repetitif; kesatuan ornamen,warna hijau dan kuning yang harmonis,motif tetap terbaca pada skala benang,memadukan unsur lama dan unsur baru secara kreatif,"Motif Endek Geometris berbasis ornamen geometris berbasis struktur ikat tradisional. Desain kain Endek Bali bertema geometris yang terinspirasi dari ornamen geometris berbasis struktur ikat tradisional. Motif dibuat menggunakan teknik distorsi, yaitu perubahan bentuk dengan penekanan atau pelebaran proporsi untuk menghasilkan karakter visual yang lebih ekspresif. Tata letak menggunakan pola tunggal, dengan klimaks visual yang jelas, irama repetitif, dan kesatuan ornamen. Pewarnaan memakai warna hijau dan kuning yang harmonis. Desain harus motif tetap terbaca pada skala benang, tetap mempertahankan tekstur tenun ikat tradisional, dan memadukan unsur lama dan unsur baru secara kreatif."
geometris/G-028-geometris_64.jpg,D:\DISERTASI_S3\WIWIK\DATASET_L2\EndekGAN\EndekGAN_Dataset\geometris\G-028-geometris_64.jpg,geometris,3,468e8f2384db51fbcacc0a2bcf8670d6,Motif Endek Geometris berbasis komposisi geometris ritmis dengan pengulangan teratur,komposisi geometris ritmis dengan pengulangan teratur,deformasi,pola tunggal,klimaks visual yang jelas; kesatuan ornamen; kesatuan ornamen,"warna coklat, krem, dan emas bernuansa tradisional","mempertimbangkan jarak antar ikatan minimal 0,5 cm agar warna celupan dapat masuk",menjaga kesakralan dan kepantasan motif,"Motif Endek Geometris berbasis komposisi geometris ritmis dengan pengulangan teratur. Desain kain Endek Bali bertema geometris yang terinspirasi dari komposisi geometris ritmis dengan pengulangan teratur. Motif dibuat menggunakan teknik deformasi, yaitu penyederhanaan struktur dan proporsi bentuk asli menjadi bentuk baru yang lebih dekoratif. Tata letak menggunakan pola tunggal, dengan klimaks visual yang jelas, kesatuan ornamen, dan kesatuan ornamen. Pewarnaan memakai warna coklat, krem, dan emas bernuansa tradisional. Desain harus mempertimbangkan jarak antar ikatan minimal 0,5 cm agar warna celupan dapat masuk, tetap mempertahankan tekstur tenun ikat tradisional, dan menjaga kesakralan dan kepantasan motif."
geometris/G-029-geometris_65.jpg,D:\DISERTASI_S3\WIWIK\DATASET_L2\EndekGAN\EndekGAN_Dataset\geometris\G-029-geometris_65.jpg,geometris,3,85adf98b7eebb52695e725eebc2077dd,Motif Endek Geometris berbasis susunan garis dan bidang berulang,susunan garis dan bidang berulang,distorsi,pola ulang himpunan,irama repetitif; keseimbangan visual; kesatuan ornamen,"warna biru, hitam, dan putih dengan kontras kuat",layak diterapkan pada proses ikat tenun Endek,memadukan unsur lama dan unsur baru secara kreatif,"Motif Endek Geometris berbasis susunan garis dan bidang berulang. Desain kain Endek Bali bertema geometris yang terinspirasi dari susunan garis dan bidang berulang. Motif dibuat menggunakan teknik distorsi, yaitu perubahan bentuk dengan penekanan atau pelebaran proporsi untuk menghasilkan karakter visual yang lebih ekspresif. Tata letak menggunakan pola ulang himpunan, dengan irama repetitif, keseimbangan visual, dan kesatuan ornamen. Pewarnaan memakai warna biru, hitam, dan putih dengan kontras kuat. Desain harus layak diterapkan pada proses ikat tenun Endek, tetap mempertahankan tekstur tenun ikat tradisional, dan memadukan unsur lama dan unsur baru secara kreatif."
geometris/G-030-geometris_73.jpg,D:\DISERTASI_S3\WIWIK\DATASET_L2\EndekGAN\EndekGAN_Dataset\geometris\G-030-geometris_73.jpg,geometris,3,b6638c958592cd70cbd1dc24f613ce26,Motif Endek Geometris berbasis susunan garis dan bidang berulang,susunan garis dan bidang berulang,distorsi,pola ulang menyeluruh,klimaks visual yang jelas; kesatuan ornamen; kesatuan ornamen,warna cerah khas kain upacara Bali,"mempertimbangkan jarak antar ikatan minimal 0,5 cm agar warna celupan dapat masuk",memadukan unsur lama dan unsur baru secara kreatif,"Motif Endek Geometris berbasis susunan garis dan bidang berulang. Desain kain Endek Bali bertema geometris yang terinspirasi dari susunan garis dan bidang berulang. Motif dibuat menggunakan teknik distorsi, yaitu perubahan bentuk dengan penekanan atau pelebaran proporsi untuk menghasilkan karakter visual yang lebih ekspresif. Tata letak menggunakan pola ulang menyeluruh, dengan klimaks visual yang jelas, kesatuan ornamen, dan kesatuan ornamen. Pewarnaan memakai warna cerah khas kain upacara Bali. Desain harus mempertimbangkan jarak antar ikatan minimal 0,5 cm agar warna celupan dapat masuk, tetap mempertahankan tekstur tenun ikat tradisional, dan memadukan unsur lama dan unsur baru secara kreatif."
geometris/G-031-geometris_28.jpg,D:\DISERTASI_S3\WIWIK\DATASET_L2\EndekGAN\EndekGAN_Dataset\geometris\G-031-geometris_28.jpg,geometris,3,c76b96a8cbb442b648bc2d7fc7332c70,Motif Endek Geometris berbasis ornamen geometris berbasis struktur ikat tradisional,ornamen geometris berbasis struktur ikat tradisional,distorsi,pola tunggal,kesatuan ornamen; irama repetitif; kesatuan ornamen,warna cerah khas kain upacara Bali,mempertahankan karakter tekstur tenun ikat tradisional,menjaga kesakralan dan kepantasan motif,"Motif Endek Geometris berbasis ornamen geometris berbasis struktur ikat tradisional. Desain kain Endek Bali bertema geometris yang terinspirasi dari ornamen geometris berbasis struktur ikat tradisional. Motif dibuat menggunakan teknik distorsi, yaitu perubahan bentuk dengan penekanan atau pelebaran proporsi untuk menghasilkan karakter visual yang lebih ekspresif. Tata letak menggunakan pola tunggal, dengan kesatuan ornamen, irama repetitif, dan kesatuan ornamen. Pewarnaan memakai warna cerah khas kain upacara Bali. Desain harus mempertahankan karakter tekstur tenun ikat tradisional, tetap mempertahankan tekstur tenun ikat tradisional, dan menjaga kesakralan dan kepantasan motif."
geometris/G-032-geometris_32.jpg,D:\DISERTASI_S3\WIWIK\DATASET_L2\EndekGAN\EndekGAN_Dataset\geometris\G-032-geometris_32.jpg,geometris,3,5517f2d42b9f82b9f1f4ee409b8ff8c6,Motif Endek Geometris berbasis susunan garis dan bidang berulang,susunan garis dan bidang berulang,stilasi,pola ulang himpunan,klimaks visual yang jelas; irama repetitif; kesatuan ornamen,"warna biru, hitam, dan putih dengan kontras kuat","mempertimbangkan jarak antar ikatan minimal 0,5 cm agar warna celupan dapat masuk",menjaga kesakralan dan kepantasan motif,"Motif Endek Geometris berbasis susunan garis dan bidang berulang. Desain kain Endek Bali bertema geometris yang terinspirasi dari susunan garis dan bidang berulang. Motif dibuat menggunakan teknik stilasi, yaitu penggayaan bentuk asli menjadi ornamen dekoratif dengan tetap mempertahankan ciri utama objek sumber. Tata letak menggunakan pola ulang himpunan, dengan klimaks visual yang jelas, irama repetitif, dan kesatuan ornamen. Pewarnaan memakai warna biru, hitam, dan putih dengan kontras kuat. Desain harus mempertimbangkan jarak antar ikatan minimal 0,5 cm agar warna celupan dapat masuk, tetap mempertahankan tekstur tenun ikat tradisional, dan menjaga kesakralan dan kepantasan motif."
geometris/G-033-geometris_2.jpg,D:\DISERTASI_S3\WIWIK\DATASET_L2\EndekGAN\EndekGAN_Dataset\geometris\G-033-geometris_2.jpg,geometris,3,a989f3f6b0c523c18111adec06132540,Motif Endek Geometris berbasis ornamen geometris berbasis struktur ikat tradisional,ornamen geometris berbasis struktur ikat tradisional,deformasi,pola ulang himpunan,klimaks visual yang jelas; proporsi seimbang; kesatuan ornamen,warna cerah khas kain upacara Bali,mempertahankan karakter tekstur tenun ikat tradisional,memadukan unsur lama dan unsur baru secara kreatif,"Motif Endek Geometris berbasis ornamen geometris berbasis struktur ikat tradisional. Desain kain Endek Bali bertema geometris yang terinspirasi dari ornamen geometris berbasis struktur ikat tradisional. Motif dibuat menggunakan teknik deformasi, yaitu penyederhanaan struktur dan proporsi bentuk asli menjadi bentuk baru yang lebih dekoratif. Tata letak menggunakan pola ulang himpunan, dengan klimaks visual yang jelas, proporsi seimbang, dan kesatuan ornamen. Pewarnaan memakai warna cerah khas kain upacara Bali. Desain harus mempertahankan karakter tekstur tenun ikat tradisional, tetap mempertahankan tekstur tenun ikat tradisional, dan memadukan unsur lama dan unsur baru secara kreatif."
geometris/G-034-geometris_46.jpg,D:\DISERTASI_S3\WIWIK\DATASET_L2\EndekGAN\EndekGAN_Dataset\geometris\G-034-geometris_46.jpg,geometris,3,7a39eebf6d52c5907905aa335df4d2aa,Motif Endek Geometris berbasis susunan garis dan bidang berulang,susunan garis dan bidang berulang,deformasi,pola acak terkontrol,kontras bentuk dan warna; irama repetitif; kesatuan ornamen,"warna coklat, krem, dan emas bernuansa tradisional",struktur ornamen tidak terlalu rapat sehingga dapat diendekkan,digunakan dalam konteks budaya Bali,"Motif Endek Geometris berbasis susunan garis dan bidang berulang. Desain kain Endek Bali bertema geometris yang terinspirasi dari susunan garis dan bidang berulang. Motif dibuat menggunakan teknik deformasi, yaitu penyederhanaan struktur dan proporsi bentuk asli menjadi bentuk baru yang lebih dekoratif. Tata letak menggunakan pola acak terkontrol, dengan kontras bentuk dan warna, irama repetitif, dan kesatuan ornamen. Pewarnaan memakai warna coklat, krem, dan emas bernuansa tradisional. Desain harus struktur ornamen tidak terlalu rapat sehingga dapat diendekkan, tetap mempertahankan tekstur tenun ikat tradisional, dan digunakan dalam konteks budaya Bali."
geometris/G-035-geometris_26.jpg,D:\DISERTASI_S3\WIWIK\DATASET_L2\EndekGAN\EndekGAN_Dataset\geometris\G-035-geometris_26.jpg,geometris,3,0c61ab0cd00eda63937ddad96a5d6a28,"Motif Endek Geometris berbasis pola segitiga, segi empat, dan bentuk simetris","pola segitiga, segi empat, dan bentuk simetris",distorsi,pola tunggal,klimaks visual yang jelas; kesatuan ornamen; kesatuan ornamen,warna hijau dan kuning yang harmonis,motif tetap terbaca pada skala benang,"mengutamakan nilai estetika, fungsi, dan identitas lokal Endek Bali","Motif Endek Geometris berbasis pola segitiga, segi empat, dan bentuk simetris. Desain kain Endek Bali bertema geometris yang terinspirasi dari pola segitiga, segi empat, dan bentuk simetris. Motif dibuat menggunakan teknik distorsi, yaitu perubahan bentuk dengan penekanan atau pelebaran proporsi untuk menghasilkan karakter visual yang lebih ekspresif. Tata letak menggunakan pola tunggal, dengan klimaks visual yang jelas, kesatuan ornamen, dan kesatuan ornamen. Pewarnaan memakai warna hijau dan kuning yang harmonis. Desain harus motif tetap terbaca pada skala benang, tetap mempertahankan tekstur tenun ikat tradisional, dan mengutamakan nilai estetika, fungsi, dan identitas lokal Endek Bali."
geometris/G-036-geometris_21.jpg,D:\DISERTASI_S3\WIWIK\DATASET_L2\EndekGAN\EndekGAN_Dataset\geometris\G-036-geometris_21.jpg,geometris,3,fc91471dbbea62f50ba02d13f4da98ad,Motif Endek Geometris berbasis komposisi geometris ritmis dengan pengulangan teratur,komposisi geometris ritmis dengan pengulangan teratur,stilasi,pola ulang himpunan,irama repetitif; klimaks visual yang jelas; kesatuan ornamen,warna cerah khas kain upacara Bali,mempertahankan karakter tekstur tenun ikat tradisional,menjaga kesakralan dan kepantasan motif,"Motif Endek Geometris berbasis komposisi geometris ritmis dengan pengulangan teratur. Desain kain Endek Bali bertema geometris yang terinspirasi dari komposisi geometris ritmis dengan pengulangan teratur. Motif dibuat menggunakan teknik stilasi, yaitu penggayaan bentuk asli menjadi ornamen dekoratif dengan tetap mempertahankan ciri utama objek sumber. Tata letak menggunakan pola ulang himpunan, dengan irama repetitif, klimaks visual yang jelas, dan kesatuan ornamen. Pewarnaan memakai warna cerah khas kain upacara Bali. Desain harus mempertahankan karakter tekstur tenun ikat tradisional, tetap mempertahankan tekstur tenun ikat tradisional, dan menjaga kesakralan dan kepantasan motif."
geometris/G-037-geometris_45.jpg,D:\DISERTASI_S3\WIWIK\DATASET_L2\EndekGAN\EndekGAN_Dataset\geometris\G-037-geometris_45.jpg,geometris,3,ab0259582624fd1a3e0b1bbe5183351b,Motif Endek Geometris berbasis ornamen geometris berbasis struktur ikat tradisional,ornamen geometris berbasis struktur ikat tradisional,stilasi,pola ulang himpunan,proporsi seimbang; irama repetitif; kesatuan ornamen,"warna biru, hitam, dan putih dengan kontras kuat",struktur ornamen tidak terlalu rapat sehingga dapat diendekkan,digunakan dalam konteks budaya Bali,"Motif Endek Geometris berbasis ornamen geometris berbasis struktur ikat tradisional. Desain kain Endek Bali bertema geometris yang terinspirasi dari ornamen geometris berbasis struktur ikat tradisional. Motif dibuat menggunakan teknik stilasi, yaitu penggayaan bentuk asli menjadi ornamen dekoratif dengan tetap mempertahankan ciri utama objek sumber. Tata letak menggunakan pola ulang himpunan, dengan proporsi seimbang, irama repetitif, dan kesatuan ornamen. Pewarnaan memakai warna biru, hitam, dan putih dengan kontras kuat. Desain harus struktur ornamen tidak terlalu rapat sehingga dapat diendekkan, tetap mempertahankan tekstur tenun ikat tradisional, dan digunakan dalam konteks budaya Bali."
geometris/G-038-geometris_8.jpg,D:\DISERTASI_S3\WIWIK\DATASET_L2\EndekGAN\EndekGAN_Dataset\geometris\G-038-geometris_8.jpg,geometris,3,f5af08bbb71c5eea4ffb8eeb95ed11a7,Motif Endek Geometris berbasis komposisi geometris ritmis dengan pengulangan teratur,komposisi geometris ritmis dengan pengulangan teratur,deformasi,pola ulang menyeluruh,kesatuan ornamen; keseimbangan visual; kesatuan ornamen,warna merah dan emas yang kontras,motif tetap terbaca pada skala benang,menjaga kesakralan dan kepantasan motif,"Motif Endek Geometris berbasis komposisi geometris ritmis dengan pengulangan teratur. Desain kain Endek Bali bertema geometris yang terinspirasi dari komposisi geometris ritmis dengan pengulangan teratur. Motif dibuat menggunakan teknik deformasi, yaitu penyederhanaan struktur dan proporsi bentuk asli menjadi bentuk baru yang lebih dekoratif. Tata letak menggunakan pola ulang menyeluruh, dengan kesatuan ornamen, keseimbangan visual, dan kesatuan ornamen. Pewarnaan memakai warna merah dan emas yang kontras. Desain harus motif tetap terbaca pada skala benang, tetap mempertahankan tekstur tenun ikat tradisional, dan menjaga kesakralan dan kepantasan motif."
geometris/G-039-geometris_1.jpg,D:\DISERTASI_S3\WIWIK\DATASET_L2\EndekGAN\EndekGAN_Dataset\geometris\G-039-geometris_1.jpg,geometris,3,a4880cf69e3023a7c7709e484f9a1d78,Motif Endek Geometris berbasis ornamen geometris berbasis struktur ikat tradisional,ornamen geometris berbasis struktur ikat tradisional,stilasi,pola acak terkontrol,klimaks visual yang jelas; irama repetitif; kesatuan ornamen,warna hijau dan kuning yang harmonis,struktur ornamen tidak terlalu rapat sehingga dapat diendekkan,menjaga kesakralan dan kepantasan motif,"Motif Endek Geometris berbasis ornamen geometris berbasis struktur ikat tradisional. Desain kain Endek Bali bertema geometris yang terinspirasi dari ornamen geometris berbasis struktur ikat tradisional. Motif dibuat menggunakan teknik stilasi, yaitu penggayaan bentuk asli menjadi ornamen dekoratif dengan tetap mempertahankan ciri utama objek sumber. Tata letak menggunakan pola acak terkontrol, dengan klimaks visual yang jelas, irama repetitif, dan kesatuan ornamen. Pewarnaan memakai warna hijau dan kuning yang harmonis. Desain harus struktur ornamen tidak terlalu rapat sehingga dapat diendekkan, tetap mempertahankan tekstur tenun ikat tradisional, dan menjaga kesakralan dan kepantasan motif."
geometris/G-040-geometris_16.jpg,D:\DISERTASI_S3\WIWIK\DATASET_L2\EndekGAN\EndekGAN_Dataset\geometris\G-040-geometris_16.jpg,geometris,3,8e8614cd126bbfee53b724e24dca6603,Motif Endek Geometris berbasis ornamen geometris berbasis struktur ikat tradisional,ornamen geometris berbasis struktur ikat tradisional,distorsi,pola acak terkontrol,kesatuan ornamen; klimaks visual yang jelas; kesatuan ornamen,"warna biru, hitam, dan putih dengan kontras kuat",mempertahankan karakter tekstur tenun ikat tradisional,"mengutamakan nilai estetika, fungsi, dan identitas lokal Endek Bali","Motif Endek Geometris berbasis ornamen geometris berbasis struktur ikat tradisional. Desain kain Endek Bali bertema geometris yang terinspirasi dari ornamen geometris berbasis struktur ikat tradisional. Motif dibuat menggunakan teknik distorsi, yaitu perubahan bentuk dengan penekanan atau pelebaran proporsi untuk menghasilkan karakter visual yang lebih ekspresif. Tata letak menggunakan pola acak terkontrol, dengan kesatuan ornamen, klimaks visual yang jelas, dan kesatuan ornamen. Pewarnaan memakai warna biru, hitam, dan putih dengan kontras kuat. Desain harus mempertahankan karakter tekstur tenun ikat tradisional, tetap mempertahankan tekstur tenun ikat tradisional, dan mengutamakan nilai estetika, fungsi, dan identitas lokal Endek Bali."
geometris/G-041-geometris_23.jpg,D:\DISERTASI_S3\WIWIK\DATASET_L2\EndekGAN\EndekGAN_Dataset\geometris\G-041-geometris_23.jpg,geometris,3,edac3704384b3da573d35fbf707f6c59,Motif Endek Geometris berbasis komposisi geometris ritmis dengan pengulangan teratur,komposisi geometris ritmis dengan pengulangan teratur,deformasi,pola ulang menyeluruh,proporsi seimbang; irama repetitif; kesatuan ornamen,"warna coklat, krem, dan emas bernuansa tradisional","mempertimbangkan jarak antar ikatan minimal 0,5 cm agar warna celupan dapat masuk",digunakan dalam konteks budaya Bali,"Motif Endek Geometris berbasis komposisi geometris ritmis dengan pengulangan teratur. Desain kain Endek Bali bertema geometris yang terinspirasi dari komposisi geometris ritmis dengan pengulangan teratur. Motif dibuat menggunakan teknik deformasi, yaitu penyederhanaan struktur dan proporsi bentuk asli menjadi bentuk baru yang lebih dekoratif. Tata letak menggunakan pola ulang menyeluruh, dengan proporsi seimbang, irama repetitif, dan kesatuan ornamen. Pewarnaan memakai warna coklat, krem, dan emas bernuansa tradisional. Desain harus mempertimbangkan jarak antar ikatan minimal 0,5 cm agar warna celupan dapat masuk, tetap mempertahankan tekstur tenun ikat tradisional, dan digunakan dalam konteks budaya Bali."
geometris/G-042-geometris_31.jpg,D:\DISERTASI_S3\WIWIK\DATASET_L2\EndekGAN\EndekGAN_Dataset\geometris\G-042-geometris_31.jpg,geometris,3,a081bd666f692f71252dc0171fff433b,Motif Endek Geometris berbasis susunan garis dan bidang berulang,susunan garis dan bidang berulang,distorsi,pola ulang himpunan,keseimbangan visual; klimaks visual yang jelas; kesatuan ornamen,"warna biru, hitam, dan putih dengan kontras kuat",struktur ornamen tidak terlalu rapat sehingga dapat diendekkan,digunakan dalam konteks budaya Bali,"Motif Endek Geometris berbasis susunan garis dan bidang berulang. Desain kain Endek Bali bertema geometris yang terinspirasi dari susunan garis dan bidang berulang. Motif dibuat menggunakan teknik distorsi, yaitu perubahan bentuk dengan penekanan atau pelebaran proporsi untuk menghasilkan karakter visual yang lebih ekspresif. Tata letak menggunakan pola ulang himpunan, dengan keseimbangan visual, klimaks visual yang jelas, dan kesatuan ornamen. Pewarnaan memakai warna biru, hitam, dan putih dengan kontras kuat. Desain harus struktur ornamen tidak terlalu rapat sehingga dapat diendekkan, tetap mempertahankan tekstur tenun ikat tradisional, dan digunakan dalam konteks budaya Bali."
geometris/G-043-geometris_47.jpg,D:\DISERTASI_S3\WIWIK\DATASET_L2\EndekGAN\EndekGAN_Dataset\geometris\G-043-geometris_47.jpg,geometris,3,f937e85e56cd06283efe0169a8f3e7da,Motif Endek Geometris berbasis ornamen geometris berbasis struktur ikat tradisional,ornamen geometris berbasis struktur ikat tradisional,deformasi,pola acak terkontrol,kesatuan ornamen; kesatuan ornamen; kesatuan ornamen,"warna biru, hitam, dan putih dengan kontras kuat","mempertimbangkan jarak antar ikatan minimal 0,5 cm agar warna celupan dapat masuk",menjaga kesakralan dan kepantasan motif,"Motif Endek Geometris berbasis ornamen geometris berbasis struktur ikat tradisional. Desain kain Endek Bali bertema geometris yang terinspirasi dari ornamen geometris berbasis struktur ikat tradisional. Motif dibuat menggunakan teknik deformasi, yaitu penyederhanaan struktur dan proporsi bentuk asli menjadi bentuk baru yang lebih dekoratif. Tata letak menggunakan pola acak terkontrol, dengan kesatuan ornamen, kesatuan ornamen, dan kesatuan ornamen. Pewarnaan memakai warna biru, hitam, dan putih dengan kontras kuat. Desain harus mempertimbangkan jarak antar ikatan minimal 0,5 cm agar warna celupan dapat masuk, tetap mempertahankan tekstur tenun ikat tradisional, dan menjaga kesakralan dan kepantasan motif."
geometris/G-044-geometris_33.jpg,D:\DISERTASI_S3\WIWIK\DATASET_L2\EndekGAN\EndekGAN_Dataset\geometris\G-044-geometris_33.jpg,geometris,3,4f6c4bd97ef8ced7ec0d6d5dfa1e8ef4,Motif Endek Geometris berbasis komposisi geometris ritmis dengan pengulangan teratur,komposisi geometris ritmis dengan pengulangan teratur,deformasi,pola ulang himpunan,keseimbangan visual; klimaks visual yang jelas; kesatuan ornamen,"warna biru, hitam, dan putih dengan kontras kuat",struktur ornamen tidak terlalu rapat sehingga dapat diendekkan,memadukan unsur lama dan unsur baru secara kreatif,"Motif Endek Geometris berbasis komposisi geometris ritmis dengan pengulangan teratur. Desain kain Endek Bali bertema geometris yang terinspirasi dari komposisi geometris ritmis dengan pengulangan teratur. Motif dibuat menggunakan teknik deformasi, yaitu penyederhanaan struktur dan proporsi bentuk asli menjadi bentuk baru yang lebih dekoratif. Tata letak menggunakan pola ulang himpunan, dengan keseimbangan visual, klimaks visual yang jelas, dan kesatuan ornamen. Pewarnaan memakai warna biru, hitam, dan putih dengan kontras kuat. Desain harus struktur ornamen tidak terlalu rapat sehingga dapat diendekkan, tetap mempertahankan tekstur tenun ikat tradisional, dan memadukan unsur lama dan unsur baru secara kreatif."
geometris/G-045-geometris_34.jpg,D:\DISERTASI_S3\WIWIK\DATASET_L2\EndekGAN\EndekGAN_Dataset\geometris\G-045-geometris_34.jpg,geometris,3,651f39a33220b3dd2d352eec52e72a17,Motif Endek Geometris berbasis susunan garis dan bidang berulang,susunan garis dan bidang berulang,stilasi,pola tunggal,kesatuan ornamen; klimaks visual yang jelas; kesatuan ornamen,warna cerah khas kain upacara Bali,motif tetap terbaca pada skala benang,memadukan unsur lama dan unsur baru secara kreatif,"Motif Endek Geometris berbasis susunan garis dan bidang berulang. Desain kain Endek Bali bertema geometris yang terinspirasi dari susunan garis dan bidang berulang. Motif dibuat menggunakan teknik stilasi, yaitu penggayaan bentuk asli menjadi ornamen dekoratif dengan tetap mempertahankan ciri utama objek sumber. Tata letak menggunakan pola tunggal, dengan kesatuan ornamen, klimaks visual yang jelas, dan kesatuan ornamen. Pewarnaan memakai warna cerah khas kain upacara Bali. Desain harus motif tetap terbaca pada skala benang, tetap mempertahankan tekstur tenun ikat tradisional, dan memadukan unsur lama dan unsur baru secara kreatif."
geometris/G-046-geometris_24.jpg,D:\DISERTASI_S3\WIWIK\DATASET_L2\EndekGAN\EndekGAN_Dataset\geometris\G-046-geometris_24.jpg,geometris,3,9c3b45f559571ee710ffba41e0ad1fd6,Motif Endek Geometris berbasis susunan garis dan bidang berulang,susunan garis dan bidang berulang,deformasi,pola ulang menyeluruh,kontras bentuk dan warna; kontras bentuk dan warna; kesatuan ornamen,"warna biru, hitam, dan putih dengan kontras kuat",layak diterapkan pada proses ikat tenun Endek,menjaga kesakralan dan kepantasan motif,"Motif Endek Geometris berbasis susunan garis dan bidang berulang. Desain kain Endek Bali bertema geometris yang terinspirasi dari susunan garis dan bidang berulang. Motif dibuat menggunakan teknik deformasi, yaitu penyederhanaan struktur dan proporsi bentuk asli menjadi bentuk baru yang lebih dekoratif. Tata letak menggunakan pola ulang menyeluruh, dengan kontras bentuk dan warna, kontras bentuk dan warna, dan kesatuan ornamen. Pewarnaan memakai warna biru, hitam, dan putih dengan kontras kuat. Desain harus layak diterapkan pada proses ikat tenun Endek, tetap mempertahankan tekstur tenun ikat tradisional, dan menjaga kesakralan dan kepantasan motif."
geometris/G-047-geometris_14.jpg,D:\DISERTASI_S3\WIWIK\DATASET_L2\EndekGAN\EndekGAN_Dataset\geometris\G-047-geometris_14.jpg,geometris,3,657e513802b638bf97de2b2d7561c675,Motif Endek Geometris berbasis komposisi geometris ritmis dengan pengulangan teratur,komposisi geometris ritmis dengan pengulangan teratur,distorsi,pola tunggal,kesatuan ornamen; irama repetitif; kesatuan ornamen,"warna biru, hitam, dan putih dengan kontras kuat",motif tetap terbaca pada skala benang,"mengutamakan nilai estetika, fungsi, dan identitas lokal Endek Bali","Motif Endek Geometris berbasis komposisi geometris ritmis dengan pengulangan teratur. Desain kain Endek Bali bertema geometris yang terinspirasi dari komposisi geometris ritmis dengan pengulangan teratur. Motif dibuat menggunakan teknik distorsi, yaitu perubahan bentuk dengan penekanan atau pelebaran proporsi untuk menghasilkan karakter visual yang lebih ekspresif. Tata letak menggunakan pola tunggal, dengan kesatuan ornamen, irama repetitif, dan kesatuan ornamen. Pewarnaan memakai warna biru, hitam, dan putih dengan kontras kuat. Desain harus motif tetap terbaca pada skala benang, tetap mempertahankan tekstur tenun ikat tradisional, dan mengutamakan nilai estetika, fungsi, dan identitas lokal Endek Bali."
geometris/G-048-geometris_22.jpg,D:\DISERTASI_S3\WIWIK\DATASET_L2\EndekGAN\EndekGAN_Dataset\geometris\G-048-geometris_22.jpg,geometris,3,973a819c7f1b74e8450e9996155b080b,Motif Endek Geometris berbasis susunan garis dan bidang berulang,susunan garis dan bidang berulang,distorsi,pola acak terkontrol,irama repetitif; irama repetitif; kesatuan ornamen,"warna coklat, krem, dan emas bernuansa tradisional",struktur ornamen tidak terlalu rapat sehingga dapat diendekkan,memadukan unsur lama dan unsur baru secara kreatif,"Motif Endek Geometris berbasis susunan garis dan bidang berulang. Desain kain Endek Bali bertema geometris yang terinspirasi dari susunan garis dan bidang berulang. Motif dibuat menggunakan teknik distorsi, yaitu perubahan bentuk dengan penekanan atau pelebaran proporsi untuk menghasilkan karakter visual yang lebih ekspresif. Tata letak menggunakan pola acak terkontrol, dengan irama repetitif, irama repetitif, dan kesatuan ornamen. Pewarnaan memakai warna coklat, krem, dan emas bernuansa tradisional. Desain harus struktur ornamen tidak terlalu rapat sehingga dapat diendekkan, tetap mempertahankan tekstur tenun ikat tradisional, dan memadukan unsur lama dan unsur baru secara kreatif."
geometris/G-049-geometris_18.jpg,D:\DISERTASI_S3\WIWIK\DATASET_L2\EndekGAN\EndekGAN_Dataset\geometris\G-049-geometris_18.jpg,geometris,3,831aac7519b3ef11990a531be4adc98b,Motif Endek Geometris berbasis susunan garis dan bidang berulang,susunan garis dan bidang berulang,deformasi,pola tunggal,kesatuan ornamen; irama repetitif; kesatuan ornamen,warna cerah khas kain upacara Bali,"mempertimbangkan jarak antar ikatan minimal 0,5 cm agar warna celupan dapat masuk",digunakan dalam konteks budaya Bali,"Motif Endek Geometris berbasis susunan garis dan bidang berulang. Desain kain Endek Bali bertema geometris yang terinspirasi dari susunan garis dan bidang berulang. Motif dibuat menggunakan teknik deformasi, yaitu penyederhanaan struktur dan proporsi bentuk asli menjadi bentuk baru yang lebih dekoratif. Tata letak menggunakan pola tunggal, dengan kesatuan ornamen, irama repetitif, dan kesatuan ornamen. Pewarnaan memakai warna cerah khas kain upacara Bali. Desain harus mempertimbangkan jarak antar ikatan minimal 0,5 cm agar warna celupan dapat masuk, tetap mempertahankan tekstur tenun ikat tradisional, dan digunakan dalam konteks budaya Bali."
geometris/G-050-geometris_17.jpg,D:\DISERTASI_S3\WIWIK\DATASET_L2\EndekGAN\EndekGAN_Dataset\geometris\G-050-geometris_17.jpg,geometris,3,fdfb5a652cdd7499c8db57ec67899948,Motif Endek Geometris berbasis susunan garis dan bidang berulang,susunan garis dan bidang berulang,stilasi,pola ulang himpunan,klimaks visual yang jelas; irama repetitif; kesatuan ornamen,warna merah dan emas yang kontras,mempertahankan karakter tekstur tenun ikat tradisional,memadukan unsur lama dan unsur baru secara kreatif,"Motif Endek Geometris berbasis susunan garis dan bidang berulang. Desain kain Endek Bali bertema geometris yang terinspirasi dari susunan garis dan bidang berulang. Motif dibuat menggunakan teknik stilasi, yaitu penggayaan bentuk asli menjadi ornamen dekoratif dengan tetap mempertahankan ciri utama objek sumber. Tata letak menggunakan pola ulang himpunan, dengan klimaks visual yang jelas, irama repetitif, dan kesatuan ornamen. Pewarnaan memakai warna merah dan emas yang kontras. Desain harus mempertahankan karakter tekstur tenun ikat tradisional, tetap mempertahankan tekstur tenun ikat tradisional, dan memadukan unsur lama dan unsur baru secara kreatif."
geometris/G-051-geometris_27.jpg,D:\DISERTASI_S3\WIWIK\DATASET_L2\EndekGAN\EndekGAN_Dataset\geometris\G-051-geometris_27.jpg,geometris,3,1b79f44d72ac8f88f3f4e6083d3c3d05,Motif Endek Geometris berbasis komposisi geometris ritmis dengan pengulangan teratur,komposisi geometris ritmis dengan pengulangan teratur,stilasi,pola tunggal,kontras bentuk dan warna; proporsi seimbang; kesatuan ornamen,warna hijau dan kuning yang harmonis,struktur ornamen tidak terlalu rapat sehingga dapat diendekkan,"mengutamakan nilai estetika, fungsi, dan identitas lokal Endek Bali","Motif Endek Geometris berbasis komposisi geometris ritmis dengan pengulangan teratur. Desain kain Endek Bali bertema geometris yang terinspirasi dari komposisi geometris ritmis dengan pengulangan teratur. Motif dibuat menggunakan teknik stilasi, yaitu penggayaan bentuk asli menjadi ornamen dekoratif dengan tetap mempertahankan ciri utama objek sumber. Tata letak menggunakan pola tunggal, dengan kontras bentuk dan warna, proporsi seimbang, dan kesatuan ornamen. Pewarnaan memakai warna hijau dan kuning yang harmonis. Desain harus struktur ornamen tidak terlalu rapat sehingga dapat diendekkan, tetap mempertahankan tekstur tenun ikat tradisional, dan mengutamakan nilai estetika, fungsi, dan identitas lokal Endek Bali."
geometris/G-052-geometris_4.jpg,D:\DISERTASI_S3\WIWIK\DATASET_L2\EndekGAN\EndekGAN_Dataset\geometris\G-052-geometris_4.jpg,geometris,3,906ca069012b0c55c922f56c013c8244,"Motif Endek Geometris berbasis pola segitiga, segi empat, dan bentuk simetris","pola segitiga, segi empat, dan bentuk simetris",stilasi,pola acak terkontrol,kontras bentuk dan warna; keseimbangan visual; kesatuan ornamen,"warna biru, hitam, dan putih dengan kontras kuat",layak diterapkan pada proses ikat tenun Endek,digunakan dalam konteks budaya Bali,"Motif Endek Geometris berbasis pola segitiga, segi empat, dan bentuk simetris. Desain kain Endek Bali bertema geometris yang terinspirasi dari pola segitiga, segi empat, dan bentuk simetris. Motif dibuat menggunakan teknik stilasi, yaitu penggayaan bentuk asli menjadi ornamen dekoratif dengan tetap mempertahankan ciri utama objek sumber. Tata letak menggunakan pola acak terkontrol, dengan kontras bentuk dan warna, keseimbangan visual, dan kesatuan ornamen. Pewarnaan memakai warna biru, hitam, dan putih dengan kontras kuat. Desain harus layak diterapkan pada proses ikat tenun Endek, tetap mempertahankan tekstur tenun ikat tradisional, dan digunakan dalam konteks budaya Bali."
geometris/G-053-geometris_36.jpg,D:\DISERTASI_S3\WIWIK\DATASET_L2\EndekGAN\EndekGAN_Dataset\geometris\G-053-geometris_36.jpg,geometris,3,054d455e36fb26d4cc890383e8dd748f,Motif Endek Geometris berbasis ornamen geometris berbasis struktur ikat tradisional,ornamen geometris berbasis struktur ikat tradisional,stilasi,pola tunggal,kontras bentuk dan warna; klimaks visual yang jelas; kesatuan ornamen,"warna coklat, krem, dan emas bernuansa tradisional",motif tetap terbaca pada skala benang,"mengutamakan nilai estetika, fungsi, dan identitas lokal Endek Bali","Motif Endek Geometris berbasis ornamen geometris berbasis struktur ikat tradisional. Desain kain Endek Bali bertema geometris yang terinspirasi dari ornamen geometris berbasis struktur ikat tradisional. Motif dibuat menggunakan teknik stilasi, yaitu penggayaan bentuk asli menjadi ornamen dekoratif dengan tetap mempertahankan ciri utama objek sumber. Tata letak menggunakan pola tunggal, dengan kontras bentuk dan warna, klimaks visual yang jelas, dan kesatuan ornamen. Pewarnaan memakai warna coklat, krem, dan emas bernuansa tradisional. Desain harus motif tetap terbaca pada skala benang, tetap mempertahankan tekstur tenun ikat tradisional, dan mengutamakan nilai estetika, fungsi, dan identitas lokal Endek Bali."
geometris/G-054-geometris_50.jpg,D:\DISERTASI_S3\WIWIK\DATASET_L2\EndekGAN\EndekGAN_Dataset\geometris\G-054-geometris_50.jpg,geometris,3,0cdee1a1a5e8003ff8d06efda6552b8c,Motif Endek Geometris berbasis komposisi geometris ritmis dengan pengulangan teratur,komposisi geometris ritmis dengan pengulangan teratur,stilasi,pola acak terkontrol,irama repetitif; kontras bentuk dan warna; kesatuan ornamen,"warna coklat, krem, dan emas bernuansa tradisional",struktur ornamen tidak terlalu rapat sehingga dapat diendekkan,memadukan unsur lama dan unsur baru secara kreatif,"Motif Endek Geometris berbasis komposisi geometris ritmis dengan pengulangan teratur. Desain kain Endek Bali bertema geometris yang terinspirasi dari komposisi geometris ritmis dengan pengulangan teratur. Motif dibuat menggunakan teknik stilasi, yaitu penggayaan bentuk asli menjadi ornamen dekoratif dengan tetap mempertahankan ciri utama objek sumber. Tata letak menggunakan pola acak terkontrol, dengan irama repetitif, kontras bentuk dan warna, dan kesatuan ornamen. Pewarnaan memakai warna coklat, krem, dan emas bernuansa tradisional. Desain harus struktur ornamen tidak terlalu rapat sehingga dapat diendekkan, tetap mempertahankan tekstur tenun ikat tradisional, dan memadukan unsur lama dan unsur baru secara kreatif."
geometris/G-055-geometris_7.jpg,D:\DISERTASI_S3\WIWIK\DATASET_L2\EndekGAN\EndekGAN_Dataset\geometris\G-055-geometris_7.jpg,geometris,3,a31dcd885beca981947f2a4b8b4abee2,"Motif Endek Geometris berbasis pola segitiga, segi empat, dan bentuk simetris","pola segitiga, segi empat, dan bentuk simetris",distorsi,pola tunggal,irama repetitif; kesatuan ornamen; kesatuan ornamen,warna cerah khas kain upacara Bali,struktur ornamen tidak terlalu rapat sehingga dapat diendekkan,digunakan dalam konteks budaya Bali,"Motif Endek Geometris berbasis pola segitiga, segi empat, dan bentuk simetris. Desain kain Endek Bali bertema geometris yang terinspirasi dari pola segitiga, segi empat, dan bentuk simetris. Motif dibuat menggunakan teknik distorsi, yaitu perubahan bentuk dengan penekanan atau pelebaran proporsi untuk menghasilkan karakter visual yang lebih ekspresif. Tata letak menggunakan pola tunggal, dengan irama repetitif, kesatuan ornamen, dan kesatuan ornamen. Pewarnaan memakai warna cerah khas kain upacara Bali. Desain harus struktur ornamen tidak terlalu rapat sehingga dapat diendekkan, tetap mempertahankan tekstur tenun ikat tradisional, dan digunakan dalam konteks budaya Bali."
geometris/G-056-geometris_38.jpg,D:\DISERTASI_S3\WIWIK\DATASET_L2\EndekGAN\EndekGAN_Dataset\geometris\G-056-geometris_38.jpg,geometris,3,fb5a9c0f10c22a20d054b2e28457f190,"Motif Endek Geometris berbasis pola segitiga, segi empat, dan bentuk simetris","pola segitiga, segi empat, dan bentuk simetris",distorsi,pola ulang menyeluruh,kesatuan ornamen; irama repetitif; kesatuan ornamen,warna merah dan emas yang kontras,mempertahankan karakter tekstur tenun ikat tradisional,digunakan dalam konteks budaya Bali,"Motif Endek Geometris berbasis pola segitiga, segi empat, dan bentuk simetris. Desain kain Endek Bali bertema geometris yang terinspirasi dari pola segitiga, segi empat, dan bentuk simetris. Motif dibuat menggunakan teknik distorsi, yaitu perubahan bentuk dengan penekanan atau pelebaran proporsi untuk menghasilkan karakter visual yang lebih ekspresif. Tata letak menggunakan pola ulang menyeluruh, dengan kesatuan ornamen, irama repetitif, dan kesatuan ornamen. Pewarnaan memakai warna merah dan emas yang kontras. Desain harus mempertahankan karakter tekstur tenun ikat tradisional, tetap mempertahankan tekstur tenun ikat tradisional, dan digunakan dalam konteks budaya Bali."
geometris/G-057-geometris_30.jpg,D:\DISERTASI_S3\WIWIK\DATASET_L2\EndekGAN\EndekGAN_Dataset\geometris\G-057-geometris_30.jpg,geometris,3,5ae219e37d647a790e2ed2328e6397c4,Motif Endek Geometris berbasis komposisi geometris ritmis dengan pengulangan teratur,komposisi geometris ritmis dengan pengulangan teratur,deformasi,pola acak terkontrol,klimaks visual yang jelas; kontras bentuk dan warna; kesatuan ornamen,warna hijau dan kuning yang harmonis,motif tetap terbaca pada skala benang,menjaga kesakralan dan kepantasan motif,"Motif Endek Geometris berbasis komposisi geometris ritmis dengan pengulangan teratur. Desain kain Endek Bali bertema geometris yang terinspirasi dari komposisi geometris ritmis dengan pengulangan teratur. Motif dibuat menggunakan teknik deformasi, yaitu penyederhanaan struktur dan proporsi bentuk asli menjadi bentuk baru yang lebih dekoratif. Tata letak menggunakan pola acak terkontrol, dengan klimaks visual yang jelas, kontras bentuk dan warna, dan kesatuan ornamen. Pewarnaan memakai warna hijau dan kuning yang harmonis. Desain harus motif tetap terbaca pada skala benang, tetap mempertahankan tekstur tenun ikat tradisional, dan menjaga kesakralan dan kepantasan motif."
geometris/G-058-geometris_48.jpg,D:\DISERTASI_S3\WIWIK\DATASET_L2\EndekGAN\EndekGAN_Dataset\geometris\G-058-geometris_48.jpg,geometris,3,3d379bec004c2f507f421d0b1da05d71,Motif Endek Geometris berbasis komposisi geometris ritmis dengan pengulangan teratur,komposisi geometris ritmis dengan pengulangan teratur,deformasi,pola ulang menyeluruh,kontras bentuk dan warna; klimaks visual yang jelas; kesatuan ornamen,"warna biru, hitam, dan putih dengan kontras kuat",layak diterapkan pada proses ikat tenun Endek,memadukan unsur lama dan unsur baru secara kreatif,"Motif Endek Geometris berbasis komposisi geometris ritmis dengan pengulangan teratur. Desain kain Endek Bali bertema geometris yang terinspirasi dari komposisi geometris ritmis dengan pengulangan teratur. Motif dibuat menggunakan teknik deformasi, yaitu penyederhanaan struktur dan proporsi bentuk asli menjadi bentuk baru yang lebih dekoratif. Tata letak menggunakan pola ulang menyeluruh, dengan kontras bentuk dan warna, klimaks visual yang jelas, dan kesatuan ornamen. Pewarnaan memakai warna biru, hitam, dan putih dengan kontras kuat. Desain harus layak diterapkan pada proses ikat tenun Endek, tetap mempertahankan tekstur tenun ikat tradisional, dan memadukan unsur lama dan unsur baru secara kreatif."
